sweep,case,seed,method_id,method,noise_type,severity,accuracy,macro_f1,classification_ce,system_reconstruction_mse,standardized_reconstruction_mse,representation_cosine,prediction_js_divergence,num_samples,num_pixels,sample_ids_sha256,accuracy_absolute_degradation,accuracy_relative_degradation,macro_f1_absolute_degradation,system_reconstruction_mse_increase,standardized_reconstruction_mse_increase
dimension,L64,0,full_bp,BBB,gaussian,0.4,0.5814,0.5665112795736038,1.242324948310852,0.030907161681506097,0.03103987141434027,0.9369511604309082,0.20751860737800598,10000,7840000,4d596e7c4c4f2c1453e2cbc8dfc7889f58e71eb41800f7cc79393e316304fc2b,0.3346,0.36528384279475984,0.34808474735831496,0.027763983174246182,0.027887281941880983
dimension,L64,0,full_bp,BBB,salt_pepper,0.4,0.3588,0.3022887725575174,3.2174532413482666,0.059248891838229435,0.06017351892432388,0.8951979279518127,0.35807549953460693,10000,7840000,4d596e7c4c4f2c1453e2cbc8dfc7889f58e71eb41800f7cc79393e316304fc2b,0.5572,0.608296943231441,0.6123072543744014,0.056105713330969524,0.05702092945186459
dimension,L64,0,full_bp,BBB,pixel_masking,0.4,0.8635,0.8614688941608863,0.43624013662338257,0.029926420211791992,0.030403089647876972,0.9738222360610962,0.04203512892127037,10000,7840000,4d596e7c4c4f2c1453e2cbc8dfc7889f58e71eb41800f7cc79393e316304fc2b,0.05249999999999999,0.05731441048034933,0.053127132771032426,0.026783241704532078,0.027250500175417684
dimension,L64,0,full_hebbian,HHH,gaussian,0.4,0.3127,0.26006371027921454,3.814615249633789,0.06925770571183185,0.06779648318388024,0.9997843503952026,0.3898579180240631,10000,7840000,4d596e7c4c4f2c1453e2cbc8dfc7889f58e71eb41800f7cc79393e316304fc2b,0.5851000000000001,0.6517041657384719,0.6362799783771755,0.05067036635924358,0.049012795335419315
dimension,L64,0,full_hebbian,HHH,salt_pepper,0.4,0.2338,0.15837153667259582,6.419345855712891,0.09993040516133211,0.09967058558561365,0.9996634721755981,0.4680311381816864,10000,7840000,4d596e7c4c4f2c1453e2cbc8dfc7889f58e71eb41800f7cc79393e316304fc2b,0.664,0.7395856538204499,0.7379721519837943,0.08134306580874384,0.08088689773715273
dimension,L64,0,full_hebbian,HHH,pixel_masking,0.4,0.8135,0.8103858900364751,0.6058929562568665,0.039398519103381095,0.04006456114710594,0.999940812587738,0.07060135900974274,10000,7840000,4d596e7c4c4f2c1453e2cbc8dfc7889f58e71eb41800f7cc79393e316304fc2b,0.08430000000000004,0.09389619068834934,0.08595779861991504,0.02081117975079283,0.02128087329864502
dimension,L64,0,hybrid_hhb,HHB,gaussian,0.4,0.5789,0.5473151191367611,1.3387600183486938,0.05502293902027364,0.05886392668120715,0.9152464866638184,0.2059047818183899,10000,7840000,4d596e7c4c4f2c1453e2cbc8dfc7889f58e71eb41800f7cc79393e316304fc2b,0.3398,0.36987046914117777,0.37002749181207384,0.05041440336996195,0.05439033410111252
dimension,L64,0,hybrid_hhb,HHB,salt_pepper,0.4,0.4115,0.33285187139522987,3.2076287269592285,0.0780515602968177,0.08122942612317144,0.8846293687820435,0.3347340226173401,10000,7840000,4d596e7c4c4f2c1453e2cbc8dfc7889f58e71eb41800f7cc79393e316304fc2b,0.5072,0.5520844671818874,0.5844907395536051,0.07344302464650601,0.07675583354307682
dimension,L64,0,hybrid_hhb,HHB,pixel_masking,0.4,0.8243,0.8235669548634604,0.5183769464492798,0.033294939562739156,0.03206472829312694,0.9751230478286743,0.06255770474672318,10000,7840000,4d596e7c4c4f2c1453e2cbc8dfc7889f58e71eb41800f7cc79393e316304fc2b,0.09439999999999993,0.10275389136823765,0.09377565608537453,0.028686403912427473,0.02759113571303231
dimension,L64,0,hybrid_hbb,HBB,gaussian,0.4,0.6357,0.6408025046432556,1.016125202178955,0.03106581072515371,0.030785256623248665,0.9418472647666931,0.17006203532218933,10000,7840000,4d596e7c4c4f2c1453e2cbc8dfc7889f58e71eb41800f7cc79393e316304fc2b,0.27859999999999996,0.30471398884392425,0.27219392046091495,0.027725166256573737,0.027403268787812213
dimension,L64,0,hybrid_hbb,HBB,salt_pepper,0.4,0.4248,0.38539101595241315,2.677546977996826,0.057642274366106305,0.058270158300594406,0.9047964811325073,0.3111027479171753,10000,7840000,4d596e7c4c4f2c1453e2cbc8dfc7889f58e71eb41800f7cc79393e316304fc2b,0.4895,0.5353822596521929,0.5276054091517575,0.054301629897526335,0.054888170465157954
dimension,L64,0,hybrid_hbb,HBB,pixel_masking,0.4,0.8478,0.8453574710798624,0.479493111371994,0.030112345722743444,0.031823765828658125,0.9734832048416138,0.04949585348367691,10000,7840000,4d596e7c4c4f2c1453e2cbc8dfc7889f58e71eb41800f7cc79393e316304fc2b,0.0665,0.07273323854314777,0.0676389540243082,0.02677170125416347,0.028441777993221673
dimension,L64,1,full_bp,BBB,gaussian,0.4,0.6669,0.649095060311847,0.9613147377967834,0.033902529665888574,0.033366419153797386,0.9329267740249634,0.1613691747188568,10000,7840000,4d596e7c4c4f2c1453e2cbc8dfc7889f58e71eb41800f7cc79393e316304fc2b,0.249,0.2718637405830331,0.26567283368776473,0.03078084945776025,0.03014485624323086
dimension,L64,1,full_bp,BBB,salt_pepper,0.4,0.3992,0.3734757567625416,2.231196403503418,0.05840900458511041,0.057743832537592674,0.8965407013893127,0.32392409443855286,10000,7840000,4d596e7c4c4f2c1453e2cbc8dfc7889f58e71eb41800f7cc79393e316304fc2b,0.5167,0.5641445572660772,0.5412921372370703,0.05528732437698208,0.05452226962702615
dimension,L64,1,full_bp,BBB,pixel_masking,0.4,0.8512,0.8491239563588368,0.46714264154434204,0.028219545843163316,0.028462052633324447,0.9742698073387146,0.046280547976493835,10000,7840000,4d596e7c4c4f2c1453e2cbc8dfc7889f58e71eb41800f7cc79393e316304fc2b,0.06470000000000009,0.0706408996615352,0.06564393764077503,0.02509786563503499,0.02524048972275792
dimension,L64,1,full_hebbian,HHH,gaussian,0.4,0.2962,0.23445182409760212,5.397826194763184,0.08135372247501295,0.08086541701336296,0.999626874923706,0.42089515924453735,10000,7840000,4d596e7c4c4f2c1453e2cbc8dfc7889f58e71eb41800f7cc79393e316304fc2b,0.6103999999999999,0.6732848003529671,0.670964968341943,0.06474514578605184,0.06426972565553626
dimension,L64,1,full_hebbian,HHH,salt_pepper,0.4,0.2228,0.1579277400157475,7.413943767547607,0.11213117417316047,0.11136739185878208,0.9994563460350037,0.4845382869243622,10000,7840000,4d596e7c4c4f2c1453e2cbc8dfc7889f58e71eb41800f7cc79393e316304fc2b,0.6838,0.7542466357820428,0.7474890524237976,0.09552259748419936,0.09477170050095537
dimension,L64,1,full_hebbian,HHH,pixel_masking,0.4,0.8069,0.80556362082867,0.5892175436019897,0.03944500795481156,0.03850544336669299,0.9999375939369202,0.07178482413291931,10000,7840000,4d596e7c4c4f2c1453e2cbc8dfc7889f58e71eb41800f7cc79393e316304fc2b,0.09970000000000001,0.10997132142069271,0.09985317161087515,0.022836431265850454,0.021909752008866287
dimension,L64,1,hybrid_hhb,HHB,gaussian,0.4,0.459,0.43582681668455886,2.807598829269409,0.052331351556583326,0.06895376079325773,0.8917701244354248,0.2975982129573822,10000,7840000,4d596e7c4c4f2c1453e2cbc8dfc7889f58e71eb41800f7cc79393e316304fc2b,0.4573,0.49907235621521334,0.4792364146576587,0.04742720856763879,0.06416656961830294
dimension,L64,1,hybrid_hhb,HHB,salt_pepper,0.4,0.3738,0.29882745793909915,4.320461750030518,0.07525573060171944,0.09354425793083347,0.8636949062347412,0.36616361141204834,10000,7840000,4d596e7c4c4f2c1453e2cbc8dfc7889f58e71eb41800f7cc79393e316304fc2b,0.5425,0.5920550038197097,0.6162357734031184,0.07035158761277491,0.08875706675587869
dimension,L64,1,hybrid_hhb,HHB,pixel_masking,0.4,0.8167,0.8161773050480386,0.5540758967399597,0.03559675661982322,0.034147807031748245,0.9731719493865967,0.0698615163564682,10000,7840000,4d596e7c4c4f2c1453e2cbc8dfc7889f58e71eb41800f7cc79393e316304fc2b,0.09960000000000002,0.10869802466441124,0.09888592629417892,0.03069261363087868,0.029360615856793462
dimension,L64,1,hybrid_hbb,HBB,gaussian,0.4,0.6473,0.6430740071295883,1.0102914571762085,0.03338767957103496,0.03372037106728067,0.9335256814956665,0.1708202362060547,10000,7840000,4d596e7c4c4f2c1453e2cbc8dfc7889f58e71eb41800f7cc79393e316304fc2b,0.2702,0.29449591280653953,0.2734012929271783,0.03027011023686857,0.03053083524606666
dimension,L64,1,hybrid_hbb,HBB,salt_pepper,0.4,0.3651,0.29758710419145995,3.503396511077881,0.059916501718637896,0.06160659215498944,0.8977751731872559,0.3599696159362793,10000,7840000,4d596e7c4c4f2c1453e2cbc8dfc7889f58e71eb41800f7cc79393e316304fc2b,0.5524,0.6020708446866485,0.6188881958653066,0.05679893238447151,0.058417056333775426
dimension,L64,1,hybrid_hbb,HBB,pixel_masking,0.4,0.8479,0.8481846582526099,0.4782562553882599,0.03195172896093252,0.03438887706678741,0.9723455905914307,0.04989513382315636,10000,7840000,4d596e7c4c4f2c1453e2cbc8dfc7889f58e71eb41800f7cc79393e316304fc2b,0.0696,0.075858310626703,0.06829064180415667,0.02883415962676613,0.031199341245573393
dimension,L64,2,full_bp,BBB,gaussian,0.4,0.5002,0.4549468490483816,1.6903369426727295,0.034630698316924426,0.03553817883705606,0.9112914800643921,0.2616150975227356,10000,7840000,4d596e7c4c4f2c1453e2cbc8dfc7889f58e71eb41800f7cc79393e316304fc2b,0.4185,0.45553499510177425,0.46239894474727433,0.03179425696037254,0.03279336874022776
dimension,L64,2,full_bp,BBB,salt_pepper,0.4,0.2916,0.2127726679771002,3.8032655715942383,0.06084072896996323,0.06286027770528987,0.8639359474182129,0.41616830229759216,10000,7840000,4d596e7c4c4f2c1453e2cbc8dfc7889f58e71eb41800f7cc79393e316304fc2b,0.6271,0.6825949711548928,0.7045731258185557,0.058004287613411344,0.06011546760846157
dimension,L64,2,full_bp,BBB,pixel_masking,0.4,0.8466,0.8432297390601026,0.47430258989334106,0.02575222242705676,0.027981052149558552,0.971393346786499,0.050053343176841736,10000,7840000,4d596e7c4c4f2c1453e2cbc8dfc7889f58e71eb41800f7cc79393e316304fc2b,0.07209999999999994,0.07848046152171541,0.07411605473555338,0.02291578107050487,0.025236242052730246
dimension,L64,2,full_hebbian,HHH,gaussian,0.4,0.5236,0.4848922470431374,2.415823459625244,0.07318060366572166,0.0727028533701994,0.9997760057449341,0.2399684339761734,10000,7840000,4d596e7c4c4f2c1453e2cbc8dfc7889f58e71eb41800f7cc79393e316304fc2b,0.3628,0.40929602888086647,0.4000574408239409,0.05293038713494125,0.05231608348768585
dimension,L64,2,full_hebbian,HHH,salt_pepper,0.4,0.3748,0.33342213951063293,3.9821739196777344,0.10082748889533841,0.10161938325531629,0.9996520280838013,0.3529617488384247,10000,7840000,4d596e7c4c4f2c1453e2cbc8dfc7889f58e71eb41800f7cc79393e316304fc2b,0.5115999999999999,0.5771660649819494,0.5515275483564454,0.080577272364558,0.08123261337280274
dimension,L64,2,full_hebbian,HHH,pixel_masking,0.4,0.795,0.7906997673078863,0.6271711587905884,0.04063589799452801,0.04063527179640167,0.9999436736106873,0.070426344871521,10000,7840000,4d596e7c4c4f2c1453e2cbc8dfc7889f58e71eb41800f7cc79393e316304fc2b,0.09139999999999993,0.10311371841155227,0.09424992055919201,0.02038568146374761,0.020248501913888117
dimension,L64,2,hybrid_hhb,HHB,gaussian,0.4,0.5318,0.4884244281374085,1.7185600996017456,0.054048222101951135,0.053026651654924664,0.9121642708778381,0.24549303948879242,10000,7840000,4d596e7c4c4f2c1453e2cbc8dfc7889f58e71eb41800f7cc79393e316304fc2b,0.3877999999999999,0.4217050891692039,0.42992840017804757,0.04970408814829223,0.048777675295849234
dimension,L64,2,hybrid_hhb,HHB,salt_pepper,0.4,0.343,0.2971328788025617,3.5679116249084473,0.07980090608402174,0.07907672082550672,0.8813202977180481,0.38484451174736023,10000,7840000,4d596e7c4c4f2c1453e2cbc8dfc7889f58e71eb41800f7cc79393e316304fc2b,0.5766,0.6270117442366246,0.6212199495128944,0.07545677213036284,0.0748277444664313
dimension,L64,2,hybrid_hhb,HHB,pixel_masking,0.4,0.8409,0.8409047828094893,0.495284765958786,0.031442039618200184,0.03358762244399713,0.9734082221984863,0.05966649949550629,10000,7840000,4d596e7c4c4f2c1453e2cbc8dfc7889f58e71eb41800f7cc79393e316304fc2b,0.07869999999999999,0.0855806872553284,0.07744804550596673,0.02709790566454128,0.029338646084921698
dimension,L64,2,hybrid_hbb,HBB,gaussian,0.4,0.685,0.6895234018356037,0.9045093655586243,0.033020889644233546,0.032454866747953455,0.9275030493736267,0.14742031693458557,10000,7840000,4d596e7c4c4f2c1453e2cbc8dfc7889f58e71eb41800f7cc79393e316304fc2b,0.22939999999999994,0.2508748906386701,0.2237777221635069,0.030216094596531923,0.02971450520437591
dimension,L64,2,hybrid_hbb,HBB,salt_pepper,0.4,0.2851,0.24200724084564834,4.257847785949707,0.06146507221922583,0.06306922483638841,0.8826357126235962,0.41478782892227173,10000,7840000,4d596e7c4c4f2c1453e2cbc8dfc7889f58e71eb41800f7cc79393e316304fc2b,0.6293,0.6882108486439195,0.6712938831534623,0.05866027717152421,0.06032886329281086
dimension,L64,2,hybrid_hbb,HBB,pixel_masking,0.4,0.8485,0.8473602076297801,0.4748764634132385,0.02996307997800866,0.03392464652548031,0.9695066213607788,0.04934009537100792,10000,7840000,4d596e7c4c4f2c1453e2cbc8dfc7889f58e71eb41800f7cc79393e316304fc2b,0.06589999999999996,0.0720691163604549,0.06594091636933042,0.027158284930307038,0.031184284981902764
dimension,L64,3,full_bp,BBB,gaussian,0.4,0.6445,0.6394927179831285,1.0241528749465942,0.032124748416822786,0.03190117195674351,0.9259676933288574,0.17212924361228943,10000,7840000,4d596e7c4c4f2c1453e2cbc8dfc7889f58e71eb41800f7cc79393e316304fc2b,0.26760000000000006,0.2933888827979389,0.2713100003825254,0.02925215649507484,0.02895713549414459
dimension,L64,3,full_bp,BBB,salt_pepper,0.4,0.2756,0.2142479207980091,4.328769207000732,0.06368528087382413,0.0634918536205681,0.8780771493911743,0.42115992307662964,10000,7840000,4d596e7c4c4f2c1453e2cbc8dfc7889f58e71eb41800f7cc79393e316304fc2b,0.6365000000000001,0.6978401491064576,0.6965547975676447,0.060812688952076185,0.06054781715796918
dimension,L64,3,full_bp,BBB,pixel_masking,0.4,0.837,0.8356187078651042,0.5011119246482849,0.029549468332407427,0.03384697670450016,0.9712891578674316,0.055009692907333374,10000,7840000,4d596e7c4c4f2c1453e2cbc8dfc7889f58e71eb41800f7cc79393e316304fc2b,0.07510000000000006,0.0823374629974784,0.07518401050054968,0.02667687641065948,0.030902940241901242
dimension,L64,3,full_hebbian,HHH,gaussian,0.4,0.376,0.34570833837103443,3.5285391807556152,0.06797167988991251,0.06298789583322953,0.9997772574424744,0.3424321115016937,10000,7840000,4d596e7c4c4f2c1453e2cbc8dfc7889f58e71eb41800f7cc79393e316304fc2b,0.513,0.5770528683914511,0.5418598584739293,0.048329389813481546,0.04336390276928337
dimension,L64,3,full_hebbian,HHH,salt_pepper,0.4,0.2974,0.2654489645511209,4.625582218170166,0.09376399338391363,0.08698889188182597,0.9996852278709412,0.40208378434181213,10000,7840000,4d596e7c4c4f2c1453e2cbc8dfc7889f58e71eb41800f7cc79393e316304fc2b,0.5916,0.6654668166479191,0.6221192322938428,0.07412170330748266,0.06736489881787981
dimension,L64,3,full_hebbian,HHH,pixel_masking,0.4,0.7919,0.7906045847534606,0.6345892548561096,0.0390243542496039,0.04139650567502392,0.9999455809593201,0.07356034964323044,10000,7840000,4d596e7c4c4f2c1453e2cbc8dfc7889f58e71eb41800f7cc79393e316304fc2b,0.09709999999999996,0.10922384701912256,0.09696361209150306,0.019382064173172935,0.02177251261107776
dimension,L64,3,hybrid_hhb,HHB,gaussian,0.4,0.4388,0.41734077517388535,2.1802878379821777,0.047427151247919824,0.05354342914503448,0.9149738550186157,0.2998855710029602,10000,7840000,4d596e7c4c4f2c1453e2cbc8dfc7889f58e71eb41800f7cc79393e316304fc2b,0.4852,0.5251082251082251,0.5056084735012245,0.04300991870675768,0.049264276849007124
dimension,L64,3,hybrid_hhb,HHB,salt_pepper,0.4,0.287,0.24394890893262425,4.496424198150635,0.07287967368923888,0.08077165707957988,0.8814274668693542,0.42169615626335144,10000,7840000,4d596e7c4c4f2c1453e2cbc8dfc7889f58e71eb41800f7cc79393e316304fc2b,0.637,0.6893939393939393,0.6790003397424856,0.06846244114807674,0.07649250478355252
dimension,L64,3,hybrid_hhb,HHB,pixel_masking,0.4,0.8183,0.8150974228339025,0.5363538861274719,0.03215681293643251,0.032101175771440775,0.9736371040344238,0.06870102882385254,10000,7840000,4d596e7c4c4f2c1453e2cbc8dfc7889f58e71eb41800f7cc79393e316304fc2b,0.10570000000000002,0.11439393939393941,0.10785182584120734,0.02773958039527037,0.027822023475413418
dimension,L64,3,hybrid_hbb,HBB,gaussian,0.4,0.7128,0.7096890489198501,0.8548242449760437,0.03264956083492357,0.03262097930129693,0.9304154515266418,0.13930223882198334,10000,7840000,4d596e7c4c4f2c1453e2cbc8dfc7889f58e71eb41800f7cc79393e316304fc2b,0.20510000000000006,0.2234448196971348,0.2068100353515543,0.0296871429479852,0.02967734011144054
dimension,L64,3,hybrid_hbb,HBB,salt_pepper,0.4,0.3942,0.35999176858527937,2.722686767578125,0.06060150797318439,0.06231643062513702,0.8944199085235596,0.3332003951072693,10000,7840000,4d596e7c4c4f2c1453e2cbc8dfc7889f58e71eb41800f7cc79393e316304fc2b,0.5237,0.5705414533173548,0.556507315686125,0.05763909008624603,0.059372791435280625
dimension,L64,3,hybrid_hbb,HBB,pixel_masking,0.4,0.8604,0.8583162789862122,0.44696035981178284,0.030356448909214566,0.03161397558718312,0.972266435623169,0.045580748468637466,10000,7840000,4d596e7c4c4f2c1453e2cbc8dfc7889f58e71eb41800f7cc79393e316304fc2b,0.057499999999999996,0.06264298943240003,0.05818280528519215,0.027394031022276197,0.028670336397326725
dimension,L64,4,full_bp,BBB,gaussian,0.4,0.5742,0.53614924362039,1.298333764076233,0.03625949294031883,0.035241923433420606,0.9331942200660706,0.21068266034126282,10000,7840000,4d596e7c4c4f2c1453e2cbc8dfc7889f58e71eb41800f7cc79393e316304fc2b,0.34229999999999994,0.3734860883797053,0.37879635000197587,0.032227873671298125,0.031133076481916464
dimension,L64,4,full_bp,BBB,salt_pepper,0.4,0.4558,0.4304538417286615,1.7896146774291992,0.06076848114947883,0.060014046524982066,0.8920503854751587,0.2824263274669647,10000,7840000,4d596e7c4c4f2c1453e2cbc8dfc7889f58e71eb41800f7cc79393e316304fc2b,0.4607,0.5026732133115112,0.4844917518937043,0.05673686188045813,0.05590519957347792
dimension,L64,4,full_bp,BBB,pixel_masking,0.4,0.828,0.8280063192054328,0.5070063471794128,0.02659838884703967,0.028365372062216,0.9782586097717285,0.05785230174660683,10000,7840000,4d596e7c4c4f2c1453e2cbc8dfc7889f58e71eb41800f7cc79393e316304fc2b,0.08850000000000002,0.0965630114566285,0.08693927441693305,0.022566769578018966,0.024256525110711857
dimension,L64,4,full_hebbian,HHH,gaussian,0.4,0.3866,0.3081698377056639,3.1696937084198,0.06574506371945751,0.06604736005822007,0.9996779561042786,0.33872371912002563,10000,7840000,4d596e7c4c4f2c1453e2cbc8dfc7889f58e71eb41800f7cc79393e316304fc2b,0.5041,0.5659593578084652,0.5811997578498669,0.04833337161200388,0.047993326685379964
dimension,L64,4,full_hebbian,HHH,salt_pepper,0.4,0.2948,0.20747195595393025,5.025668144226074,0.09264689497655752,0.09289748581866829,0.9995218515396118,0.4141272008419037,10000,7840000,4d596e7c4c4f2c1453e2cbc8dfc7889f58e71eb41800f7cc79393e316304fc2b,0.5959000000000001,0.6690243628606715,0.6818976396016005,0.07523520286910389,0.07484345244582818
dimension,L64,4,full_hebbian,HHH,pixel_masking,0.4,0.8042,0.8005665866842305,0.6241458058357239,0.040100401146557864,0.04007347766720519,0.9999297857284546,0.06953583657741547,10000,7840000,4d596e7c4c4f2c1453e2cbc8dfc7889f58e71eb41800f7cc79393e316304fc2b,0.08650000000000002,0.09711462894352758,0.08880300887130022,0.022688709039104225,0.022019444294365087
dimension,L64,4,hybrid_hhb,HHB,gaussian,0.4,0.4499,0.359696024369635,2.6068320274353027,0.05192004360276826,0.056251260064572706,0.9173446297645569,0.3060491681098938,10000,7840000,4d596e7c4c4f2c1453e2cbc8dfc7889f58e71eb41800f7cc79393e316304fc2b,0.47079999999999994,0.5113500597371564,0.5596857765192018,0.0469588485941595,0.05119743679786215
dimension,L64,4,hybrid_hhb,HHB,salt_pepper,0.4,0.3498,0.26170084243801944,5.040139675140381,0.07377908072958188,0.08027337577197016,0.8820167779922485,0.3927049934864044,10000,7840000,4d596e7c4c4f2c1453e2cbc8dfc7889f58e71eb41800f7cc79393e316304fc2b,0.5709,0.6200716845878136,0.6576809584508174,0.06881788572097312,0.07521955250525961
dimension,L64,4,hybrid_hhb,HHB,pixel_masking,0.4,0.8352,0.8335330412536257,0.504310131072998,0.03372957987493398,0.03252559534189652,0.9732075333595276,0.05821160972118378,10000,7840000,4d596e7c4c4f2c1453e2cbc8dfc7889f58e71eb41800f7cc79393e316304fc2b,0.08549999999999991,0.09286412512218954,0.0858487596352111,0.02876838486632522,0.027471772075185967
dimension,L64,4,hybrid_hbb,HBB,gaussian,0.4,0.695,0.6891555584213711,0.9023001790046692,0.03146699926804523,0.03052029815985232,0.9375082850456238,0.14765489101409912,10000,7840000,4d596e7c4c4f2c1453e2cbc8dfc7889f58e71eb41800f7cc79393e316304fc2b,0.2228,0.2427544127260841,0.2273250883278255,0.02734242925206009,0.026215159308180518
dimension,L64,4,hybrid_hbb,HBB,salt_pepper,0.4,0.5386,0.5383146138972592,1.410965919494629,0.057241198169941804,0.05622949951327577,0.8995704054832458,0.23549871146678925,10000,7840000,4d596e7c4c4f2c1453e2cbc8dfc7889f58e71eb41800f7cc79393e316304fc2b,0.3792,0.4131619089126171,0.3781660328519374,0.053116628153956666,0.05192436066160397
dimension,L64,4,hybrid_hbb,HBB,pixel_masking,0.4,0.833,0.8338183104795596,0.5055966973304749,0.03191085306284379,0.03218816065496328,0.9763503670692444,0.05906219407916069,10000,7840000,4d596e7c4c4f2c1453e2cbc8dfc7889f58e71eb41800f7cc79393e316304fc2b,0.08479999999999999,0.0923948572673785,0.08266233626963704,0.02778628304685865,0.027883021803291476
architecture,balanced,0,full_bp,BBB,gaussian,0.4,0.5814,0.5665112795736038,1.242324948310852,0.030907161681506097,0.03103987141434027,0.9369511604309082,0.20751860737800598,10000,7840000,4d596e7c4c4f2c1453e2cbc8dfc7889f58e71eb41800f7cc79393e316304fc2b,0.3346,0.36528384279475984,0.34808474735831496,0.027763983174246182,0.027887281941880983
architecture,balanced,0,full_bp,BBB,salt_pepper,0.4,0.3588,0.3022887725575174,3.2174532413482666,0.059248891838229435,0.06017351892432388,0.8951979279518127,0.35807549953460693,10000,7840000,4d596e7c4c4f2c1453e2cbc8dfc7889f58e71eb41800f7cc79393e316304fc2b,0.5572,0.608296943231441,0.6123072543744014,0.056105713330969524,0.05702092945186459
architecture,balanced,0,full_bp,BBB,pixel_masking,0.4,0.8635,0.8614688941608863,0.43624013662338257,0.029926420211791992,0.030403089647876972,0.9738222360610962,0.04203512892127037,10000,7840000,4d596e7c4c4f2c1453e2cbc8dfc7889f58e71eb41800f7cc79393e316304fc2b,0.05249999999999999,0.05731441048034933,0.053127132771032426,0.026783241704532078,0.027250500175417684
architecture,balanced,0,full_hebbian,HHH,gaussian,0.4,0.3127,0.26006371027921454,3.814615249633789,0.06925770571183185,0.06779648318388024,0.9997843503952026,0.3898579180240631,10000,7840000,4d596e7c4c4f2c1453e2cbc8dfc7889f58e71eb41800f7cc79393e316304fc2b,0.5851000000000001,0.6517041657384719,0.6362799783771755,0.05067036635924358,0.049012795335419315
architecture,balanced,0,full_hebbian,HHH,salt_pepper,0.4,0.2338,0.15837153667259582,6.419345855712891,0.09993040516133211,0.09967058558561365,0.9996634721755981,0.4680311381816864,10000,7840000,4d596e7c4c4f2c1453e2cbc8dfc7889f58e71eb41800f7cc79393e316304fc2b,0.664,0.7395856538204499,0.7379721519837943,0.08134306580874384,0.08088689773715273
architecture,balanced,0,full_hebbian,HHH,pixel_masking,0.4,0.8135,0.8103858900364751,0.6058929562568665,0.039398519103381095,0.04006456114710594,0.999940812587738,0.07060135900974274,10000,7840000,4d596e7c4c4f2c1453e2cbc8dfc7889f58e71eb41800f7cc79393e316304fc2b,0.08430000000000004,0.09389619068834934,0.08595779861991504,0.02081117975079283,0.02128087329864502
architecture,balanced,0,hybrid_hhb,HHB,gaussian,0.4,0.5789,0.5473151191367611,1.3387600183486938,0.05502293902027364,0.05886392668120715,0.9152464866638184,0.2059047818183899,10000,7840000,4d596e7c4c4f2c1453e2cbc8dfc7889f58e71eb41800f7cc79393e316304fc2b,0.3398,0.36987046914117777,0.37002749181207384,0.05041440336996195,0.05439033410111252
architecture,balanced,0,hybrid_hhb,HHB,salt_pepper,0.4,0.4115,0.33285187139522987,3.2076287269592285,0.0780515602968177,0.08122942612317144,0.8846293687820435,0.3347340226173401,10000,7840000,4d596e7c4c4f2c1453e2cbc8dfc7889f58e71eb41800f7cc79393e316304fc2b,0.5072,0.5520844671818874,0.5844907395536051,0.07344302464650601,0.07675583354307682
architecture,balanced,0,hybrid_hhb,HHB,pixel_masking,0.4,0.8243,0.8235669548634604,0.5183769464492798,0.033294939562739156,0.03206472829312694,0.9751230478286743,0.06255770474672318,10000,7840000,4d596e7c4c4f2c1453e2cbc8dfc7889f58e71eb41800f7cc79393e316304fc2b,0.09439999999999993,0.10275389136823765,0.09377565608537453,0.028686403912427473,0.02759113571303231
architecture,balanced,0,hybrid_hbb,HBB,gaussian,0.4,0.6357,0.6408025046432556,1.016125202178955,0.03106581072515371,0.030785256623248665,0.9418472647666931,0.17006203532218933,10000,7840000,4d596e7c4c4f2c1453e2cbc8dfc7889f58e71eb41800f7cc79393e316304fc2b,0.27859999999999996,0.30471398884392425,0.27219392046091495,0.027725166256573737,0.027403268787812213
architecture,balanced,0,hybrid_hbb,HBB,salt_pepper,0.4,0.4248,0.38539101595241315,2.677546977996826,0.057642274366106305,0.058270158300594406,0.9047964811325073,0.3111027479171753,10000,7840000,4d596e7c4c4f2c1453e2cbc8dfc7889f58e71eb41800f7cc79393e316304fc2b,0.4895,0.5353822596521929,0.5276054091517575,0.054301629897526335,0.054888170465157954
architecture,balanced,0,hybrid_hbb,HBB,pixel_masking,0.4,0.8478,0.8453574710798624,0.479493111371994,0.030112345722743444,0.031823765828658125,0.9734832048416138,0.04949585348367691,10000,7840000,4d596e7c4c4f2c1453e2cbc8dfc7889f58e71eb41800f7cc79393e316304fc2b,0.0665,0.07273323854314777,0.0676389540243082,0.02677170125416347,0.028441777993221673
architecture,balanced,1,full_bp,BBB,gaussian,0.4,0.6669,0.649095060311847,0.9613147377967834,0.033902529665888574,0.033366419153797386,0.9329267740249634,0.1613691747188568,10000,7840000,4d596e7c4c4f2c1453e2cbc8dfc7889f58e71eb41800f7cc79393e316304fc2b,0.249,0.2718637405830331,0.26567283368776473,0.03078084945776025,0.03014485624323086
architecture,balanced,1,full_bp,BBB,salt_pepper,0.4,0.3992,0.3734757567625416,2.231196403503418,0.05840900458511041,0.057743832537592674,0.8965407013893127,0.32392409443855286,10000,7840000,4d596e7c4c4f2c1453e2cbc8dfc7889f58e71eb41800f7cc79393e316304fc2b,0.5167,0.5641445572660772,0.5412921372370703,0.05528732437698208,0.05452226962702615
architecture,balanced,1,full_bp,BBB,pixel_masking,0.4,0.8512,0.8491239563588368,0.46714264154434204,0.028219545843163316,0.028462052633324447,0.9742698073387146,0.046280547976493835,10000,7840000,4d596e7c4c4f2c1453e2cbc8dfc7889f58e71eb41800f7cc79393e316304fc2b,0.06470000000000009,0.0706408996615352,0.06564393764077503,0.02509786563503499,0.02524048972275792
architecture,balanced,1,full_hebbian,HHH,gaussian,0.4,0.2962,0.23445182409760212,5.397826194763184,0.08135372247501295,0.08086541701336296,0.999626874923706,0.42089515924453735,10000,7840000,4d596e7c4c4f2c1453e2cbc8dfc7889f58e71eb41800f7cc79393e316304fc2b,0.6103999999999999,0.6732848003529671,0.670964968341943,0.06474514578605184,0.06426972565553626
architecture,balanced,1,full_hebbian,HHH,salt_pepper,0.4,0.2228,0.1579277400157475,7.413943767547607,0.11213117417316047,0.11136739185878208,0.9994563460350037,0.4845382869243622,10000,7840000,4d596e7c4c4f2c1453e2cbc8dfc7889f58e71eb41800f7cc79393e316304fc2b,0.6838,0.7542466357820428,0.7474890524237976,0.09552259748419936,0.09477170050095537
architecture,balanced,1,full_hebbian,HHH,pixel_masking,0.4,0.8069,0.80556362082867,0.5892175436019897,0.03944500795481156,0.03850544336669299,0.9999375939369202,0.07178482413291931,10000,7840000,4d596e7c4c4f2c1453e2cbc8dfc7889f58e71eb41800f7cc79393e316304fc2b,0.09970000000000001,0.10997132142069271,0.09985317161087515,0.022836431265850454,0.021909752008866287
architecture,balanced,1,hybrid_hhb,HHB,gaussian,0.4,0.459,0.43582681668455886,2.807598829269409,0.052331351556583326,0.06895376079325773,0.8917701244354248,0.2975982129573822,10000,7840000,4d596e7c4c4f2c1453e2cbc8dfc7889f58e71eb41800f7cc79393e316304fc2b,0.4573,0.49907235621521334,0.4792364146576587,0.04742720856763879,0.06416656961830294
architecture,balanced,1,hybrid_hhb,HHB,salt_pepper,0.4,0.3738,0.29882745793909915,4.320461750030518,0.07525573060171944,0.09354425793083347,0.8636949062347412,0.36616361141204834,10000,7840000,4d596e7c4c4f2c1453e2cbc8dfc7889f58e71eb41800f7cc79393e316304fc2b,0.5425,0.5920550038197097,0.6162357734031184,0.07035158761277491,0.08875706675587869
architecture,balanced,1,hybrid_hhb,HHB,pixel_masking,0.4,0.8167,0.8161773050480386,0.5540758967399597,0.03559675661982322,0.034147807031748245,0.9731719493865967,0.0698615163564682,10000,7840000,4d596e7c4c4f2c1453e2cbc8dfc7889f58e71eb41800f7cc79393e316304fc2b,0.09960000000000002,0.10869802466441124,0.09888592629417892,0.03069261363087868,0.029360615856793462
architecture,balanced,1,hybrid_hbb,HBB,gaussian,0.4,0.6473,0.6430740071295883,1.0102914571762085,0.03338767957103496,0.03372037106728067,0.9335256814956665,0.1708202362060547,10000,7840000,4d596e7c4c4f2c1453e2cbc8dfc7889f58e71eb41800f7cc79393e316304fc2b,0.2702,0.29449591280653953,0.2734012929271783,0.03027011023686857,0.03053083524606666
architecture,balanced,1,hybrid_hbb,HBB,salt_pepper,0.4,0.3651,0.29758710419145995,3.503396511077881,0.059916501718637896,0.06160659215498944,0.8977751731872559,0.3599696159362793,10000,7840000,4d596e7c4c4f2c1453e2cbc8dfc7889f58e71eb41800f7cc79393e316304fc2b,0.5524,0.6020708446866485,0.6188881958653066,0.05679893238447151,0.058417056333775426
architecture,balanced,1,hybrid_hbb,HBB,pixel_masking,0.4,0.8479,0.8481846582526099,0.4782562553882599,0.03195172896093252,0.03438887706678741,0.9723455905914307,0.04989513382315636,10000,7840000,4d596e7c4c4f2c1453e2cbc8dfc7889f58e71eb41800f7cc79393e316304fc2b,0.0696,0.075858310626703,0.06829064180415667,0.02883415962676613,0.031199341245573393
architecture,balanced,2,full_bp,BBB,gaussian,0.4,0.5002,0.4549468490483816,1.6903369426727295,0.034630698316924426,0.03553817883705606,0.9112914800643921,0.2616150975227356,10000,7840000,4d596e7c4c4f2c1453e2cbc8dfc7889f58e71eb41800f7cc79393e316304fc2b,0.4185,0.45553499510177425,0.46239894474727433,0.03179425696037254,0.03279336874022776
architecture,balanced,2,full_bp,BBB,salt_pepper,0.4,0.2916,0.2127726679771002,3.8032655715942383,0.06084072896996323,0.06286027770528987,0.8639359474182129,0.41616830229759216,10000,7840000,4d596e7c4c4f2c1453e2cbc8dfc7889f58e71eb41800f7cc79393e316304fc2b,0.6271,0.6825949711548928,0.7045731258185557,0.058004287613411344,0.06011546760846157
architecture,balanced,2,full_bp,BBB,pixel_masking,0.4,0.8466,0.8432297390601026,0.47430258989334106,0.02575222242705676,0.027981052149558552,0.971393346786499,0.050053343176841736,10000,7840000,4d596e7c4c4f2c1453e2cbc8dfc7889f58e71eb41800f7cc79393e316304fc2b,0.07209999999999994,0.07848046152171541,0.07411605473555338,0.02291578107050487,0.025236242052730246
architecture,balanced,2,full_hebbian,HHH,gaussian,0.4,0.5236,0.4848922470431374,2.415823459625244,0.07318060366572166,0.0727028533701994,0.9997760057449341,0.2399684339761734,10000,7840000,4d596e7c4c4f2c1453e2cbc8dfc7889f58e71eb41800f7cc79393e316304fc2b,0.3628,0.40929602888086647,0.4000574408239409,0.05293038713494125,0.05231608348768585
architecture,balanced,2,full_hebbian,HHH,salt_pepper,0.4,0.3748,0.33342213951063293,3.9821739196777344,0.10082748889533841,0.10161938325531629,0.9996520280838013,0.3529617488384247,10000,7840000,4d596e7c4c4f2c1453e2cbc8dfc7889f58e71eb41800f7cc79393e316304fc2b,0.5115999999999999,0.5771660649819494,0.5515275483564454,0.080577272364558,0.08123261337280274
architecture,balanced,2,full_hebbian,HHH,pixel_masking,0.4,0.795,0.7906997673078863,0.6271711587905884,0.04063589799452801,0.04063527179640167,0.9999436736106873,0.070426344871521,10000,7840000,4d596e7c4c4f2c1453e2cbc8dfc7889f58e71eb41800f7cc79393e316304fc2b,0.09139999999999993,0.10311371841155227,0.09424992055919201,0.02038568146374761,0.020248501913888117
architecture,balanced,2,hybrid_hhb,HHB,gaussian,0.4,0.5318,0.4884244281374085,1.7185600996017456,0.054048222101951135,0.053026651654924664,0.9121642708778381,0.24549303948879242,10000,7840000,4d596e7c4c4f2c1453e2cbc8dfc7889f58e71eb41800f7cc79393e316304fc2b,0.3877999999999999,0.4217050891692039,0.42992840017804757,0.04970408814829223,0.048777675295849234
architecture,balanced,2,hybrid_hhb,HHB,salt_pepper,0.4,0.343,0.2971328788025617,3.5679116249084473,0.07980090608402174,0.07907672082550672,0.8813202977180481,0.38484451174736023,10000,7840000,4d596e7c4c4f2c1453e2cbc8dfc7889f58e71eb41800f7cc79393e316304fc2b,0.5766,0.6270117442366246,0.6212199495128944,0.07545677213036284,0.0748277444664313
architecture,balanced,2,hybrid_hhb,HHB,pixel_masking,0.4,0.8409,0.8409047828094893,0.495284765958786,0.031442039618200184,0.03358762244399713,0.9734082221984863,0.05966649949550629,10000,7840000,4d596e7c4c4f2c1453e2cbc8dfc7889f58e71eb41800f7cc79393e316304fc2b,0.07869999999999999,0.0855806872553284,0.07744804550596673,0.02709790566454128,0.029338646084921698
architecture,balanced,2,hybrid_hbb,HBB,gaussian,0.4,0.685,0.6895234018356037,0.9045093655586243,0.033020889644233546,0.032454866747953455,0.9275030493736267,0.14742031693458557,10000,7840000,4d596e7c4c4f2c1453e2cbc8dfc7889f58e71eb41800f7cc79393e316304fc2b,0.22939999999999994,0.2508748906386701,0.2237777221635069,0.030216094596531923,0.02971450520437591
architecture,balanced,2,hybrid_hbb,HBB,salt_pepper,0.4,0.2851,0.24200724084564834,4.257847785949707,0.06146507221922583,0.06306922483638841,0.8826357126235962,0.41478782892227173,10000,7840000,4d596e7c4c4f2c1453e2cbc8dfc7889f58e71eb41800f7cc79393e316304fc2b,0.6293,0.6882108486439195,0.6712938831534623,0.05866027717152421,0.06032886329281086
architecture,balanced,2,hybrid_hbb,HBB,pixel_masking,0.4,0.8485,0.8473602076297801,0.4748764634132385,0.02996307997800866,0.03392464652548031,0.9695066213607788,0.04934009537100792,10000,7840000,4d596e7c4c4f2c1453e2cbc8dfc7889f58e71eb41800f7cc79393e316304fc2b,0.06589999999999996,0.0720691163604549,0.06594091636933042,0.027158284930307038,0.031184284981902764
architecture,balanced,3,full_bp,BBB,gaussian,0.4,0.6445,0.6394927179831285,1.0241528749465942,0.032124748416822786,0.03190117195674351,0.9259676933288574,0.17212924361228943,10000,7840000,4d596e7c4c4f2c1453e2cbc8dfc7889f58e71eb41800f7cc79393e316304fc2b,0.26760000000000006,0.2933888827979389,0.2713100003825254,0.02925215649507484,0.02895713549414459
architecture,balanced,3,full_bp,BBB,salt_pepper,0.4,0.2756,0.2142479207980091,4.328769207000732,0.06368528087382413,0.0634918536205681,0.8780771493911743,0.42115992307662964,10000,7840000,4d596e7c4c4f2c1453e2cbc8dfc7889f58e71eb41800f7cc79393e316304fc2b,0.6365000000000001,0.6978401491064576,0.6965547975676447,0.060812688952076185,0.06054781715796918
architecture,balanced,3,full_bp,BBB,pixel_masking,0.4,0.837,0.8356187078651042,0.5011119246482849,0.029549468332407427,0.03384697670450016,0.9712891578674316,0.055009692907333374,10000,7840000,4d596e7c4c4f2c1453e2cbc8dfc7889f58e71eb41800f7cc79393e316304fc2b,0.07510000000000006,0.0823374629974784,0.07518401050054968,0.02667687641065948,0.030902940241901242
architecture,balanced,3,full_hebbian,HHH,gaussian,0.4,0.376,0.34570833837103443,3.5285391807556152,0.06797167988991251,0.06298789583322953,0.9997772574424744,0.3424321115016937,10000,7840000,4d596e7c4c4f2c1453e2cbc8dfc7889f58e71eb41800f7cc79393e316304fc2b,0.513,0.5770528683914511,0.5418598584739293,0.048329389813481546,0.04336390276928337
architecture,balanced,3,full_hebbian,HHH,salt_pepper,0.4,0.2974,0.2654489645511209,4.625582218170166,0.09376399338391363,0.08698889188182597,0.9996852278709412,0.40208378434181213,10000,7840000,4d596e7c4c4f2c1453e2cbc8dfc7889f58e71eb41800f7cc79393e316304fc2b,0.5916,0.6654668166479191,0.6221192322938428,0.07412170330748266,0.06736489881787981
architecture,balanced,3,full_hebbian,HHH,pixel_masking,0.4,0.7919,0.7906045847534606,0.6345892548561096,0.0390243542496039,0.04139650567502392,0.9999455809593201,0.07356034964323044,10000,7840000,4d596e7c4c4f2c1453e2cbc8dfc7889f58e71eb41800f7cc79393e316304fc2b,0.09709999999999996,0.10922384701912256,0.09696361209150306,0.019382064173172935,0.02177251261107776
architecture,balanced,3,hybrid_hhb,HHB,gaussian,0.4,0.4388,0.41734077517388535,2.1802878379821777,0.047427151247919824,0.05354342914503448,0.9149738550186157,0.2998855710029602,10000,7840000,4d596e7c4c4f2c1453e2cbc8dfc7889f58e71eb41800f7cc79393e316304fc2b,0.4852,0.5251082251082251,0.5056084735012245,0.04300991870675768,0.049264276849007124
architecture,balanced,3,hybrid_hhb,HHB,salt_pepper,0.4,0.287,0.24394890893262425,4.496424198150635,0.07287967368923888,0.08077165707957988,0.8814274668693542,0.42169615626335144,10000,7840000,4d596e7c4c4f2c1453e2cbc8dfc7889f58e71eb41800f7cc79393e316304fc2b,0.637,0.6893939393939393,0.6790003397424856,0.06846244114807674,0.07649250478355252
architecture,balanced,3,hybrid_hhb,HHB,pixel_masking,0.4,0.8183,0.8150974228339025,0.5363538861274719,0.03215681293643251,0.032101175771440775,0.9736371040344238,0.06870102882385254,10000,7840000,4d596e7c4c4f2c1453e2cbc8dfc7889f58e71eb41800f7cc79393e316304fc2b,0.10570000000000002,0.11439393939393941,0.10785182584120734,0.02773958039527037,0.027822023475413418
architecture,balanced,3,hybrid_hbb,HBB,gaussian,0.4,0.7128,0.7096890489198501,0.8548242449760437,0.03264956083492357,0.03262097930129693,0.9304154515266418,0.13930223882198334,10000,7840000,4d596e7c4c4f2c1453e2cbc8dfc7889f58e71eb41800f7cc79393e316304fc2b,0.20510000000000006,0.2234448196971348,0.2068100353515543,0.0296871429479852,0.02967734011144054
architecture,balanced,3,hybrid_hbb,HBB,salt_pepper,0.4,0.3942,0.35999176858527937,2.722686767578125,0.06060150797318439,0.06231643062513702,0.8944199085235596,0.3332003951072693,10000,7840000,4d596e7c4c4f2c1453e2cbc8dfc7889f58e71eb41800f7cc79393e316304fc2b,0.5237,0.5705414533173548,0.556507315686125,0.05763909008624603,0.059372791435280625
architecture,balanced,3,hybrid_hbb,HBB,pixel_masking,0.4,0.8604,0.8583162789862122,0.44696035981178284,0.030356448909214566,0.03161397558718312,0.972266435623169,0.045580748468637466,10000,7840000,4d596e7c4c4f2c1453e2cbc8dfc7889f58e71eb41800f7cc79393e316304fc2b,0.057499999999999996,0.06264298943240003,0.05818280528519215,0.027394031022276197,0.028670336397326725
architecture,balanced,4,full_bp,BBB,gaussian,0.4,0.5742,0.53614924362039,1.298333764076233,0.03625949294031883,0.035241923433420606,0.9331942200660706,0.21068266034126282,10000,7840000,4d596e7c4c4f2c1453e2cbc8dfc7889f58e71eb41800f7cc79393e316304fc2b,0.34229999999999994,0.3734860883797053,0.37879635000197587,0.032227873671298125,0.031133076481916464
architecture,balanced,4,full_bp,BBB,salt_pepper,0.4,0.4558,0.4304538417286615,1.7896146774291992,0.06076848114947883,0.060014046524982066,0.8920503854751587,0.2824263274669647,10000,7840000,4d596e7c4c4f2c1453e2cbc8dfc7889f58e71eb41800f7cc79393e316304fc2b,0.4607,0.5026732133115112,0.4844917518937043,0.05673686188045813,0.05590519957347792
architecture,balanced,4,full_bp,BBB,pixel_masking,0.4,0.828,0.8280063192054328,0.5070063471794128,0.02659838884703967,0.028365372062216,0.9782586097717285,0.05785230174660683,10000,7840000,4d596e7c4c4f2c1453e2cbc8dfc7889f58e71eb41800f7cc79393e316304fc2b,0.08850000000000002,0.0965630114566285,0.08693927441693305,0.022566769578018966,0.024256525110711857
architecture,balanced,4,full_hebbian,HHH,gaussian,0.4,0.3866,0.3081698377056639,3.1696937084198,0.06574506371945751,0.06604736005822007,0.9996779561042786,0.33872371912002563,10000,7840000,4d596e7c4c4f2c1453e2cbc8dfc7889f58e71eb41800f7cc79393e316304fc2b,0.5041,0.5659593578084652,0.5811997578498669,0.04833337161200388,0.047993326685379964
architecture,balanced,4,full_hebbian,HHH,salt_pepper,0.4,0.2948,0.20747195595393025,5.025668144226074,0.09264689497655752,0.09289748581866829,0.9995218515396118,0.4141272008419037,10000,7840000,4d596e7c4c4f2c1453e2cbc8dfc7889f58e71eb41800f7cc79393e316304fc2b,0.5959000000000001,0.6690243628606715,0.6818976396016005,0.07523520286910389,0.07484345244582818
architecture,balanced,4,full_hebbian,HHH,pixel_masking,0.4,0.8042,0.8005665866842305,0.6241458058357239,0.040100401146557864,0.04007347766720519,0.9999297857284546,0.06953583657741547,10000,7840000,4d596e7c4c4f2c1453e2cbc8dfc7889f58e71eb41800f7cc79393e316304fc2b,0.08650000000000002,0.09711462894352758,0.08880300887130022,0.022688709039104225,0.022019444294365087
architecture,balanced,4,hybrid_hhb,HHB,gaussian,0.4,0.4499,0.359696024369635,2.6068320274353027,0.05192004360276826,0.056251260064572706,0.9173446297645569,0.3060491681098938,10000,7840000,4d596e7c4c4f2c1453e2cbc8dfc7889f58e71eb41800f7cc79393e316304fc2b,0.47079999999999994,0.5113500597371564,0.5596857765192018,0.0469588485941595,0.05119743679786215
architecture,balanced,4,hybrid_hhb,HHB,salt_pepper,0.4,0.3498,0.26170084243801944,5.040139675140381,0.07377908072958188,0.08027337577197016,0.8820167779922485,0.3927049934864044,10000,7840000,4d596e7c4c4f2c1453e2cbc8dfc7889f58e71eb41800f7cc79393e316304fc2b,0.5709,0.6200716845878136,0.6576809584508174,0.06881788572097312,0.07521955250525961
architecture,balanced,4,hybrid_hhb,HHB,pixel_masking,0.4,0.8352,0.8335330412536257,0.504310131072998,0.03372957987493398,0.03252559534189652,0.9732075333595276,0.05821160972118378,10000,7840000,4d596e7c4c4f2c1453e2cbc8dfc7889f58e71eb41800f7cc79393e316304fc2b,0.08549999999999991,0.09286412512218954,0.0858487596352111,0.02876838486632522,0.027471772075185967
architecture,balanced,4,hybrid_hbb,HBB,gaussian,0.4,0.695,0.6891555584213711,0.9023001790046692,0.03146699926804523,0.03052029815985232,0.9375082850456238,0.14765489101409912,10000,7840000,4d596e7c4c4f2c1453e2cbc8dfc7889f58e71eb41800f7cc79393e316304fc2b,0.2228,0.2427544127260841,0.2273250883278255,0.02734242925206009,0.026215159308180518
architecture,balanced,4,hybrid_hbb,HBB,salt_pepper,0.4,0.5386,0.5383146138972592,1.410965919494629,0.057241198169941804,0.05622949951327577,0.8995704054832458,0.23549871146678925,10000,7840000,4d596e7c4c4f2c1453e2cbc8dfc7889f58e71eb41800f7cc79393e316304fc2b,0.3792,0.4131619089126171,0.3781660328519374,0.053116628153956666,0.05192436066160397
architecture,balanced,4,hybrid_hbb,HBB,pixel_masking,0.4,0.833,0.8338183104795596,0.5055966973304749,0.03191085306284379,0.03218816065496328,0.9763503670692444,0.05906219407916069,10000,7840000,4d596e7c4c4f2c1453e2cbc8dfc7889f58e71eb41800f7cc79393e316304fc2b,0.08479999999999999,0.0923948572673785,0.08266233626963704,0.02778628304685865,0.027883021803291476
dimension,L16,0,full_bp,BBB,gaussian,0.4,0.3608,0.3642519674691833,2.0708656311035156,0.052323302553137954,0.05055915514109086,0.938194751739502,0.3391879200935364,10000,7840000,4d596e7c4c4f2c1453e2cbc8dfc7889f58e71eb41800f7cc79393e316304fc2b,0.5644,0.6100302637267618,0.5600921143818096,0.04072072877202715,0.03897531870433263
dimension,L16,0,full_bp,BBB,salt_pepper,0.4,0.1684,0.10711625023057318,4.942779541015625,0.08219441637311663,0.07913971862792969,0.8811795115470886,0.515346884727478,10000,7840000,4d596e7c4c4f2c1453e2cbc8dfc7889f58e71eb41800f7cc79393e316304fc2b,0.7568,0.8179853004755728,0.8172278316204198,0.07059184259200582,0.06755588219117145
dimension,L16,0,full_bp,BBB,pixel_masking,0.4,0.8498,0.8487279222323203,0.4702119529247284,0.0347519702833526,0.035045770668496894,0.9890072345733643,0.055559538304805756,10000,7840000,4d596e7c4c4f2c1453e2cbc8dfc7889f58e71eb41800f7cc79393e316304fc2b,0.07540000000000002,0.08149589277993949,0.07561615961867263,0.023149396502241796,0.02346193423173866
dimension,L16,0,full_hebbian,HHH,gaussian,0.4,0.4567,0.433544656269243,2.185060977935791,0.06101541048945213,0.06407174808735751,0.9998185634613037,0.18797476589679718,10000,7840000,4d596e7c4c4f2c1453e2cbc8dfc7889f58e71eb41800f7cc79393e316304fc2b,0.24670000000000003,0.35072504975831675,0.25933909639092567,0.025327746122710562,0.028038939043940336
dimension,L16,0,full_hebbian,HHH,salt_pepper,0.4,0.2978,0.2672769926325592,4.152545928955078,0.0816221354114766,0.08533730747456453,0.9996992945671082,0.3195168673992157,10000,7840000,4d596e7c4c4f2c1453e2cbc8dfc7889f58e71eb41800f7cc79393e316304fc2b,0.4056,0.5766278077907308,0.42560676002760944,0.04593447104473503,0.049304498431147356
dimension,L16,0,full_hebbian,HHH,pixel_masking,0.4,0.5484,0.5379369598092076,1.2980899810791016,0.05185339165512396,0.051255180234325175,0.9999418258666992,0.10834409296512604,10000,7840000,4d596e7c4c4f2c1453e2cbc8dfc7889f58e71eb41800f7cc79393e316304fc2b,0.15500000000000003,0.22035825988058008,0.15494679285096102,0.016165727288382392,0.015222371190908003
dimension,L16,0,hybrid_hhb,HHB,gaussian,0.4,0.3858,0.3055500723335131,3.446626663208008,0.08702671479984206,0.08795226528401277,0.9247517585754395,0.34711676836013794,10000,7840000,4d596e7c4c4f2c1453e2cbc8dfc7889f58e71eb41800f7cc79393e316304fc2b,0.5195000000000001,0.5738429249972385,0.5985766861855224,0.07312122131269805,0.0742374203136989
dimension,L16,0,hybrid_hhb,HHB,salt_pepper,0.4,0.2856,0.20954060671422586,5.361206531524658,0.11267504918623944,0.11427165933725786,0.8958975672721863,0.4213319420814514,10000,7840000,4d596e7c4c4f2c1453e2cbc8dfc7889f58e71eb41800f7cc79393e316304fc2b,0.6196999999999999,0.6845244670275046,0.6945861518048098,0.09876955569909543,0.10055681436694398
dimension,L16,0,hybrid_hhb,HHB,pixel_masking,0.4,0.8367,0.8338648957661793,0.5173074007034302,0.035954095828776456,0.03648770702907017,0.9896855354309082,0.05313344672322273,10000,7840000,4d596e7c4c4f2c1453e2cbc8dfc7889f58e71eb41800f7cc79393e316304fc2b,0.0686,0.07577598586104053,0.07026186275285629,0.022048602341632452,0.022772862058756303
dimension,L16,0,hybrid_hbb,HBB,gaussian,0.4,0.5059,0.5039907931595128,1.4675922393798828,0.053099789358645066,0.04922591281813018,0.9300335049629211,0.2537325322628021,10000,7840000,4d596e7c4c4f2c1453e2cbc8dfc7889f58e71eb41800f7cc79393e316304fc2b,0.42279999999999995,0.4552600409174114,0.4239614323086984,0.041484363285376094,0.037639562516309774
dimension,L16,0,hybrid_hbb,HBB,salt_pepper,0.4,0.2812,0.2380728175271392,3.26723313331604,0.08012892806384028,0.07610321202180824,0.8836945295333862,0.41473665833473206,10000,7840000,4d596e7c4c4f2c1453e2cbc8dfc7889f58e71eb41800f7cc79393e316304fc2b,0.6475,0.697211155378486,0.6898794079410719,0.06851350199057131,0.06451686171998783
dimension,L16,0,hybrid_hbb,HBB,pixel_masking,0.4,0.8484,0.8467301814006317,0.46914735436439514,0.03303147887405084,0.034540158205616234,0.9893956780433655,0.055106084793806076,10000,7840000,4d596e7c4c4f2c1453e2cbc8dfc7889f58e71eb41800f7cc79393e316304fc2b,0.08029999999999993,0.0864649510067836,0.08122204406757949,0.021416052800781873,0.02295380790379583
dimension,L16,1,full_bp,BBB,gaussian,0.4,0.1504,0.09810639093117192,3.6499953269958496,0.07963755504063197,0.08031414858759665,0.938933789730072,0.3547905385494232,10000,7840000,4d596e7c4c4f2c1453e2cbc8dfc7889f58e71eb41800f7cc79393e316304fc2b,0.5764,0.7930654925701707,0.6235451338675764,0.04078733965426075,0.04200916585727613
dimension,L16,1,full_bp,BBB,salt_pepper,0.4,0.1735,0.15490841575257064,3.420757532119751,0.07551597964228415,0.0749675855986926,0.9066420793533325,0.3423072397708893,10000,7840000,4d596e7c4c4f2c1453e2cbc8dfc7889f58e71eb41800f7cc79393e316304fc2b,0.5533,0.761282333516786,0.5667431090461776,0.03666576425591293,0.03666260286837208
dimension,L16,1,full_bp,BBB,pixel_masking,0.4,0.5189,0.5361007129575174,1.3933080434799194,0.052736697551182335,0.052024268512336574,0.9822632670402527,0.11447678506374359,10000,7840000,4d596e7c4c4f2c1453e2cbc8dfc7889f58e71eb41800f7cc79393e316304fc2b,0.20789999999999997,0.2860484314804623,0.1855508118412309,0.013886482164811115,0.013719285782016054
dimension,L16,1,full_hebbian,HHH,gaussian,0.4,0.2767,0.20043769888430923,3.5231215953826904,0.08366686714328066,0.08297369520226304,0.9995031356811523,0.3705124855041504,10000,7840000,4d596e7c4c4f2c1453e2cbc8dfc7889f58e71eb41800f7cc79393e316304fc2b,0.4823,0.635441370223979,0.555092334146845,0.05249650182918627,0.051519735612674644
dimension,L16,1,full_hebbian,HHH,salt_pepper,0.4,0.1803,0.1116686114093554,5.64640998840332,0.10563778150908801,0.10455969272535674,0.9992610216140747,0.4592803716659546,10000,7840000,4d596e7c4c4f2c1453e2cbc8dfc7889f58e71eb41800f7cc79393e316304fc2b,0.5787,0.7624505928853754,0.6438614216217988,0.07446741619499361,0.07310573313576835
dimension,L16,1,full_hebbian,HHH,pixel_masking,0.4,0.6204,0.605082043728493,1.0915333032608032,0.048606095940726145,0.04880906780009367,0.9999405145645142,0.08694527298212051,10000,7840000,4d596e7c4c4f2c1453e2cbc8dfc7889f58e71eb41800f7cc79393e316304fc2b,0.13860000000000006,0.182608695652174,0.15044798930266123,0.017435730626631757,0.017355108210505274
dimension,L16,1,hybrid_hhb,HHB,gaussian,0.4,0.1135,0.0203861697350696,2.3021721839904785,0.08558527389837771,0.09640136044560646,1,0,10000,7840000,4d596e7c4c4f2c1453e2cbc8dfc7889f58e71eb41800f7cc79393e316304fc2b,0,0,0,0,0
dimension,L16,1,hybrid_hhb,HHB,salt_pepper,0.4,0.1135,0.0203861697350696,2.3021721839904785,0.08558527389837771,0.09640136044560646,1,0,10000,7840000,4d596e7c4c4f2c1453e2cbc8dfc7889f58e71eb41800f7cc79393e316304fc2b,0,0,0,0,0
dimension,L16,1,hybrid_hhb,HHB,pixel_masking,0.4,0.1135,0.0203861697350696,2.3021721839904785,0.08558527389837771,0.09640136044560646,1,0,10000,7840000,4d596e7c4c4f2c1453e2cbc8dfc7889f58e71eb41800f7cc79393e316304fc2b,0,0,0,0,0
dimension,L16,1,hybrid_hbb,HBB,gaussian,0.4,0.1406,0.0723028068165884,3.610215902328491,0.07644347188521404,0.07757159996811225,0.9404893517494202,0.30546605587005615,10000,7840000,4d596e7c4c4f2c1453e2cbc8dfc7889f58e71eb41800f7cc79393e316304fc2b,0.4944,0.7785826771653543,0.5403199778703034,0.03164156462221729,0.03310267670300542
dimension,L16,1,hybrid_hbb,HBB,salt_pepper,0.4,0.1419,0.11237150616433086,4.022706985473633,0.0770618309176698,0.07760597738149215,0.9105364084243774,0.33793917298316956,10000,7840000,4d596e7c4c4f2c1453e2cbc8dfc7889f58e71eb41800f7cc79393e316304fc2b,0.4931,0.7765354330708661,0.5002512785225609,0.03225992365467305,0.033137054116385324
dimension,L16,1,hybrid_hbb,HBB,pixel_masking,0.4,0.4605,0.4580084489476488,1.4838637113571167,0.05706965673018475,0.05682302324723224,0.9869868159294128,0.08504218608140945,10000,7840000,4d596e7c4c4f2c1453e2cbc8dfc7889f58e71eb41800f7cc79393e316304fc2b,0.1745,0.2748031496062992,0.154614335739243,0.012267749467187998,0.012354099982125416
dimension,L16,2,full_bp,BBB,gaussian,0.4,0.3549,0.3336894429942961,2.334594488143921,0.06368209406015825,0.060532250221408145,0.9277136921882629,0.3426576256752014,10000,7840000,4d596e7c4c4f2c1453e2cbc8dfc7889f58e71eb41800f7cc79393e316304fc2b,0.5773,0.6192877065007509,0.5976461042976586,0.05371408265172219,0.0505586726013495
dimension,L16,2,full_bp,BBB,salt_pepper,0.4,0.1898,0.1248056113248222,4.6496710777282715,0.10046394348144531,0.09906268382169763,0.8667654395103455,0.4828176200389862,10000,7840000,4d596e7c4c4f2c1453e2cbc8dfc7889f58e71eb41800f7cc79393e316304fc2b,0.7424000000000001,0.7963956232568119,0.8065299359671325,0.09049593207300927,0.08908910620163898
dimension,L16,2,full_bp,BBB,pixel_masking,0.4,0.8625,0.8630414268759635,0.45054247975349426,0.02945947507352245,0.032386511175973076,0.9857929944992065,0.05169067531824112,10000,7840000,4d596e7c4c4f2c1453e2cbc8dfc7889f58e71eb41800f7cc79393e316304fc2b,0.06969999999999998,0.07476936279768288,0.06829412041599114,0.019491463665086396,0.022412933555914432
dimension,L16,2,full_hebbian,HHH,gaussian,0.4,0.1813,0.13754294163667097,3.5694210529327393,0.07552045531759456,0.07949248597281319,0.9998121857643127,0.28542205691337585,10000,7840000,4d596e7c4c4f2c1453e2cbc8dfc7889f58e71eb41800f7cc79393e316304fc2b,0.44909999999999994,0.7124048223350253,0.4851376450219171,0.03448446094746492,0.038814082838564495
dimension,L16,2,full_hebbian,HHH,salt_pepper,0.4,0.1471,0.0876310026431684,5.143336296081543,0.09762546515951351,0.10382286003268495,0.9997115135192871,0.37118005752563477,10000,7840000,4d596e7c4c4f2c1453e2cbc8dfc7889f58e71eb41800f7cc79393e316304fc2b,0.48329999999999995,0.7666560913705583,0.5350495840154197,0.05658947078938387,0.06314445689843626
dimension,L16,2,full_hebbian,HHH,pixel_masking,0.4,0.4905,0.45603551861057123,1.4493368864059448,0.057233085087367463,0.054852558984561844,0.9999498128890991,0.099480539560318,10000,7840000,4d596e7c4c4f2c1453e2cbc8dfc7889f58e71eb41800f7cc79393e316304fc2b,0.13989999999999997,0.22192258883248728,0.16664506804801682,0.016197090717237822,0.014174155850313147
dimension,L16,2,hybrid_hhb,HHB,gaussian,0.4,0.3731,0.32405321448850893,3.1966052055358887,0.09254226313999721,0.0905764505503129,0.9310575127601624,0.3470214307308197,10000,7840000,4d596e7c4c4f2c1453e2cbc8dfc7889f58e71eb41800f7cc79393e316304fc2b,0.5257000000000001,0.5848909657320872,0.5734253540341487,0.07943779961819551,0.07781411209690327
dimension,L16,2,hybrid_hhb,HHB,salt_pepper,0.4,0.2579,0.19009648828921685,5.379940509796143,0.11940922241210937,0.11882398074403101,0.9036799669265747,0.43667978048324585,10000,7840000,4d596e7c4c4f2c1453e2cbc8dfc7889f58e71eb41800f7cc79393e316304fc2b,0.6409,0.7130618602581219,0.7073820802334407,0.10630475889030767,0.10606164229062139
dimension,L16,2,hybrid_hhb,HHB,pixel_masking,0.4,0.8104,0.8089010943502343,0.5797297954559326,0.03437438088631144,0.03474252498393156,0.9897634983062744,0.06041577830910683,10000,7840000,4d596e7c4c4f2c1453e2cbc8dfc7889f58e71eb41800f7cc79393e316304fc2b,0.08840000000000003,0.09835336003560306,0.08857747417242334,0.02126991736450974,0.021980186530521934
dimension,L16,2,hybrid_hbb,HBB,gaussian,0.4,0.3768,0.3283896231006509,2.2693471908569336,0.05272999661504006,0.053154954980344185,0.9314524531364441,0.33647722005844116,10000,7840000,4d596e7c4c4f2c1453e2cbc8dfc7889f58e71eb41800f7cc79393e316304fc2b,0.5529,0.5947079703130042,0.6004223193763136,0.04236291497678173,0.04299036962450767
dimension,L16,2,hybrid_hbb,HBB,salt_pepper,0.4,0.2188,0.15996873456964367,4.280887126922607,0.07755915438593651,0.07994324815711197,0.875186026096344,0.46444937586784363,10000,7840000,4d596e7c4c4f2c1453e2cbc8dfc7889f58e71eb41800f7cc79393e316304fc2b,0.7109,0.7646552651392923,0.7688432079073209,0.06719207274767817,0.06977866280127545
dimension,L16,2,hybrid_hbb,HBB,pixel_masking,0.4,0.8664,0.8661598380151256,0.42425575852394104,0.034022635055074885,0.033259047621123645,0.9847075939178467,0.04620244726538658,10000,7840000,4d596e7c4c4f2c1453e2cbc8dfc7889f58e71eb41800f7cc79393e316304fc2b,0.06330000000000002,0.06808647950951922,0.06265210446183889,0.023655553416816556,0.02309446226528713
dimension,L16,3,full_bp,BBB,gaussian,0.4,0.3336,0.25243303985533866,2.485330820083618,0.05386046499135543,0.05264616239119549,0.9301705360412598,0.36956459283828735,10000,7840000,4d596e7c4c4f2c1453e2cbc8dfc7889f58e71eb41800f7cc79393e316304fc2b,0.5972,0.6415986248388483,0.6777291091069086,0.04394313430202251,0.042584658880623016
dimension,L16,3,full_bp,BBB,salt_pepper,0.4,0.2052,0.09763141297019447,5.403097152709961,0.08441051385062082,0.0844965193456533,0.873405933380127,0.49989306926727295,10000,7840000,4d596e7c4c4f2c1453e2cbc8dfc7889f58e71eb41800f7cc79393e316304fc2b,0.7256,0.7795444778685002,0.8325307359920529,0.07449318316128789,0.07443501583508083
dimension,L16,3,full_bp,BBB,pixel_masking,0.4,0.8539,0.8545272174955724,0.460247278213501,0.03263100823382942,0.03461886021361059,0.9866498112678528,0.05421845242381096,10000,7840000,4d596e7c4c4f2c1453e2cbc8dfc7889f58e71eb41800f7cc79393e316304fc2b,0.07689999999999997,0.08261710356682421,0.07563493146667499,0.022713677544496495,0.024557356703038116
dimension,L16,3,full_hebbian,HHH,gaussian,0.4,0.2303,0.19858405436517448,3.700376272201538,0.07816843512398856,0.07750254264364437,0.9996819496154785,0.3260878920555115,10000,7840000,4d596e7c4c4f2c1453e2cbc8dfc7889f58e71eb41800f7cc79393e316304fc2b,0.3927,0.6303370786516854,0.4199359800583593,0.03745153521323691,0.037531988665522355
dimension,L16,3,full_hebbian,HHH,salt_pepper,0.4,0.1792,0.12628953946348948,5.146820545196533,0.10039950777949119,0.09997779287221481,0.9995533227920532,0.40300607681274414,10000,7840000,4d596e7c4c4f2c1453e2cbc8dfc7889f58e71eb41800f7cc79393e316304fc2b,0.4438,0.7123595505617977,0.4922304949600443,0.05968260786873954,0.0600072388940928
dimension,L16,3,full_hebbian,HHH,pixel_masking,0.4,0.4785,0.4393279450985161,1.450439691543579,0.05443853841509138,0.0553513671952851,0.9999566674232483,0.09203773736953735,10000,7840000,4d596e7c4c4f2c1453e2cbc8dfc7889f58e71eb41800f7cc79393e316304fc2b,0.14450000000000002,0.23194221508828253,0.17919208932501768,0.013721638504339724,0.015380813217163086
dimension,L16,3,hybrid_hhb,HHB,gaussian,0.4,0.3331,0.2854644724351094,4.440494060516357,0.10401960014810367,0.10121457619180485,0.9021234512329102,0.3803611993789673,10000,7840000,4d596e7c4c4f2c1453e2cbc8dfc7889f58e71eb41800f7cc79393e316304fc2b,0.5692999999999999,0.6308732269503545,0.6156760562257652,0.09084716232650134,0.08835538999985676
dimension,L16,3,hybrid_hhb,HHB,salt_pepper,0.4,0.2254,0.1735971888565402,6.943301677703857,0.1379341858065858,0.13224884685594207,0.8615162968635559,0.4660549461841583,10000,7840000,4d596e7c4c4f2c1453e2cbc8dfc7889f58e71eb41800f7cc79393e316304fc2b,0.677,0.7502216312056739,0.7275433398043344,0.12476174798498348,0.11938966066399398
dimension,L16,3,hybrid_hhb,HHB,pixel_masking,0.4,0.811,0.8071471493043241,0.5747880935668945,0.03399440678966289,0.03503589215181312,0.9894298911094666,0.06259828060865402,10000,7840000,4d596e7c4c4f2c1453e2cbc8dfc7889f58e71eb41800f7cc79393e316304fc2b,0.09139999999999993,0.10128546099290772,0.0939933793565505,0.02082196896806055,0.022176705959865026
dimension,L16,3,hybrid_hbb,HBB,gaussian,0.4,0.4962,0.5010115743672495,1.7594935894012451,0.0535942246339759,0.049299188590536315,0.9330372214317322,0.27211034297943115,10000,7840000,4d596e7c4c4f2c1453e2cbc8dfc7889f58e71eb41800f7cc79393e316304fc2b,0.4253,0.4615301139446555,0.41961902491848035,0.04258481300801647,0.038353195439552776
dimension,L16,3,hybrid_hbb,HBB,salt_pepper,0.4,0.2751,0.2342339976870067,3.5319406986236572,0.07963536127830038,0.07706438131527026,0.8826942443847656,0.41721099615097046,10000,7840000,4d596e7c4c4f2c1453e2cbc8dfc7889f58e71eb41800f7cc79393e316304fc2b,0.6464,0.701465002712968,0.6863966015987232,0.06862594965234095,0.06611838816428672
dimension,L16,3,hybrid_hbb,HBB,pixel_masking,0.4,0.8588,0.8584794369086348,0.4579181671142578,0.03171176785838847,0.03393659847804478,0.9884129166603088,0.05144932121038437,10000,7840000,4d596e7c4c4f2c1453e2cbc8dfc7889f58e71eb41800f7cc79393e316304fc2b,0.06269999999999998,0.06804123711340204,0.06215116237709506,0.02070235623242904,0.022990605327061243
dimension,L16,4,full_bp,BBB,gaussian,0.4,0.2203,0.12563440675252985,5.211084842681885,0.07111498687121333,0.07027575872771594,0.8968374729156494,0.45447540283203125,10000,7840000,4d596e7c4c4f2c1453e2cbc8dfc7889f58e71eb41800f7cc79393e316304fc2b,0.6669,0.7516907123534716,0.7591636036762963,0.04977899498452945,0.04885347159249442
dimension,L16,4,full_bp,BBB,salt_pepper,0.4,0.1647,0.05955895815874566,8.822728157043457,0.10785107381392499,0.10625421214201013,0.8300568461418152,0.5273136496543884,10000,7840000,4d596e7c4c4f2c1453e2cbc8dfc7889f58e71eb41800f7cc79393e316304fc2b,0.7224999999999999,0.8143597835888187,0.8252390522700804,0.08651508192724111,0.0848319250067886
dimension,L16,4,full_bp,BBB,pixel_masking,0.4,0.7823,0.7820411360054101,0.6674343943595886,0.04268020207930584,0.042526047375737404,0.9945444464683533,0.06627225875854492,10000,7840000,4d596e7c4c4f2c1453e2cbc8dfc7889f58e71eb41800f7cc79393e316304fc2b,0.1049,0.11823715058611362,0.10275687442341597,0.021344210192621966,0.021103760240515884
dimension,L16,4,full_hebbian,HHH,gaussian,0.4,0.3051,0.2468911260324264,3.2315101623535156,0.06845090768775161,0.0704654716880954,0.9997631907463074,0.29263782501220703,10000,7840000,4d596e7c4c4f2c1453e2cbc8dfc7889f58e71eb41800f7cc79393e316304fc2b,0.3796,0.5544033883452607,0.43306319044921654,0.02944185057659538,0.031538897093948054
dimension,L16,4,full_hebbian,HHH,salt_pepper,0.4,0.2154,0.16263838563620137,5.298731327056885,0.08811827422161492,0.0903118881225586,0.9996508955955505,0.39449384808540344,10000,7840000,4d596e7c4c4f2c1453e2cbc8dfc7889f58e71eb41800f7cc79393e316304fc2b,0.46929999999999994,0.685409668467942,0.5173159308454416,0.04910921711045869,0.05138531352841125
dimension,L16,4,full_hebbian,HHH,pixel_masking,0.4,0.5297,0.5250269880516825,1.3708025217056274,0.05641958340236119,0.054553510821595486,0.9999536871910095,0.10939887911081314,10000,7840000,4d596e7c4c4f2c1453e2cbc8dfc7889f58e71eb41800f7cc79393e316304fc2b,0.15500000000000003,0.22637651526215866,0.1549273284299605,0.01741052629120496,0.015626936227448138
dimension,L16,4,hybrid_hhb,HHB,gaussian,0.4,0.3199,0.23899111962549688,5.392497539520264,0.09097809610172194,0.09527094997483856,0.9060962796211243,0.36705753207206726,10000,7840000,4d596e7c4c4f2c1453e2cbc8dfc7889f58e71eb41800f7cc79393e316304fc2b,0.5286,0.622981732469063,0.6064184477680519,0.06803161732809884,0.07233267909458704
dimension,L16,4,hybrid_hhb,HHB,salt_pepper,0.4,0.2431,0.16361223220712393,7.244533538818359,0.11619588431533502,0.12180962504172811,0.8720672130584717,0.43841248750686646,10000,7840000,4d596e7c4c4f2c1453e2cbc8dfc7889f58e71eb41800f7cc79393e316304fc2b,0.6054,0.7134944018856807,0.6817973351864248,0.09324940554171193,0.0988713541614766
dimension,L16,4,hybrid_hhb,HHB,pixel_masking,0.4,0.7468,0.7448565931142308,0.7346187233924866,0.04482059484209333,0.04378012865806113,0.9931431412696838,0.0633280798792839,10000,7840000,4d596e7c4c4f2c1453e2cbc8dfc7889f58e71eb41800f7cc79393e316304fc2b,0.10170000000000001,0.11985857395403654,0.10055297427931797,0.021874116068470235,0.020841857777809614
dimension,L16,4,hybrid_hbb,HBB,gaussian,0.4,0.2634,0.22267971441774081,3.194244861602783,0.05453383792176539,0.05376074206293845,0.9176943302154541,0.40806326270103455,10000,7840000,4d596e7c4c4f2c1453e2cbc8dfc7889f58e71eb41800f7cc79393e316304fc2b,0.6554,0.7133217239878102,0.6949962905387518,0.0374669162536154,0.03660985501931638
dimension,L16,4,hybrid_hbb,HBB,salt_pepper,0.4,0.1491,0.0794283806658591,6.266703128814697,0.08023690817696708,0.07899891513123804,0.8532745242118835,0.5267812013626099,10000,7840000,4d596e7c4c4f2c1453e2cbc8dfc7889f58e71eb41800f7cc79393e316304fc2b,0.7696999999999999,0.8377231171092729,0.8382476242906335,0.06316998650881708,0.06184802808761596
dimension,L16,4,hybrid_hbb,HBB,pixel_masking,0.4,0.8444,0.8444004252757793,0.503352165222168,0.039343085534232006,0.03894676691172074,0.9938037395477295,0.05643806234002113,10000,7840000,4d596e7c4c4f2c1453e2cbc8dfc7889f58e71eb41800f7cc79393e316304fc2b,0.07439999999999991,0.08097518502394419,0.0732755796807133,0.02227616386608202,0.021795879868098667
dimension,L32,0,full_bp,BBB,gaussian,0.4,0.5441,0.4836711047837685,1.5564826726913452,0.038900169936978084,0.03817099773640535,0.9296116232872009,0.23842623829841614,10000,7840000,4d596e7c4c4f2c1453e2cbc8dfc7889f58e71eb41800f7cc79393e316304fc2b,0.3771,0.4093573599652627,0.4361760852126032,0.033149251719883505,0.032626689257427136
dimension,L32,0,full_bp,BBB,salt_pepper,0.4,0.3626,0.28737944219177636,2.9177565574645996,0.06897664150315888,0.06899481682290837,0.8754380941390991,0.366751104593277,10000,7840000,4d596e7c4c4f2c1453e2cbc8dfc7889f58e71eb41800f7cc79393e316304fc2b,0.5586,0.6063829787234042,0.6324677478045954,0.06322572328606431,0.06345050834393015
dimension,L32,0,full_bp,BBB,pixel_masking,0.4,0.8588,0.8581963343890047,0.45682910084724426,0.027571030682933574,0.028503361285462672,0.9801328182220459,0.04917434602975845,10000,7840000,4d596e7c4c4f2c1453e2cbc8dfc7889f58e71eb41800f7cc79393e316304fc2b,0.06240000000000001,0.06773773339122885,0.06165085560736705,0.021820112465838995,0.022959052806484456
dimension,L32,0,full_hebbian,HHH,gaussian,0.4,0.469,0.42803388656602337,2.228640556335449,0.05939050433878996,0.060658438398400134,0.9998492002487183,0.21918807923793793,10000,7840000,4d596e7c4c4f2c1453e2cbc8dfc7889f58e71eb41800f7cc79393e316304fc2b,0.3288,0.41213336675858614,0.36582580099174977,0.033039055248182646,0.034249619324353275
dimension,L32,0,full_hebbian,HHH,salt_pepper,0.4,0.3402,0.28773484982279623,4.06205940246582,0.08260355827175841,0.08327921159705337,0.999750018119812,0.33125999569892883,10000,7840000,4d596e7c4c4f2c1453e2cbc8dfc7889f58e71eb41800f7cc79393e316304fc2b,0.45759999999999995,0.5735773376786162,0.506124837734977,0.0562521091811511,0.05687039252300652
dimension,L32,0,full_hebbian,HHH,pixel_masking,0.4,0.6814,0.6739574608440526,0.9680663347244263,0.043815406581333705,0.04507065928712183,0.9999493360519409,0.08466154336929321,10000,7840000,4d596e7c4c4f2c1453e2cbc8dfc7889f58e71eb41800f7cc79393e316304fc2b,0.11639999999999995,0.14590122837803957,0.11990222671372053,0.017463957490726392,0.018661840213074977
dimension,L32,0,hybrid_hhb,HHB,gaussian,0.4,0.6134,0.6012813955496832,1.293961763381958,0.06654517383186184,0.06294459624777035,0.9327419996261597,0.18661487102508545,10000,7840000,4d596e7c4c4f2c1453e2cbc8dfc7889f58e71eb41800f7cc79393e316304fc2b,0.29910000000000003,0.3277808219178083,0.30987523739230993,0.058190274291135824,0.055138491231568006
dimension,L32,0,hybrid_hhb,HHB,salt_pepper,0.4,0.4108,0.3796729614520099,2.6615231037139893,0.09015870864245357,0.08672083217075893,0.9077416062355042,0.3175453245639801,10000,7840000,4d596e7c4c4f2c1453e2cbc8dfc7889f58e71eb41800f7cc79393e316304fc2b,0.5017,0.5498082191780822,0.5314836714899832,0.08180380910172755,0.0789147271545566
dimension,L32,0,hybrid_hhb,HHB,pixel_masking,0.4,0.8246,0.8213625648471978,0.5360351800918579,0.033812417548043386,0.033770223294472206,0.9842406511306763,0.059573687613010406,10000,7840000,4d596e7c4c4f2c1453e2cbc8dfc7889f58e71eb41800f7cc79393e316304fc2b,0.08789999999999998,0.09632876712328765,0.08979406809479529,0.025457518007317367,0.025964118278269863
dimension,L32,0,hybrid_hbb,HBB,gaussian,0.4,0.5106,0.4736989395355464,1.7857776880264282,0.04735951292855399,0.04575747252483757,0.9213645458221436,0.2645519971847534,10000,7840000,4d596e7c4c4f2c1453e2cbc8dfc7889f58e71eb41800f7cc79393e316304fc2b,0.4110999999999999,0.4460236519474883,0.4467721546447836,0.04069366157590126,0.03934489908753609
dimension,L32,0,hybrid_hbb,HBB,salt_pepper,0.4,0.3469,0.2771789217876717,3.081103801727295,0.07453556054562939,0.0724896968296596,0.8739504814147949,0.373559832572937,10000,7840000,4d596e7c4c4f2c1453e2cbc8dfc7889f58e71eb41800f7cc79393e316304fc2b,0.5748,0.6236302484539438,0.6432921723926583,0.06786970919297666,0.06607712339235812
dimension,L32,0,hybrid_hbb,HBB,pixel_masking,0.4,0.8454,0.84491301997317,0.48644933104515076,0.03153089308446767,0.033129888698032926,0.9796361327171326,0.055236950516700745,10000,7840000,4d596e7c4c4f2c1453e2cbc8dfc7889f58e71eb41800f7cc79393e316304fc2b,0.07629999999999992,0.08278181620917861,0.07555807420715999,0.024865041731814946,0.026717315260731445
dimension,L32,1,full_bp,BBB,gaussian,0.4,0.5621,0.5328920253554779,1.513515830039978,0.03893333318671402,0.03815050660347452,0.9368289113044739,0.23014330863952637,10000,7840000,4d596e7c4c4f2c1453e2cbc8dfc7889f58e71eb41800f7cc79393e316304fc2b,0.3571,0.38848999129677975,0.3850083581775823,0.03339638012234046,0.03262551500067419
dimension,L32,1,full_bp,BBB,salt_pepper,0.4,0.3558,0.31859760780872004,2.754201650619507,0.06960866200972576,0.06909743555030044,0.8886635899543762,0.36044982075691223,10000,7840000,4d596e7c4c4f2c1453e2cbc8dfc7889f58e71eb41800f7cc79393e316304fc2b,0.5634,0.6129242819843342,0.5993027757243401,0.0640717089453522,0.06357244394750011
dimension,L32,1,full_bp,BBB,pixel_masking,0.4,0.8433,0.8445833772344861,0.49663427472114563,0.029826991949276047,0.030038288217661333,0.9786580204963684,0.05749398097395897,10000,7840000,4d596e7c4c4f2c1453e2cbc8dfc7889f58e71eb41800f7cc79393e316304fc2b,0.07589999999999997,0.0825718015665796,0.07331700629857407,0.024290038884902485,0.024513296614861003
dimension,L32,1,full_hebbian,HHH,gaussian,0.4,0.3322,0.26272085195901757,3.714186668395996,0.07700840542851663,0.0865082713068748,0.9995378851890564,0.36174529790878296,10000,7840000,4d596e7c4c4f2c1453e2cbc8dfc7889f58e71eb41800f7cc79393e316304fc2b,0.5249999999999999,0.6124591693887074,0.592856623633637,0.05380039061332236,0.06318879576118624
dimension,L32,1,full_hebbian,HHH,salt_pepper,0.4,0.2517,0.18703188354441327,5.446093559265137,0.10192920622533681,0.11463753638754086,0.9993346929550171,0.4287915527820587,10000,7840000,4d596e7c4c4f2c1453e2cbc8dfc7889f58e71eb41800f7cc79393e316304fc2b,0.6054999999999999,0.7063695753616425,0.6685455920482414,0.07872119141014255,0.0913180608418523
dimension,L32,1,full_hebbian,HHH,pixel_masking,0.4,0.7334,0.7230867222813987,0.7923807501792908,0.04332800130649489,0.04401160101598623,0.999937891960144,0.08683498948812485,10000,7840000,4d596e7c4c4f2c1453e2cbc8dfc7889f58e71eb41800f7cc79393e316304fc2b,0.12379999999999991,0.1444237050863275,0.13249075331125593,0.020119986491300625,0.020692125470297678
dimension,L32,1,hybrid_hhb,HHB,gaussian,0.4,0.4782,0.4767189391523664,1.6851836442947388,0.06914752131870815,0.07028865414055026,0.9020591974258423,0.2612852156162262,10000,7840000,4d596e7c4c4f2c1453e2cbc8dfc7889f58e71eb41800f7cc79393e316304fc2b,0.43570000000000003,0.47674800306379256,0.43585624378062504,0.062175417934145244,0.06348867741506926
dimension,L32,1,hybrid_hhb,HHB,salt_pepper,0.4,0.3408,0.3082825600632503,3.0426101684570312,0.09701033767388792,0.0979617372162488,0.8782931566238403,0.367622971534729,10000,7840000,4d596e7c4c4f2c1453e2cbc8dfc7889f58e71eb41800f7cc79393e316304fc2b,0.5731,0.6270926797242588,0.6042926228697412,0.09003823428932502,0.09116176049076781
dimension,L32,1,hybrid_hhb,HHB,pixel_masking,0.4,0.8214,0.8230369794551169,0.5384377837181091,0.031243719653693998,0.03185187184859295,0.981495201587677,0.06390465795993805,10000,7840000,4d596e7c4c4f2c1453e2cbc8dfc7889f58e71eb41800f7cc79393e316304fc2b,0.09250000000000003,0.10121457489878545,0.08953820347787456,0.024271616269131095,0.025051895123111956
dimension,L32,1,hybrid_hbb,HBB,gaussian,0.4,0.3622,0.3297311460453828,2.1900746822357178,0.04132535229118503,0.041876513671875,0.9193978309631348,0.33456021547317505,10000,7840000,4d596e7c4c4f2c1453e2cbc8dfc7889f58e71eb41800f7cc79393e316304fc2b,0.5546,0.6049301919720768,0.5856561336216948,0.035709938490147496,0.03639339564868382
dimension,L32,1,hybrid_hbb,HBB,salt_pepper,0.4,0.2173,0.13216755828717366,4.3732123374938965,0.07004748780386788,0.07130821893653091,0.8752533197402954,0.46670952439308167,10000,7840000,4d596e7c4c4f2c1453e2cbc8dfc7889f58e71eb41800f7cc79393e316304fc2b,0.6995,0.7629799301919721,0.7832197213799039,0.06443207400283034,0.06582510091333973
dimension,L32,1,hybrid_hbb,HBB,pixel_masking,0.4,0.8487,0.8496483969950634,0.467303067445755,0.03253126753982233,0.02958773400053686,0.9783346652984619,0.04825964942574501,10000,7840000,4d596e7c4c4f2c1453e2cbc8dfc7889f58e71eb41800f7cc79393e316304fc2b,0.06809999999999994,0.07428010471204183,0.06573888267201411,0.026915853738784794,0.02410461597734568
dimension,L32,2,full_bp,BBB,gaussian,0.4,0.4898,0.4242352908582709,1.8087992668151855,0.053232247286426775,0.05014208288387376,0.9157389402389526,0.2774791419506073,10000,7840000,4d596e7c4c4f2c1453e2cbc8dfc7889f58e71eb41800f7cc79393e316304fc2b,0.4393,0.4728231621999785,0.5040755474167509,0.04557959761522254,0.042628981166956376
dimension,L32,2,full_bp,BBB,salt_pepper,0.4,0.2719,0.19469994063137774,4.097053050994873,0.08861369652261539,0.08317259073062819,0.8406849503517151,0.43830591440200806,10000,7840000,4d596e7c4c4f2c1453e2cbc8dfc7889f58e71eb41800f7cc79393e316304fc2b,0.6572,0.7073512000861049,0.7336108976436441,0.08096104685141114,0.07565948901371079
dimension,L32,2,full_bp,BBB,pixel_masking,0.4,0.8405,0.8437503628827558,0.48103633522987366,0.02830715963402573,0.029588026942039023,0.9838497042655945,0.05986155569553375,10000,7840000,4d596e7c4c4f2c1453e2cbc8dfc7889f58e71eb41800f7cc79393e316304fc2b,0.08860000000000001,0.09536110214185772,0.08456047539226597,0.020654509962821494,0.022074925225121635
dimension,L32,2,full_hebbian,HHH,gaussian,0.4,0.4157,0.3797188831622026,3.1794190406799316,0.08143031449609874,0.07881972251424985,0.9998191595077515,0.2786063849925995,10000,7840000,4d596e7c4c4f2c1453e2cbc8dfc7889f58e71eb41800f7cc79393e316304fc2b,0.3834,0.47978976348391944,0.4159505546570219,0.0524456690340626,0.049952452609003814
dimension,L32,2,full_hebbian,HHH,salt_pepper,0.4,0.2846,0.2332588868867838,4.82829475402832,0.11078161216268734,0.1093387921858807,0.9997146725654602,0.38491007685661316,10000,7840000,4d596e7c4c4f2c1453e2cbc8dfc7889f58e71eb41800f7cc79393e316304fc2b,0.5145,0.6438493304968088,0.5624105509324406,0.0817969667006512,0.08047152228063467
dimension,L32,2,full_hebbian,HHH,pixel_masking,0.4,0.6735,0.6587843255641795,0.9440001845359802,0.046444937460763114,0.04610484463438696,0.9999445080757141,0.08737704902887344,10000,7840000,4d596e7c4c4f2c1453e2cbc8dfc7889f58e71eb41800f7cc79393e316304fc2b,0.12560000000000004,0.15717682392691784,0.13688511225504496,0.017460291998726982,0.017237574729140923
dimension,L32,2,hybrid_hhb,HHB,gaussian,0.4,0.4423,0.36898931393145157,3.031831741333008,0.09472098491435148,0.0894770905942333,0.9196145534515381,0.3121374547481537,10000,7840000,4d596e7c4c4f2c1453e2cbc8dfc7889f58e71eb41800f7cc79393e316304fc2b,0.4724999999999999,0.5165063401836466,0.5447987346914684,0.08368652224735337,0.07891082814275002
dimension,L32,2,hybrid_hhb,HHB,salt_pepper,0.4,0.3107,0.23671442053251637,5.193401336669922,0.12478611079624721,0.12069482519967216,0.8871689438819885,0.4053925573825836,10000,7840000,4d596e7c4c4f2c1453e2cbc8dfc7889f58e71eb41800f7cc79393e316304fc2b,0.6041,0.660362920857018,0.6770736280904036,0.11375164812924911,0.11012856274818889
dimension,L32,2,hybrid_hhb,HHB,pixel_masking,0.4,0.8434,0.8421722140317917,0.5075298547744751,0.03258538071768625,0.03294041644505092,0.9896527528762817,0.05419154837727547,10000,7840000,4d596e7c4c4f2c1453e2cbc8dfc7889f58e71eb41800f7cc79393e316304fc2b,0.07139999999999991,0.07804984696108429,0.0716158345911283,0.021550918050688143,0.02237415399356764
dimension,L32,2,hybrid_hbb,HBB,gaussian,0.4,0.3693,0.3368016898626247,2.276484489440918,0.047847613346333404,0.04955272803014638,0.9268690347671509,0.3411301076412201,10000,7840000,4d596e7c4c4f2c1453e2cbc8dfc7889f58e71eb41800f7cc79393e316304fc2b,0.5523,0.5992838541666667,0.5839131105734346,0.03900122749075598,0.04084077787593919
dimension,L32,2,hybrid_hbb,HBB,salt_pepper,0.4,0.2337,0.16645210134696448,4.425955295562744,0.0735502628482118,0.07443052329238581,0.8795056343078613,0.45791152119636536,10000,7840000,4d596e7c4c4f2c1453e2cbc8dfc7889f58e71eb41800f7cc79393e316304fc2b,0.6879,0.7464192708333333,0.7542626990890948,0.06470387699263437,0.06571857313817862
dimension,L32,2,hybrid_hbb,HBB,pixel_masking,0.4,0.8519,0.853242985177744,0.45628535747528076,0.03132170931757713,0.030011978254512864,0.9843621253967285,0.04777076095342636,10000,7840000,4d596e7c4c4f2c1453e2cbc8dfc7889f58e71eb41800f7cc79393e316304fc2b,0.06969999999999998,0.07562934027777776,0.06747181525831536,0.022475323461999697,0.021300028100305672
dimension,L32,3,full_bp,BBB,gaussian,0.4,0.5589,0.5054662934045264,1.5818331241607666,0.047823449146504306,0.04696284814951371,0.9311901330947876,0.23667016625404358,10000,7840000,4d596e7c4c4f2c1453e2cbc8dfc7889f58e71eb41800f7cc79393e316304fc2b,0.3701000000000001,0.3983853606027988,0.42271780099474443,0.03935005718445291,0.03856037098923508
dimension,L32,3,full_bp,BBB,salt_pepper,0.4,0.2563,0.1878218884371494,3.557467460632324,0.08111726247047892,0.07864960255525551,0.8569740056991577,0.42097195982933044,10000,7840000,4d596e7c4c4f2c1453e2cbc8dfc7889f58e71eb41800f7cc79393e316304fc2b,0.6727000000000001,0.7241119483315394,0.7403622059621214,0.07264387050842752,0.07024712539497688
dimension,L32,3,full_bp,BBB,pixel_masking,0.4,0.8271,0.8290061267428704,0.5098605751991272,0.03404774696972905,0.034733582897575534,0.9808768630027771,0.06442870199680328,10000,7840000,4d596e7c4c4f2c1453e2cbc8dfc7889f58e71eb41800f7cc79393e316304fc2b,0.1019000000000001,0.10968783638320785,0.09917796765640041,0.025574355007677657,0.026331105737296905
dimension,L32,3,full_hebbian,HHH,gaussian,0.4,0.3189,0.2783326867003517,3.8003628253936768,0.07793130932243503,0.07703544607357103,0.9997448921203613,0.35336044430732727,10000,7840000,4d596e7c4c4f2c1453e2cbc8dfc7889f58e71eb41800f7cc79393e316304fc2b,0.46390000000000003,0.5926162493612672,0.49966293859700794,0.04737549625708132,0.04693301635664337
dimension,L32,3,full_hebbian,HHH,salt_pepper,0.4,0.2427,0.20265845328231472,5.305999279022217,0.10143154521085779,0.10038858690845723,0.9996297955513,0.41790059208869934,10000,7840000,4d596e7c4c4f2c1453e2cbc8dfc7889f58e71eb41800f7cc79393e316304fc2b,0.5401,0.6899591211037301,0.575337172015045,0.07087573214550408,0.07028615719152956
dimension,L32,3,full_hebbian,HHH,pixel_masking,0.4,0.6555,0.6484581603425936,0.9801112413406372,0.0486967276436942,0.04748906132445044,0.9999532103538513,0.08755959570407867,10000,7840000,4d596e7c4c4f2c1453e2cbc8dfc7889f58e71eb41800f7cc79393e316304fc2b,0.12730000000000008,0.16262135922330107,0.12953746495476604,0.01814091457834049,0.017386631607522775
dimension,L32,3,hybrid_hhb,HHB,gaussian,0.4,0.4122,0.3614117431730758,2.417982339859009,0.0908933639993473,0.08463735212987783,0.9277539253234863,0.3128795027732849,10000,7840000,4d596e7c4c4f2c1453e2cbc8dfc7889f58e71eb41800f7cc79393e316304fc2b,0.49019999999999997,0.5432180851063829,0.5398218832573729,0.08040570861758019,0.07471639357391668
dimension,L32,3,hybrid_hhb,HHB,salt_pepper,0.4,0.253,0.19261526857992478,4.759896755218506,0.12192495168569137,0.11467778384150291,0.8987247943878174,0.4408200681209564,10000,7840000,4d596e7c4c4f2c1453e2cbc8dfc7889f58e71eb41800f7cc79393e316304fc2b,0.6494,0.719636524822695,0.7086183578505239,0.11143729630392425,0.10475682528554177
dimension,L32,3,hybrid_hhb,HHB,pixel_masking,0.4,0.8114,0.8109051516351927,0.5665249824523926,0.0304423009911362,0.03373674942328005,0.9881652593612671,0.06192196160554886,10000,7840000,4d596e7c4c4f2c1453e2cbc8dfc7889f58e71eb41800f7cc79393e316304fc2b,0.09099999999999997,0.10084219858156025,0.09032847479525596,0.019954645609369083,0.02381579086731891
dimension,L32,3,hybrid_hbb,HBB,gaussian,0.4,0.544,0.5030239860519716,1.5309455394744873,0.048425673044944294,0.04577355535079022,0.9305980205535889,0.24585038423538208,10000,7840000,4d596e7c4c4f2c1453e2cbc8dfc7889f58e71eb41800f7cc79393e316304fc2b,0.38039999999999996,0.4115101687581133,0.420453650114449,0.04046610242395984,0.03805792320017912
dimension,L32,3,hybrid_hbb,HBB,salt_pepper,0.4,0.3308,0.26342249411636665,2.990034341812134,0.07980571029040279,0.0776069694519043,0.8793044686317444,0.3831331133842468,10000,7840000,4d596e7c4c4f2c1453e2cbc8dfc7889f58e71eb41800f7cc79393e316304fc2b,0.5936,0.6421462570315881,0.660055142050054,0.07184613966941834,0.06989133730129321
dimension,L32,3,hybrid_hbb,HBB,pixel_masking,0.4,0.8335,0.8352126528087664,0.5125511884689331,0.03033419877655652,0.0313192565450863,0.9836918711662292,0.06318596750497818,10000,7840000,4d596e7c4c4f2c1453e2cbc8dfc7889f58e71eb41800f7cc79393e316304fc2b,0.09089999999999998,0.098334054521852,0.0882649833576542,0.022374628155572073,0.0236036243944752
dimension,L32,4,full_bp,BBB,gaussian,0.4,0.2832,0.2569546210362187,3.238513708114624,0.05343975076480788,0.053672352187487546,0.9307476282119751,0.401577353477478,10000,7840000,4d596e7c4c4f2c1453e2cbc8dfc7889f58e71eb41800f7cc79393e316304fc2b,0.6395,0.6930746721577977,0.6648545316146942,0.03801938183453618,0.03806908791211187
dimension,L32,4,full_bp,BBB,salt_pepper,0.4,0.145,0.08382526747494211,6.488211154937744,0.08492327108577806,0.08336486349300462,0.8709858655929565,0.5295475721359253,10000,7840000,4d596e7c4c4f2c1453e2cbc8dfc7889f58e71eb41800f7cc79393e316304fc2b,0.7777,0.8428524981033922,0.8379838851759708,0.06950290215550636,0.06776159921762895
dimension,L32,4,full_bp,BBB,pixel_masking,0.4,0.8485,0.8495700335973941,0.4979427754878998,0.03698105499890386,0.0396096598255391,0.9941902160644531,0.05956751108169556,10000,7840000,4d596e7c4c4f2c1453e2cbc8dfc7889f58e71eb41800f7cc79393e316304fc2b,0.07419999999999993,0.08041616993605716,0.07223911905351876,0.02156068606863217,0.02400639555016342
dimension,L32,4,full_hebbian,HHH,gaussian,0.4,0.3846,0.3677110602570786,2.8798723220825195,0.06934071118101781,0.06760054059709822,0.999804675579071,0.2900172770023346,10000,7840000,4d596e7c4c4f2c1453e2cbc8dfc7889f58e71eb41800f7cc79393e316304fc2b,0.42929999999999996,0.5274603759675636,0.4437931948562,0.03950450572967529,0.03855996462374318
dimension,L32,4,full_hebbian,HHH,salt_pepper,0.4,0.2578,0.2264567354767834,4.88655424118042,0.09042831693376814,0.08853977309246452,0.9997084140777588,0.40484344959259033,10000,7840000,4d596e7c4c4f2c1453e2cbc8dfc7889f58e71eb41800f7cc79393e316304fc2b,0.5561,0.6832534709423763,0.5850475196364953,0.06059211148242562,0.05949919711910948
dimension,L32,4,full_hebbian,HHH,pixel_masking,0.4,0.6858,0.6793863321604926,0.9290444254875183,0.04879760858185437,0.04744917517681511,0.9999473690986633,0.08574598282575607,10000,7840000,4d596e7c4c4f2c1453e2cbc8dfc7889f58e71eb41800f7cc79393e316304fc2b,0.1281,0.15739034279395503,0.13211792295278602,0.018961403130511846,0.018408599203460066
dimension,L32,4,hybrid_hhb,HHB,gaussian,0.4,0.2827,0.2656920110411828,3.8247694969177246,0.10713145994848135,0.10531071942387794,0.9134571552276611,0.41313228011131287,10000,7840000,4d596e7c4c4f2c1453e2cbc8dfc7889f58e71eb41800f7cc79393e316304fc2b,0.6156999999999999,0.6853294746215494,0.6313929361520579,0.09322593941007341,0.09152568009824169
dimension,L32,4,hybrid_hhb,HHB,salt_pepper,0.4,0.1789,0.13635507992882837,6.778660774230957,0.13772388958055146,0.1377474939151686,0.8794549107551575,0.5137206315994263,10000,7840000,4d596e7c4c4f2c1453e2cbc8dfc7889f58e71eb41800f7cc79393e316304fc2b,0.7195,0.8008682101513803,0.7607298672644124,0.12381836904214352,0.12396245458953234
dimension,L32,4,hybrid_hhb,HHB,pixel_masking,0.4,0.8153,0.8137118241292207,0.5678066611289978,0.03590855070620167,0.035373506655011856,0.9905686378479004,0.05801734700798988,10000,7840000,4d596e7c4c4f2c1453e2cbc8dfc7889f58e71eb41800f7cc79393e316304fc2b,0.08309999999999995,0.09249777382012461,0.08337312306402,0.022003030167793744,0.021588467329375596
dimension,L32,4,hybrid_hbb,HBB,gaussian,0.4,0.2826,0.21509332443851642,3.6538214683532715,0.05410411166755521,0.0556207075313646,0.9376845955848694,0.39685070514678955,10000,7840000,4d596e7c4c4f2c1453e2cbc8dfc7889f58e71eb41800f7cc79393e316304fc2b,0.6236999999999999,0.6881827209533267,0.6895147195051414,0.0349231721858589,0.03627111248872718
dimension,L32,4,hybrid_hbb,HBB,salt_pepper,0.4,0.1773,0.10278047767816223,6.573003768920898,0.07735384783063616,0.08034528702716438,0.8801905512809753,0.4967089295387268,10000,7840000,4d596e7c4c4f2c1453e2cbc8dfc7889f58e71eb41800f7cc79393e316304fc2b,0.729,0.8043694141012909,0.8018275662654956,0.05817290834893986,0.060995691984526965
dimension,L32,4,hybrid_hbb,HBB,pixel_masking,0.4,0.8136,0.813408215053888,0.5892730355262756,0.039245550622745436,0.0400897885380959,0.9945885539054871,0.06802581995725632,10000,7840000,4d596e7c4c4f2c1453e2cbc8dfc7889f58e71eb41800f7cc79393e316304fc2b,0.0927,0.10228401191658391,0.09119982888976974,0.02006461114104913,0.020740193495458487
dimension,L128,0,full_bp,BBB,gaussian,0.4,0.3511,0.2972481236374787,4.173945903778076,0.029993931139731894,0.03014443911338339,0.9077503681182861,0.3812373876571655,10000,7840000,4d596e7c4c4f2c1453e2cbc8dfc7889f58e71eb41800f7cc79393e316304fc2b,0.5753999999999999,0.6210469508904478,0.6282216890318437,0.027880626292131387,0.028128804035089456
dimension,L128,0,full_bp,BBB,salt_pepper,0.4,0.2142,0.11115635102465504,8.704946517944336,0.05888147463895837,0.058734875457140866,0.8611326217651367,0.501685380935669,10000,7840000,4d596e7c4c4f2c1453e2cbc8dfc7889f58e71eb41800f7cc79393e316304fc2b,0.7122999999999999,0.7688073394495413,0.8143134616446673,0.05676816979135786,0.05671924037884693
dimension,L128,0,full_bp,BBB,pixel_masking,0.4,0.8464,0.8448906958278861,0.49013790488243103,0.03189453156140386,0.03351747319746991,0.9552009701728821,0.06129289045929909,10000,7840000,4d596e7c4c4f2c1453e2cbc8dfc7889f58e71eb41800f7cc79393e316304fc2b,0.08009999999999995,0.08645439827307064,0.08057911684143626,0.02978122671380335,0.03150183811917597
dimension,L128,0,full_hebbian,HHH,gaussian,0.4,0.4131,0.39264848361748417,3.861440896987915,0.0852555294503971,0.08419645170095015,0.999691903591156,0.35638681054115295,10000,7840000,4d596e7c4c4f2c1453e2cbc8dfc7889f58e71eb41800f7cc79393e316304fc2b,0.5166999999999999,0.5557109055710905,0.5362909557652851,0.07138755681952652,0.07102864013204768
dimension,L128,0,full_hebbian,HHH,salt_pepper,0.4,0.2791,0.24221691777360754,6.315425395965576,0.12029566541399274,0.11830047468847157,0.9995142817497253,0.45592159032821655,10000,7840000,4d596e7c4c4f2c1453e2cbc8dfc7889f58e71eb41800f7cc79393e316304fc2b,0.6507,0.6998279199827919,0.6867225216091617,0.10642769278312215,0.1051326631195691
dimension,L128,0,full_hebbian,HHH,pixel_masking,0.4,0.8489,0.8478505969649628,0.47606855630874634,0.03828914473008136,0.0363550804332811,0.9999384880065918,0.06348543614149094,10000,7840000,4d596e7c4c4f2c1453e2cbc8dfc7889f58e71eb41800f7cc79393e316304fc2b,0.08089999999999997,0.08700795870079585,0.08108884241780645,0.024421172099210776,0.023187268864378642
dimension,L128,0,hybrid_hhb,HHB,gaussian,0.4,0.1399,0.06740959936942895,10.251056671142578,0.048529522331393495,0.05407557751402563,0.8828487396240234,0.5647519826889038,10000,7840000,4d596e7c4c4f2c1453e2cbc8dfc7889f58e71eb41800f7cc79393e316304fc2b,0.7931,0.85005359056806,0.8645947179278254,0.04498696762299051,0.05074897377831595
dimension,L128,0,hybrid_hhb,HHB,salt_pepper,0.4,0.1152,0.04563033254264162,12.284818649291992,0.07218196660255899,0.07914669669015068,0.845003604888916,0.5898476243019104,10000,7840000,4d596e7c4c4f2c1453e2cbc8dfc7889f58e71eb41800f7cc79393e316304fc2b,0.8178000000000001,0.8765273311897106,0.8863739847546127,0.06863941189415601,0.075820092954441
dimension,L128,0,hybrid_hhb,HHB,pixel_masking,0.4,0.8402,0.8359787016379874,0.4868329167366028,0.03202057832990374,0.032239912180997886,0.9640848636627197,0.06688857823610306,10000,7840000,4d596e7c4c4f2c1453e2cbc8dfc7889f58e71eb41800f7cc79393e316304fc2b,0.0928000000000001,0.0994640943193999,0.09602561565926693,0.028478023621500752,0.028913308445288208
dimension,L128,0,hybrid_hbb,HBB,gaussian,0.4,0.305,0.27263851323084237,3.574066400527954,0.028018047087533134,0.028233337744887996,0.9020748734474182,0.4064368009567261,10000,7840000,4d596e7c4c4f2c1453e2cbc8dfc7889f58e71eb41800f7cc79393e316304fc2b,0.6247,0.6719371840378617,0.65609913002425,0.025738762942868837,0.026042666974116346
dimension,L128,0,hybrid_hbb,HBB,salt_pepper,0.4,0.1971,0.12685013215201063,8.110990524291992,0.058402131621691646,0.059823737646608935,0.8514044880867004,0.5091083645820618,10000,7840000,4d596e7c4c4f2c1453e2cbc8dfc7889f58e71eb41800f7cc79393e316304fc2b,0.7325999999999999,0.7879961277831558,0.8018875111030817,0.05612284747702735,0.05763306687583729
dimension,L128,0,hybrid_hbb,HBB,pixel_masking,0.4,0.8416,0.8397838342481861,0.4828433692455292,0.029450656303094357,0.033200702566030076,0.9575812220573425,0.0620347335934639,10000,7840000,4d596e7c4c4f2c1453e2cbc8dfc7889f58e71eb41800f7cc79393e316304fc2b,0.08809999999999996,0.09476175110250613,0.08895380900690619,0.02717137215843006,0.031010031795258425
dimension,L128,1,full_bp,BBB,gaussian,0.4,0.2445,0.17746758362773174,5.531781196594238,0.028268858578740334,0.029496198564646196,0.8882863521575928,0.45877134799957275,10000,7840000,4d596e7c4c4f2c1453e2cbc8dfc7889f58e71eb41800f7cc79393e316304fc2b,0.6859999999999999,0.7372380440623321,0.7522014103520773,0.02618797391872017,0.027558461735443192
dimension,L128,1,full_bp,BBB,salt_pepper,0.4,0.1655,0.10392244114852711,9.056672096252441,0.05663021165497449,0.05813589255663813,0.8420816659927368,0.5321505069732666,10000,7840000,4d596e7c4c4f2c1453e2cbc8dfc7889f58e71eb41800f7cc79393e316304fc2b,0.765,0.8221386351423966,0.825746552831282,0.05454932699495432,0.05619815572743513
dimension,L128,1,full_bp,BBB,pixel_masking,0.4,0.8432,0.8437275721283986,0.4904356896877289,0.03211254847390311,0.03272076017418686,0.957175612449646,0.06553785502910614,10000,7840000,4d596e7c4c4f2c1453e2cbc8dfc7889f58e71eb41800f7cc79393e316304fc2b,0.08730000000000004,0.09382052659860295,0.08594142185141052,0.030031663813882944,0.030783023344983857
dimension,L128,1,full_hebbian,HHH,gaussian,0.4,0.393,0.3706771088310855,4.604616641998291,0.09300168685913086,0.08473130486935986,0.9995937347412109,0.3673388659954071,10000,7840000,4d596e7c4c4f2c1453e2cbc8dfc7889f58e71eb41800f7cc79393e316304fc2b,0.541,0.5792291220556746,0.562504345260075,0.0785762939161184,0.07041642903308479
dimension,L128,1,full_hebbian,HHH,salt_pepper,0.4,0.278,0.2279063711213428,6.70556116104126,0.1302588653720155,0.12064145359895667,0.9993923902511597,0.4527648091316223,10000,7840000,4d596e7c4c4f2c1453e2cbc8dfc7889f58e71eb41800f7cc79393e316304fc2b,0.656,0.702355460385439,0.7052750829698177,0.11583347242900303,0.1063265777626816
dimension,L128,1,full_hebbian,HHH,pixel_masking,0.4,0.8324,0.8307895190097305,0.541738748550415,0.03553299317651865,0.03664762229140924,0.9999383091926575,0.07201937586069107,10000,7840000,4d596e7c4c4f2c1453e2cbc8dfc7889f58e71eb41800f7cc79393e316304fc2b,0.10160000000000002,0.108779443254818,0.10239193508142996,0.021107600233506184,0.02233274645513418
dimension,L128,1,hybrid_hhb,HHB,gaussian,0.4,0.2087,0.1365640197231906,7.773617267608643,0.055573916703827525,0.05632246092192981,0.8500086665153503,0.5087804198265076,10000,7840000,4d596e7c4c4f2c1453e2cbc8dfc7889f58e71eb41800f7cc79393e316304fc2b,0.7276,0.7771013564028624,0.7990560209920878,0.05179597873152519,0.05289957736803561
dimension,L128,1,hybrid_hhb,HHB,salt_pepper,0.4,0.1627,0.09623466875794959,9.694164276123047,0.07945560196078554,0.080659304622728,0.8124104738235474,0.5484830737113953,10000,7840000,4d596e7c4c4f2c1453e2cbc8dfc7889f58e71eb41800f7cc79393e316304fc2b,0.7736000000000001,0.8262309088967212,0.8393853719573288,0.07567766398848319,0.0772364210688338
dimension,L128,1,hybrid_hhb,HHB,pixel_masking,0.4,0.8272,0.8273168034461659,0.5151468515396118,0.03299106513821349,0.033552853922941245,0.9580621123313904,0.07898583263158798,10000,7840000,4d596e7c4c4f2c1453e2cbc8dfc7889f58e71eb41800f7cc79393e316304fc2b,0.10909999999999997,0.11652248211043466,0.1083032372691125,0.02921312716591115,0.030129970369047045
dimension,L128,1,hybrid_hbb,HBB,gaussian,0.4,0.2151,0.12239588182244068,6.794095993041992,0.027182400882487395,0.02710298638635752,0.906531035900116,0.5007612109184265,10000,7840000,4d596e7c4c4f2c1453e2cbc8dfc7889f58e71eb41800f7cc79393e316304fc2b,0.7124999999999999,0.7681112548512289,0.8043156481937679,0.024984997358614085,0.025059239050320217
dimension,L128,1,hybrid_hbb,HBB,salt_pepper,0.4,0.1463,0.07647002201067235,10.631155014038086,0.055932317196592994,0.05573307825205277,0.8630629181861877,0.5604588985443115,10000,7840000,4d596e7c4c4f2c1453e2cbc8dfc7889f58e71eb41800f7cc79393e316304fc2b,0.7813,0.8422811556705476,0.8502415080055362,0.05373491367271968,0.053689330916015465
dimension,L128,1,hybrid_hbb,HBB,pixel_masking,0.4,0.826,0.8281227542711269,0.5400775671005249,0.03564271517383809,0.03367916504217654,0.9559707045555115,0.07016962021589279,10000,7840000,4d596e7c4c4f2c1453e2cbc8dfc7889f58e71eb41800f7cc79393e316304fc2b,0.10160000000000002,0.10952996981457527,0.09858877574508162,0.03344531164996478,0.03163541770613923
dimension,L128,2,full_bp,BBB,gaussian,0.4,0.3832,0.3433391738001307,3.47094988822937,0.03283130217182393,0.03506452422239342,0.8874005675315857,0.3536667227745056,10000,7840000,4d596e7c4c4f2c1453e2cbc8dfc7889f58e71eb41800f7cc79393e316304fc2b,0.5413,0.5855056787452677,0.5800853019417989,0.030595439087858004,0.0329019923813489
dimension,L128,2,full_bp,BBB,salt_pepper,0.4,0.262,0.20492213911738685,6.020964622497559,0.06369432257048938,0.06671199580601284,0.8353990316390991,0.4534609913825989,10000,7840000,4d596e7c4c4f2c1453e2cbc8dfc7889f58e71eb41800f7cc79393e316304fc2b,0.6625,0.7166035694970254,0.7185023366245427,0.061458459486523453,0.06454946396496831
dimension,L128,2,full_bp,BBB,pixel_masking,0.4,0.8495,0.8480727167062956,0.46881675720214844,0.028218530468064912,0.034890940592240315,0.9600021243095398,0.05402026325464249,10000,7840000,4d596e7c4c4f2c1453e2cbc8dfc7889f58e71eb41800f7cc79393e316304fc2b,0.07499999999999996,0.08112493239588962,0.07535175903563396,0.025982667384098986,0.032728408751195794
dimension,L128,2,full_hebbian,HHH,gaussian,0.4,0.4155,0.3359773225379893,3.8878672122955322,0.06431459327230649,0.0696220069729552,0.999625563621521,0.35294443368911743,10000,7840000,4d596e7c4c4f2c1453e2cbc8dfc7889f58e71eb41800f7cc79393e316304fc2b,0.5156000000000001,0.5537536247449254,0.5941722314149278,0.04818094457509567,0.05402940946306502
dimension,L128,2,full_hebbian,HHH,salt_pepper,0.4,0.2923,0.20961952906362788,6.692948341369629,0.09812276267226862,0.10388588937253368,0.9994232654571533,0.4503594636917114,10000,7840000,4d596e7c4c4f2c1453e2cbc8dfc7889f58e71eb41800f7cc79393e316304fc2b,0.6388,0.6860702395016647,0.7205300248892892,0.0819891139750578,0.0882932918626435
dimension,L128,2,full_hebbian,HHH,pixel_masking,0.4,0.8502,0.848990067757183,0.4747067391872406,0.038079487025981046,0.036288681723147025,0.99993497133255,0.06480797380208969,10000,7840000,4d596e7c4c4f2c1453e2cbc8dfc7889f58e71eb41800f7cc79393e316304fc2b,0.08090000000000008,0.08688647835893039,0.0811594861957341,0.02194583832877023,0.02069608421325684
dimension,L128,2,hybrid_hhb,HHB,gaussian,0.4,0.2062,0.12927167331238187,8.086630821228027,0.05415711933058135,0.054743418206973954,0.8752161264419556,0.5058585405349731,10000,7840000,4d596e7c4c4f2c1453e2cbc8dfc7889f58e71eb41800f7cc79393e316304fc2b,0.7297,0.7796773159525591,0.8057095094787454,0.05035792556879472,0.051123031990868706
dimension,L128,2,hybrid_hhb,HHB,salt_pepper,0.4,0.1639,0.08786788358214252,10.192412376403809,0.077812748982955,0.08092711018153599,0.8374336957931519,0.5438865423202515,10000,7840000,4d596e7c4c4f2c1453e2cbc8dfc7889f58e71eb41800f7cc79393e316304fc2b,0.772,0.8248744523987606,0.8471132992089848,0.07401355522116836,0.07730672396543074
dimension,L128,2,hybrid_hhb,HHB,pixel_masking,0.4,0.8547,0.8542307885266542,0.46014970541000366,0.03233096738153574,0.03320794063490264,0.9670459032058716,0.06304997950792313,10000,7840000,4d596e7c4c4f2c1453e2cbc8dfc7889f58e71eb41800f7cc79393e316304fc2b,0.08119999999999994,0.08676140613313382,0.08075039426447306,0.028531773619749106,0.029587554418797395
dimension,L128,2,hybrid_hbb,HBB,gaussian,0.4,0.4548,0.4213733149087414,2.427616834640503,0.029335924475533622,0.03007843637661058,0.9124451279640198,0.30309855937957764,10000,7840000,4d596e7c4c4f2c1453e2cbc8dfc7889f58e71eb41800f7cc79393e316304fc2b,0.47440000000000004,0.5105467068445976,0.50680206213452,0.027055792253844593,0.027903476582497967
dimension,L128,2,hybrid_hbb,HBB,salt_pepper,0.4,0.2462,0.19165920275064896,6.757351398468018,0.057621474324440466,0.0586577031894606,0.8617603778839111,0.46641767024993896,10000,7840000,4d596e7c4c4f2c1453e2cbc8dfc7889f58e71eb41800f7cc79393e316304fc2b,0.683,0.7350408953938873,0.7365161742926124,0.055341342102751434,0.056482743395347985
dimension,L128,2,hybrid_hbb,HBB,pixel_masking,0.4,0.8566,0.8550203967037966,0.44237416982650757,0.030700849315098352,0.0344910164969308,0.9602145552635193,0.05215013399720192,10000,7840000,4d596e7c4c4f2c1453e2cbc8dfc7889f58e71eb41800f7cc79393e316304fc2b,0.0726,0.07813172621609987,0.07315498033946477,0.028420717093409324,0.03231605670281819
dimension,L128,3,full_bp,BBB,gaussian,0.4,0.292,0.237158415306211,4.415896892547607,0.027926845387050085,0.02756829203002307,0.907703697681427,0.4257095754146576,10000,7840000,4d596e7c4c4f2c1453e2cbc8dfc7889f58e71eb41800f7cc79393e316304fc2b,0.6304000000000001,0.6834345186470079,0.6841313231856503,0.02566717262073439,0.025378373828712775
dimension,L128,3,full_bp,BBB,salt_pepper,0.4,0.1955,0.1325723267569193,7.824172496795654,0.05674351032023527,0.057578186930442345,0.8592653274536133,0.508777916431427,10000,7840000,4d596e7c4c4f2c1453e2cbc8dfc7889f58e71eb41800f7cc79393e316304fc2b,0.7269,0.788052905464007,0.7887174117349419,0.05448383755391958,0.05538826872913205
dimension,L128,3,full_bp,BBB,pixel_masking,0.4,0.8266,0.8246458365521786,0.5164949297904968,0.029543769999912806,0.033531510645029496,0.9624932408332825,0.06419451534748077,10000,7840000,4d596e7c4c4f2c1453e2cbc8dfc7889f58e71eb41800f7cc79393e316304fc2b,0.0958,0.10385949696444059,0.09664390193968264,0.027284097233597114,0.0313415924437192
dimension,L128,3,full_hebbian,HHH,gaussian,0.4,0.3658,0.35009335832048627,4.3726701736450195,0.06783330401985013,0.07384837472098214,0.9996769428253174,0.3759342432022095,10000,7840000,4d596e7c4c4f2c1453e2cbc8dfc7889f58e71eb41800f7cc79393e316304fc2b,0.5579,0.6039839774818664,0.5725734841485882,0.05282911194003359,0.05932890357971191
dimension,L128,3,full_hebbian,HHH,salt_pepper,0.4,0.2726,0.2570396396979157,6.017618179321289,0.10135859999364737,0.10847457347013513,0.9995237588882446,0.45357567071914673,10000,7840000,4d596e7c4c4f2c1453e2cbc8dfc7889f58e71eb41800f7cc79393e316304fc2b,0.6511,0.7048825376204396,0.6656272027711587,0.08635440791383082,0.0939551023288649
dimension,L128,3,full_hebbian,HHH,pixel_masking,0.4,0.8331,0.831282724705791,0.5329329967498779,0.03940903792089345,0.03728386363983154,0.9999396204948425,0.07282697409391403,10000,7840000,4d596e7c4c4f2c1453e2cbc8dfc7889f58e71eb41800f7cc79393e316304fc2b,0.09060000000000001,0.0980837934394284,0.09138411776328348,0.024404845841076907,0.02276439249856131
dimension,L128,3,hybrid_hhb,HHB,gaussian,0.4,0.1839,0.1184236063758809,7.903387546539307,0.04731648362607372,0.0512902042466767,0.8707876801490784,0.5225518345832825,10000,7840000,4d596e7c4c4f2c1453e2cbc8dfc7889f58e71eb41800f7cc79393e316304fc2b,0.7512000000000001,0.8033365415463587,0.8157583355342929,0.04352753760668696,0.047783278495438244
dimension,L128,3,hybrid_hhb,HHB,salt_pepper,0.4,0.1501,0.08126605550003942,10.79447078704834,0.07171582363673619,0.07696805807619679,0.8287111520767212,0.5556517839431763,10000,7840000,4d596e7c4c4f2c1453e2cbc8dfc7889f58e71eb41800f7cc79393e316304fc2b,0.785,0.8394824082985777,0.8529158864101344,0.06792687761734943,0.07346113232495834
dimension,L128,3,hybrid_hhb,HHB,pixel_masking,0.4,0.8333,0.8311904917691469,0.5053983330726624,0.032560653375119576,0.03371367733235262,0.9640378952026367,0.07199817150831223,10000,7840000,4d596e7c4c4f2c1453e2cbc8dfc7889f58e71eb41800f7cc79393e316304fc2b,0.1018,0.10886536199336969,0.10299145014102684,0.02877170735573282,0.030206751581114168
dimension,L128,3,hybrid_hbb,HBB,gaussian,0.4,0.2914,0.21800385492829794,4.537217140197754,0.029510545255699936,0.02832832413887491,0.9106757044792175,0.4268952012062073,10000,7840000,4d596e7c4c4f2c1453e2cbc8dfc7889f58e71eb41800f7cc79393e316304fc2b,0.6337,0.6850070262674306,0.7061304121806089,0.027118053870784992,0.0260801343912981
dimension,L128,3,hybrid_hbb,HBB,salt_pepper,0.4,0.198,0.12940733418823971,8.17673397064209,0.05759365436787508,0.0567123790351712,0.8672786355018616,0.5096040368080139,10000,7840000,4d596e7c4c4f2c1453e2cbc8dfc7889f58e71eb41800f7cc79393e316304fc2b,0.7271000000000001,0.7859690844233056,0.7947269329206671,0.055201162982960135,0.05446418928759439
dimension,L128,3,hybrid_hbb,HBB,pixel_masking,0.4,0.8568,0.8551502294437077,0.4457636773586273,0.029627219846297282,0.03277835919127172,0.9631182551383972,0.05270109325647354,10000,7840000,4d596e7c4c4f2c1453e2cbc8dfc7889f58e71eb41800f7cc79393e316304fc2b,0.06830000000000003,0.07382985623175875,0.06898403766519912,0.02723472846138234,0.03053016944369491
dimension,L128,4,full_bp,BBB,gaussian,0.4,0.3956,0.36553008876394244,2.6523518562316895,0.02946386249697938,0.03091157358519885,0.9130327105522156,0.3366555869579315,10000,7840000,4d596e7c4c4f2c1453e2cbc8dfc7889f58e71eb41800f7cc79393e316304fc2b,0.5234000000000001,0.569532100108814,0.5522862408476784,0.027280919066010687,0.028749656606207086
dimension,L128,4,full_bp,BBB,salt_pepper,0.4,0.2497,0.18263639722270977,6.9250922203063965,0.059642811786885165,0.06245193409043916,0.8672515749931335,0.46161285042762756,10000,7840000,4d596e7c4c4f2c1453e2cbc8dfc7889f58e71eb41800f7cc79393e316304fc2b,0.6693,0.7282916213275299,0.7351799323889111,0.057459868355916474,0.060290017111447394
dimension,L128,4,full_bp,BBB,pixel_masking,0.4,0.8399,0.8374303657237565,0.4997594356536865,0.03126544744919758,0.03522903331834443,0.9580101370811462,0.059311866760253906,10000,7840000,4d596e7c4c4f2c1453e2cbc8dfc7889f58e71eb41800f7cc79393e316304fc2b,0.07910000000000006,0.08607181719260071,0.08038596388786434,0.029082504018228882,0.033067116339352665
dimension,L128,4,full_hebbian,HHH,gaussian,0.4,0.247,0.1951657115415954,4.994426250457764,0.07273335682615942,0.07435245429836974,0.9996374249458313,0.4638410210609436,10000,7840000,4d596e7c4c4f2c1453e2cbc8dfc7889f58e71eb41800f7cc79393e316304fc2b,0.6794,0.7333765112262521,0.7303617028161049,0.059796664644747366,0.06138775354112898
dimension,L128,4,full_hebbian,HHH,salt_pepper,0.4,0.1809,0.12173687572148947,8.331209182739258,0.10411325865765007,0.10832488706939074,0.9994604587554932,0.5299705862998962,10000,7840000,4d596e7c4c4f2c1453e2cbc8dfc7889f58e71eb41800f7cc79393e316304fc2b,0.7455,0.8047279792746115,0.8037905386362107,0.09117656647623802,0.09536018631214997
dimension,L128,4,full_hebbian,HHH,pixel_masking,0.4,0.8455,0.8440944946721594,0.4883349537849426,0.037034098691356425,0.03751600745454126,0.9999246001243591,0.06595858186483383,10000,7840000,4d596e7c4c4f2c1453e2cbc8dfc7889f58e71eb41800f7cc79393e316304fc2b,0.08089999999999997,0.08732728842832467,0.0814329196855409,0.02409740650994437,0.0245513066973005
dimension,L128,4,hybrid_hhb,HHB,gaussian,0.4,0.2488,0.2045550324888603,5.951433181762695,0.050139732734524475,0.05273395451915507,0.8755315542221069,0.4673962891101837,10000,7840000,4d596e7c4c4f2c1453e2cbc8dfc7889f58e71eb41800f7cc79393e316304fc2b,0.6819,0.7326743311485978,0.7250544701171716,0.0466816918572601,0.04941871903769824
dimension,L128,4,hybrid_hhb,HHB,salt_pepper,0.4,0.192,0.12001043647593113,8.589369773864746,0.07156031310412349,0.07645050185845823,0.8340888619422913,0.519510805606842,10000,7840000,4d596e7c4c4f2c1453e2cbc8dfc7889f58e71eb41800f7cc79393e316304fc2b,0.7386999999999999,0.7937036639088857,0.8095990661301008,0.06810227222685912,0.07313526637700139
dimension,L128,4,hybrid_hhb,HHB,pixel_masking,0.4,0.8322,0.8299836547884049,0.5114017724990845,0.03242574026925223,0.03487287594152957,0.9596814513206482,0.07036469876766205,10000,7840000,4d596e7c4c4f2c1453e2cbc8dfc7889f58e71eb41800f7cc79393e316304fc2b,0.09849999999999992,0.10583431825507675,0.09962584781762707,0.02896769939198786,0.031557640460072735
dimension,L128,4,hybrid_hbb,HBB,gaussian,0.4,0.3628,0.37260357544148354,3.0471644401550293,0.026655000332423618,0.027070516485097458,0.9135702848434448,0.35403236746788025,10000,7840000,4d596e7c4c4f2c1453e2cbc8dfc7889f58e71eb41800f7cc79393e316304fc2b,0.5569999999999999,0.6055664274842357,0.5460482435801646,0.02445139166554626,0.02479033983921518
dimension,L128,4,hybrid_hbb,HBB,salt_pepper,0.4,0.217,0.17263350938130084,6.4909186363220215,0.0528707029070173,0.05592487076739876,0.8716605305671692,0.47965118288993835,10000,7840000,4d596e7c4c4f2c1453e2cbc8dfc7889f58e71eb41800f7cc79393e316304fc2b,0.7028,0.7640791476407915,0.7460183096403472,0.050667094240139945,0.053644694121516484
dimension,L128,4,hybrid_hbb,HBB,pixel_masking,0.4,0.8281,0.8267990412175422,0.519050657749176,0.03381600229691486,0.0366338924330108,0.9583411812782288,0.06563195586204529,10000,7840000,4d596e7c4c4f2c1453e2cbc8dfc7889f58e71eb41800f7cc79393e316304fc2b,0.0917,0.09969558599695587,0.09185277780410583,0.031612393630037504,0.03435371578712853
architecture,early_heavy,0,full_bp,BBB,gaussian,0.4,0.4495,0.4145055786601327,1.8631685972213745,0.040845421179946585,0.04732082086679887,0.9121237993240356,0.2928077280521393,10000,7840000,4d596e7c4c4f2c1453e2cbc8dfc7889f58e71eb41800f7cc79393e316304fc2b,0.46799999999999997,0.5100817438692098,0.5016131070315393,0.03721391439632493,0.041957300848863566
architecture,early_heavy,0,full_bp,BBB,salt_pepper,0.4,0.2567,0.19252770546781434,3.434664726257324,0.0759011316260513,0.07472684716983717,0.85465008020401,0.428500235080719,10000,7840000,4d596e7c4c4f2c1453e2cbc8dfc7889f58e71eb41800f7cc79393e316304fc2b,0.6608,0.7202179836512262,0.7235909802238576,0.07226962484242966,0.06936332715190187
architecture,early_heavy,0,full_bp,BBB,pixel_masking,0.4,0.8612,0.8605261384289411,0.4382931590080261,0.023870507777467066,0.0281153901002845,0.9766921997070312,0.04275825619697571,10000,7840000,4d596e7c4c4f2c1453e2cbc8dfc7889f58e71eb41800f7cc79393e316304fc2b,0.05630000000000002,0.061362397820163506,0.055592547262730885,0.020239000993845412,0.022751870082349194
architecture,early_heavy,0,full_hebbian,HHH,gaussian,0.4,0.5391,0.5217682515927419,1.5939103364944458,0.07878273873621104,0.07344997570271394,0.9997842907905579,0.21976713836193085,10000,7840000,4d596e7c4c4f2c1453e2cbc8dfc7889f58e71eb41800f7cc79393e316304fc2b,0.34819999999999995,0.39242646230136363,0.36389831694596364,0.04377809854624223,0.039064274110599435
architecture,early_heavy,0,full_hebbian,HHH,salt_pepper,0.4,0.3805,0.3517584970673228,2.920562505722046,0.10498066350197305,0.09840812692447584,0.9996699094772339,0.3294619023799896,10000,7840000,4d596e7c4c4f2c1453e2cbc8dfc7889f58e71eb41800f7cc79393e316304fc2b,0.5067999999999999,0.5711709681054885,0.5339080714713826,0.06997602331200424,0.06402242533236133
architecture,early_heavy,0,full_hebbian,HHH,pixel_masking,0.4,0.8072,0.8041455367487208,0.6133046746253967,0.04530916579888791,0.04699524627218441,0.9999544024467468,0.06409383565187454,10000,7840000,4d596e7c4c4f2c1453e2cbc8dfc7889f58e71eb41800f7cc79393e316304fc2b,0.08009999999999995,0.09027386453285242,0.08152103178998471,0.010304525608919105,0.012609544680069903
architecture,early_heavy,0,hybrid_hhb,HHB,gaussian,0.4,0.6275,0.6353396716766473,1.0774446725845337,0.05089432259384467,0.05081038237591179,0.9276406168937683,0.17321839928627014,10000,7840000,4d596e7c4c4f2c1453e2cbc8dfc7889f58e71eb41800f7cc79393e316304fc2b,0.2933,0.3185273675065161,0.28404359526102774,0.04569705304758889,0.04445681196232231
architecture,early_heavy,0,hybrid_hhb,HHB,salt_pepper,0.4,0.4887,0.4692897520600895,2.0199835300445557,0.07021583827271753,0.07153048548795739,0.8972567319869995,0.27060404419898987,10000,7840000,4d596e7c4c4f2c1453e2cbc8dfc7889f58e71eb41800f7cc79393e316304fc2b,0.43209999999999993,0.4692658557775847,0.45009351487758553,0.06501856872646176,0.06517691507436792
architecture,early_heavy,0,hybrid_hhb,HHB,pixel_masking,0.4,0.8191,0.8182178299291143,0.5303254127502441,0.03450489327566964,0.035429480081675006,0.9742977619171143,0.06627587974071503,10000,7840000,4d596e7c4c4f2c1453e2cbc8dfc7889f58e71eb41800f7cc79393e316304fc2b,0.1016999999999999,0.11044743701129442,0.10116543700856073,0.029307623729413868,0.02907590966808553
architecture,early_heavy,0,hybrid_hbb,HBB,gaussian,0.4,0.6497,0.6276343304132715,1.0320653915405273,0.04002190125913036,0.04180789524779028,0.9238423109054565,0.16611330211162567,10000,7840000,4d596e7c4c4f2c1453e2cbc8dfc7889f58e71eb41800f7cc79393e316304fc2b,0.2678999999999999,0.29195727986050557,0.28859672699867656,0.03639405367471734,0.03658472258120167
architecture,early_heavy,0,hybrid_hbb,HBB,salt_pepper,0.4,0.3436,0.2904682905819368,3.7166688442230225,0.07231264959841359,0.07356003495041205,0.8690185546875,0.37484413385391235,10000,7840000,4d596e7c4c4f2c1453e2cbc8dfc7889f58e71eb41800f7cc79393e316304fc2b,0.574,0.6255448997384481,0.6257627668300113,0.06868480201400057,0.06833686228382345
architecture,early_heavy,0,hybrid_hbb,HBB,pixel_masking,0.4,0.8637,0.8638183154039047,0.43362271785736084,0.026994837908842127,0.0284421646196015,0.9741925597190857,0.0428861640393734,10000,7840000,4d596e7c4c4f2c1453e2cbc8dfc7889f58e71eb41800f7cc79393e316304fc2b,0.05389999999999995,0.05874019180470788,0.052412742008043356,0.023366990324429106,0.023218991953012892
architecture,early_heavy,1,full_bp,BBB,gaussian,0.4,0.4793,0.48735039822560866,1.6029400825500488,0.03390392288285859,0.035035914265379615,0.9314135909080505,0.2687862813472748,10000,7840000,4d596e7c4c4f2c1453e2cbc8dfc7889f58e71eb41800f7cc79393e316304fc2b,0.43939999999999996,0.47828453249156416,0.43004895919952524,0.03094250449088155,0.030486462033524807
architecture,early_heavy,1,full_bp,BBB,salt_pepper,0.4,0.2273,0.16683506594739173,6.001984119415283,0.06767059828310597,0.07493853211694834,0.8845465779304504,0.4747675359249115,10000,7840000,4d596e7c4c4f2c1453e2cbc8dfc7889f58e71eb41800f7cc79393e316304fc2b,0.6914,0.7525851747033853,0.7505642914777422,0.06470917989112893,0.07038907988509353
architecture,early_heavy,1,full_bp,BBB,pixel_masking,0.4,0.8667,0.8657753873445013,0.42410531640052795,0.027269320534686652,0.0324032171599719,0.9719833135604858,0.03781808912754059,10000,7840000,4d596e7c4c4f2c1453e2cbc8dfc7889f58e71eb41800f7cc79393e316304fc2b,0.051999999999999935,0.05660171982148682,0.051623970080632575,0.024307902142709614,0.027853764928117093
architecture,early_heavy,1,full_hebbian,HHH,gaussian,0.4,0.2846,0.21258504053458468,4.773381233215332,0.085588609407386,0.08105671732377033,0.9995516538619995,0.42611387372016907,10000,7840000,4d596e7c4c4f2c1453e2cbc8dfc7889f58e71eb41800f7cc79393e316304fc2b,0.6175999999999999,0.6845488805142983,0.6880734761323083,0.056694807982931326,0.052334132930210664
architecture,early_heavy,1,full_hebbian,HHH,salt_pepper,0.4,0.2197,0.13152327837412195,7.0298357009887695,0.11311051003592355,0.10988460736955916,0.9993400573730469,0.4813326597213745,10000,7840000,4d596e7c4c4f2c1453e2cbc8dfc7889f58e71eb41800f7cc79393e316304fc2b,0.6825,0.7564841498559077,0.7691352382927711,0.08421670861146888,0.08116202297599949
architecture,early_heavy,1,full_hebbian,HHH,pixel_masking,0.4,0.8006,0.8027518201420578,0.5863146781921387,0.042231328053377114,0.04338027121874751,0.9999263882637024,0.07179410755634308,10000,7840000,4d596e7c4c4f2c1453e2cbc8dfc7889f58e71eb41800f7cc79393e316304fc2b,0.10160000000000002,0.112613611172689,0.09790669652483519,0.013337526628922444,0.014657686825187841
architecture,early_heavy,1,hybrid_hhb,HHB,gaussian,0.4,0.456,0.38860654822417795,3.444228172302246,0.06490909904947086,0.0681378066160241,0.9041875004768372,0.3151611089706421,10000,7840000,4d596e7c4c4f2c1453e2cbc8dfc7889f58e71eb41800f7cc79393e316304fc2b,0.46449999999999997,0.5046170559478544,0.5308285683726941,0.06048783037613849,0.06264140933387134
architecture,early_heavy,1,hybrid_hhb,HHB,salt_pepper,0.4,0.3091,0.2455327973467744,6.378416538238525,0.08655260293143135,0.08914318296471421,0.8722500801086426,0.41698408126831055,10000,7840000,4d596e7c4c4f2c1453e2cbc8dfc7889f58e71eb41800f7cc79393e316304fc2b,0.6113999999999999,0.6642042368278109,0.6739023192500977,0.08213133425809899,0.08364678568256145
architecture,early_heavy,1,hybrid_hhb,HHB,pixel_masking,0.4,0.8361,0.8348315042118891,0.49894091486930847,0.03096901127562231,0.03229757793582216,0.9725667834281921,0.06147545203566551,10000,7840000,4d596e7c4c4f2c1453e2cbc8dfc7889f58e71eb41800f7cc79393e316304fc2b,0.08440000000000003,0.09168929929386206,0.08460361238498293,0.02654774260228994,0.026801180653669397
architecture,early_heavy,1,hybrid_hbb,HBB,gaussian,0.4,0.5478,0.5549438899021549,1.3378479480743408,0.0392630743805243,0.037913219518077614,0.9237022399902344,0.22440308332443237,10000,7840000,4d596e7c4c4f2c1453e2cbc8dfc7889f58e71eb41800f7cc79393e316304fc2b,0.3687,0.40229132569558107,0.36032274387258023,0.036239735841751095,0.03371438494117892
architecture,early_heavy,1,hybrid_hbb,HBB,salt_pepper,0.4,0.2788,0.23429025101427467,4.774164199829102,0.0700419504204575,0.06989876123545122,0.8779052495956421,0.42359310388565063,10000,7840000,4d596e7c4c4f2c1453e2cbc8dfc7889f58e71eb41800f7cc79393e316304fc2b,0.6376999999999999,0.6957992362247681,0.6809763827604605,0.06701861188168429,0.06569992665855252
architecture,early_heavy,1,hybrid_hbb,HBB,pixel_masking,0.4,0.862,0.8616840060087692,0.4369155168533325,0.027217939450789472,0.030722957128408005,0.9711615443229675,0.04092571884393692,10000,7840000,4d596e7c4c4f2c1453e2cbc8dfc7889f58e71eb41800f7cc79393e316304fc2b,0.05449999999999999,0.059465357337697755,0.05358262776596601,0.024194600912016265,0.026524122551509315
architecture,early_heavy,2,full_bp,BBB,gaussian,0.4,0.4386,0.38150407489173443,2.6657989025115967,0.03894928920901552,0.04418305349544603,0.9141817092895508,0.31301257014274597,10000,7840000,4d596e7c4c4f2c1453e2cbc8dfc7889f58e71eb41800f7cc79393e316304fc2b,0.482,0.5235715837497285,0.5379181091106756,0.03625701938283687,0.03876482308446145
architecture,early_heavy,2,full_bp,BBB,salt_pepper,0.4,0.1324,0.07288763050048737,9.03406047821045,0.07517375408873266,0.09049854009200116,0.8654506802558899,0.565003514289856,10000,7840000,4d596e7c4c4f2c1453e2cbc8dfc7889f58e71eb41800f7cc79393e316304fc2b,0.7882,0.8561807516836846,0.8465345535019226,0.072481484262554,0.08508030968101657
architecture,early_heavy,2,full_bp,BBB,pixel_masking,0.4,0.8455,0.8460540182498161,0.48902690410614014,0.026010856873648507,0.03558366327869649,0.968727707862854,0.05454330891370773,10000,7840000,4d596e7c4c4f2c1453e2cbc8dfc7889f58e71eb41800f7cc79393e316304fc2b,0.07509999999999994,0.08157723223984352,0.07336816575259397,0.02331858704746986,0.030165432867711908
architecture,early_heavy,2,full_hebbian,HHH,gaussian,0.4,0.2318,0.13239530868585264,6.213603973388672,0.08507098714088906,0.08825879276820592,0.9996256828308105,0.4763951599597931,10000,7840000,4d596e7c4c4f2c1453e2cbc8dfc7889f58e71eb41800f7cc79393e316304fc2b,0.6698999999999999,0.7429300210713097,0.7678880806733241,0.06580731261895627,0.0663173876626151
architecture,early_heavy,2,full_hebbian,HHH,salt_pepper,0.4,0.1846,0.07963951445723347,9.038087844848633,0.11437395231285874,0.11947740410006776,0.9994223713874817,0.5234155058860779,10000,7840000,4d596e7c4c4f2c1453e2cbc8dfc7889f58e71eb41800f7cc79393e316304fc2b,0.7171,0.7952755905511811,0.8206438749019433,0.09511027779092594,0.09753599899447693
architecture,early_heavy,2,full_hebbian,HHH,pixel_masking,0.4,0.8073,0.8048615502476129,0.5785940885543823,0.04021397902819575,0.04102337307832679,0.9999464154243469,0.06537856161594391,10000,7840000,4d596e7c4c4f2c1453e2cbc8dfc7889f58e71eb41800f7cc79393e316304fc2b,0.09439999999999993,0.10469113895974264,0.09542183911156399,0.02095030450626295,0.01908196797273597
architecture,early_heavy,2,hybrid_hhb,HHB,gaussian,0.4,0.4736,0.4639359217428843,2.037548065185547,0.0665163930542615,0.0731090199996014,0.8958509564399719,0.28304535150527954,10000,7840000,4d596e7c4c4f2c1453e2cbc8dfc7889f58e71eb41800f7cc79393e316304fc2b,0.44630000000000003,0.48516143059028155,0.45472951293014235,0.06201638114792961,0.06797162030764989
architecture,early_heavy,2,hybrid_hhb,HHB,salt_pepper,0.4,0.278,0.26269194378907207,4.710777282714844,0.0912420665507414,0.09647979930955536,0.8629021644592285,0.4349506199359894,10000,7840000,4d596e7c4c4f2c1453e2cbc8dfc7889f58e71eb41800f7cc79393e316304fc2b,0.6419,0.6977932383954778,0.6559734908839545,0.0867420546444095,0.09134239961760385
architecture,early_heavy,2,hybrid_hhb,HHB,pixel_masking,0.4,0.828,0.8249779073319777,0.5133596062660217,0.033434419281628665,0.03296805928677929,0.9750970005989075,0.0614902600646019,10000,7840000,4d596e7c4c4f2c1453e2cbc8dfc7889f58e71eb41800f7cc79393e316304fc2b,0.09190000000000009,0.09990216327861734,0.0936875273410489,0.028934407375296765,0.02783065959482777
architecture,early_heavy,2,hybrid_hbb,HBB,gaussian,0.4,0.5166,0.47987590867646146,1.622361421585083,0.03759898719787598,0.03793553875125184,0.9290924668312073,0.24882346391677856,10000,7840000,4d596e7c4c4f2c1453e2cbc8dfc7889f58e71eb41800f7cc79393e316304fc2b,0.39990000000000003,0.4363338788870704,0.4353909081095737,0.03466621683617028,0.03279314645796406
architecture,early_heavy,2,hybrid_hbb,HBB,salt_pepper,0.4,0.2186,0.16647756118587492,6.934558391571045,0.07149221772174445,0.07965500008719308,0.8882080912590027,0.48591333627700806,10000,7840000,4d596e7c4c4f2c1453e2cbc8dfc7889f58e71eb41800f7cc79393e316304fc2b,0.6979,0.7614839061647573,0.7487892556001603,0.06855944736003874,0.0745126077939053
architecture,early_heavy,2,hybrid_hbb,HBB,pixel_masking,0.4,0.8503,0.8509551975454583,0.4700353443622589,0.030226541970700634,0.033237334737972336,0.9697007536888123,0.04878755286335945,10000,7840000,4d596e7c4c4f2c1453e2cbc8dfc7889f58e71eb41800f7cc79393e316304fc2b,0.06620000000000004,0.07223131478450631,0.06431161924057682,0.027293771608994932,0.028094942444684554
architecture,early_heavy,3,full_bp,BBB,gaussian,0.4,0.4676,0.45366361129188126,1.691670298576355,0.04175393866714166,0.045786678812455156,0.9132580161094666,0.2724255919456482,10000,7840000,4d596e7c4c4f2c1453e2cbc8dfc7889f58e71eb41800f7cc79393e316304fc2b,0.4518,0.49140743963454425,0.46437696623943114,0.03867111202308109,0.041638684361808155
architecture,early_heavy,3,full_bp,BBB,salt_pepper,0.4,0.3123,0.246571799453455,4.4704155921936035,0.0812065968571877,0.08745242323583487,0.856719434261322,0.4005475342273712,10000,7840000,4d596e7c4c4f2c1453e2cbc8dfc7889f58e71eb41800f7cc79393e316304fc2b,0.6071,0.6603219490972373,0.6714687780778574,0.07812377021312714,0.08330442878518786
architecture,early_heavy,3,full_bp,BBB,pixel_masking,0.4,0.8726,0.871523876480998,0.4080524742603302,0.024883338352125518,0.02915175379149768,0.9737671613693237,0.035956475883722305,10000,7840000,4d596e7c4c4f2c1453e2cbc8dfc7889f58e71eb41800f7cc79393e316304fc2b,0.04679999999999995,0.050902762671307326,0.04651670105031436,0.021800511708064955,0.025003759340850674
architecture,early_heavy,3,full_hebbian,HHH,gaussian,0.4,0.3484,0.27169635812123427,5.071593761444092,0.1017606214406539,0.10898622311961895,0.99942946434021,0.38447561860084534,10000,7840000,4d596e7c4c4f2c1453e2cbc8dfc7889f58e71eb41800f7cc79393e316304fc2b,0.5458000000000001,0.6103779915007829,0.6206754788474631,0.07715505988062644,0.0784259777886527
architecture,early_heavy,3,full_hebbian,HHH,salt_pepper,0.4,0.2667,0.18872889391432116,7.302074909210205,0.13174289301658162,0.13931800541780434,0.9991317391395569,0.457216739654541,10000,7840000,4d596e7c4c4f2c1453e2cbc8dfc7889f58e71eb41800f7cc79393e316304fc2b,0.6275,0.7017445761574591,0.7036429430543762,0.10713733145655417,0.1087577600868381
architecture,early_heavy,3,full_hebbian,HHH,pixel_masking,0.4,0.8053,0.8035157067256995,0.6169613003730774,0.0421856832387496,0.04406548715708207,0.9999504089355469,0.06903528422117233,10000,7840000,4d596e7c4c4f2c1453e2cbc8dfc7889f58e71eb41800f7cc79393e316304fc2b,0.08889999999999998,0.09941847461418026,0.08885613024299788,0.017580121678722145,0.013505241826115823
architecture,early_heavy,3,hybrid_hhb,HHB,gaussian,0.4,0.5734,0.5609690449619362,1.4722422361373901,0.06517863853610292,0.06213038041251046,0.9241116046905518,0.2100725769996643,10000,7840000,4d596e7c4c4f2c1453e2cbc8dfc7889f58e71eb41800f7cc79393e316304fc2b,0.34709999999999996,0.37707767517653445,0.35850874695996005,0.060198054931601706,0.0570581050327846
architecture,early_heavy,3,hybrid_hhb,HHB,salt_pepper,0.4,0.421,0.39165057514109747,3.025453805923462,0.08993934861786511,0.08808237541354433,0.8958807587623596,0.3189237117767334,10000,7840000,4d596e7c4c4f2c1453e2cbc8dfc7889f58e71eb41800f7cc79393e316304fc2b,0.4995,0.5426398696360674,0.5278272167807988,0.08495876501336388,0.08301010003381847
architecture,early_heavy,3,hybrid_hhb,HHB,pixel_masking,0.4,0.8294,0.8287008273061289,0.5138596892356873,0.03330644621557119,0.03376304957720698,0.9763360619544983,0.06311273574829102,10000,7840000,4d596e7c4c4f2c1453e2cbc8dfc7889f58e71eb41800f7cc79393e316304fc2b,0.09109999999999996,0.09896795219989132,0.09077696461576734,0.028325862611069973,0.028690774197481117
architecture,early_heavy,3,hybrid_hbb,HBB,gaussian,0.4,0.489,0.4985471232072678,1.5410605669021606,0.04057818674360003,0.04201488134423081,0.9155539870262146,0.2592485845088959,10000,7840000,4d596e7c4c4f2c1453e2cbc8dfc7889f58e71eb41800f7cc79393e316304fc2b,0.4314,0.4687092568448501,0.4206787092489268,0.037402980621007026,0.03819036477633885
architecture,early_heavy,3,hybrid_hbb,HBB,salt_pepper,0.4,0.2304,0.16854203017265149,5.0095744132995605,0.07284530659889689,0.07645998191054987,0.8597092032432556,0.4632810056209564,10000,7840000,4d596e7c4c4f2c1453e2cbc8dfc7889f58e71eb41800f7cc79393e316304fc2b,0.69,0.7496740547588004,0.7506838022835431,0.06967010047630388,0.07263546534265791
architecture,early_heavy,3,hybrid_hbb,HBB,pixel_masking,0.4,0.8633,0.8629008463269299,0.43647685647010803,0.029012692132288097,0.030976291415156152,0.9710067510604858,0.042474936693906784,10000,7840000,4d596e7c4c4f2c1453e2cbc8dfc7889f58e71eb41800f7cc79393e316304fc2b,0.05710000000000004,0.062038244241634115,0.05632498612926473,0.025837486009695092,0.027151774847264193
architecture,early_heavy,4,full_bp,BBB,gaussian,0.4,0.605,0.5770566900669536,1.2013498544692993,0.04228315658569336,0.04100036491082639,0.9140600562095642,0.19763179123401642,10000,7840000,4d596e7c4c4f2c1453e2cbc8dfc7889f58e71eb41800f7cc79393e316304fc2b,0.3127,0.34074316225345974,0.3393031186908797,0.039225512292920324,0.03550931879841551
architecture,early_heavy,4,full_bp,BBB,salt_pepper,0.4,0.2719,0.21409139544207328,4.025573253631592,0.07964405964442661,0.07581329186887158,0.8616709113121033,0.42436888813972473,10000,7840000,4d596e7c4c4f2c1453e2cbc8dfc7889f58e71eb41800f7cc79393e316304fc2b,0.6457999999999999,0.7037158112672987,0.70226841331576,0.07658641535165359,0.0703222457564607
architecture,early_heavy,4,full_bp,BBB,pixel_masking,0.4,0.8508,0.8505621864807761,0.4684203267097473,0.031191501173681142,0.03333750618136659,0.9692651629447937,0.04612421989440918,10000,7840000,4d596e7c4c4f2c1453e2cbc8dfc7889f58e71eb41800f7cc79393e316304fc2b,0.06689999999999996,0.07289964040536119,0.06579762227705721,0.02813385688090811,0.027846460068955716
architecture,early_heavy,4,full_hebbian,HHH,gaussian,0.4,0.3258,0.30641542489143747,4.07875394821167,0.07821992204627212,0.07779440269470214,0.9996541738510132,0.3718569576740265,10000,7840000,4d596e7c4c4f2c1453e2cbc8dfc7889f58e71eb41800f7cc79393e316304fc2b,0.5751000000000001,0.6383616383616384,0.5930392635386208,0.04965774592185507,0.04429648151786959
architecture,early_heavy,4,full_hebbian,HHH,salt_pepper,0.4,0.2452,0.21242046966463274,5.8364787101745605,0.10000163779745297,0.1008244125366211,0.9994781017303467,0.4514971673488617,10000,7840000,4d596e7c4c4f2c1453e2cbc8dfc7889f58e71eb41800f7cc79393e316304fc2b,0.6557000000000001,0.7278277278277279,0.6870342187654255,0.07143946167303591,0.06732649135978855
architecture,early_heavy,4,full_hebbian,HHH,pixel_masking,0.4,0.8271,0.8230672578030351,0.5576872229576111,0.04263192513135015,0.04690498383191167,0.9999365210533142,0.06108429655432701,10000,7840000,4d596e7c4c4f2c1453e2cbc8dfc7889f58e71eb41800f7cc79393e316304fc2b,0.07380000000000009,0.08191808191808202,0.07638743062702313,0.014069749006933096,0.01340706265507912
architecture,early_heavy,4,hybrid_hhb,HHB,gaussian,0.4,0.5134,0.4470082056070687,2.061640739440918,0.06801507282646335,0.08006442702157157,0.9072034358978271,0.26406097412109375,10000,7840000,4d596e7c4c4f2c1453e2cbc8dfc7889f58e71eb41800f7cc79393e316304fc2b,0.40890000000000004,0.44334815136072864,0.4742047406581041,0.06283777589797974,0.07389320144896605
architecture,early_heavy,4,hybrid_hhb,HHB,salt_pepper,0.4,0.3819,0.3046832709431417,3.668682813644409,0.0878473239042321,0.09181422972387197,0.8843798041343689,0.36009159684181213,10000,7840000,4d596e7c4c4f2c1453e2cbc8dfc7889f58e71eb41800f7cc79393e316304fc2b,0.5404,0.5859264881275073,0.6165296753220311,0.08267002697574849,0.08564300415126645
architecture,early_heavy,4,hybrid_hhb,HHB,pixel_masking,0.4,0.8414,0.8382857029007482,0.5048998594284058,0.032406082375195565,0.03031387457944909,0.9765476584434509,0.05869169905781746,10000,7840000,4d596e7c4c4f2c1453e2cbc8dfc7889f58e71eb41800f7cc79393e316304fc2b,0.08089999999999997,0.08771549387401059,0.08292724336442459,0.02722878544671195,0.02414264900684357
architecture,early_heavy,4,hybrid_hbb,HBB,gaussian,0.4,0.4144,0.3418403795531487,2.4637351036071777,0.054581962632159794,0.06137579777775978,0.9053728580474854,0.3325437903404236,10000,7840000,4d596e7c4c4f2c1453e2cbc8dfc7889f58e71eb41800f7cc79393e316304fc2b,0.5084,0.5509319462505419,0.5797577732480662,0.04997278080473141,0.05558793258958933
architecture,early_heavy,4,hybrid_hbb,HBB,salt_pepper,0.4,0.2937,0.22678371819056792,3.8644163608551025,0.08693846430875816,0.08657474808984873,0.8554092049598694,0.4158024787902832,10000,7840000,4d596e7c4c4f2c1453e2cbc8dfc7889f58e71eb41800f7cc79393e316304fc2b,0.6291,0.6817295188556567,0.6948144346106471,0.08232928248132977,0.08078688290167828
architecture,early_heavy,4,hybrid_hbb,HBB,pixel_masking,0.4,0.8559,0.8574494284545405,0.45138978958129883,0.031171786327751316,0.03220539445682448,0.9747337698936462,0.04914422705769539,10000,7840000,4d596e7c4c4f2c1453e2cbc8dfc7889f58e71eb41800f7cc79393e316304fc2b,0.06689999999999996,0.07249674902470737,0.0641487243466744,0.026562604500322926,0.026417529268654025
architecture,late_heavy,0,full_bp,BBB,gaussian,0.4,0.3926,0.3247635114076447,2.1739161014556885,0.06328550600324358,0.0637371685573033,0.9184752106666565,0.32875216007232666,10000,7840000,4d596e7c4c4f2c1453e2cbc8dfc7889f58e71eb41800f7cc79393e316304fc2b,0.5305,0.5746939659841837,0.597395324817707,0.05104083703391406,0.05068369010030008
architecture,late_heavy,0,full_bp,BBB,salt_pepper,0.4,0.2471,0.16228486243828003,4.323280334472656,0.08725505691839724,0.08915195687741649,0.8746781945228577,0.4507678151130676,10000,7840000,4d596e7c4c4f2c1453e2cbc8dfc7889f58e71eb41800f7cc79393e316304fc2b,0.676,0.7323150254576969,0.7598739737870717,0.07501038794906772,0.07609847842041327
architecture,late_heavy,0,full_bp,BBB,pixel_masking,0.4,0.854,0.8526909733418888,0.4656371474266052,0.030672403541876347,0.031177874689686056,0.9883754849433899,0.050591617822647095,10000,7840000,4d596e7c4c4f2c1453e2cbc8dfc7889f58e71eb41800f7cc79393e316304fc2b,0.06910000000000005,0.07485646192178534,0.06946786288346285,0.018427734572546824,0.018124396232682832
architecture,late_heavy,0,full_hebbian,HHH,gaussian,0.4,0.42,0.3997136384553534,2.9251699447631836,0.06890587360615633,0.06715713687818878,0.999687135219574,0.3062955439090729,10000,7840000,4d596e7c4c4f2c1453e2cbc8dfc7889f58e71eb41800f7cc79393e316304fc2b,0.47390000000000004,0.5301487862176978,0.49257805509109137,0.04937522082620737,0.04750997568831152
architecture,late_heavy,0,full_hebbian,HHH,salt_pepper,0.4,0.3085,0.27974832386893966,4.440745830535889,0.09426778206338687,0.09092971902964067,0.9995347857475281,0.3955122232437134,10000,7840000,4d596e7c4c4f2c1453e2cbc8dfc7889f58e71eb41800f7cc79393e316304fc2b,0.5854,0.6548830965432375,0.6125433696775051,0.07473712928343793,0.07128255783976342
architecture,late_heavy,0,full_hebbian,HHH,pixel_masking,0.4,0.7709,0.7685704088427275,0.7180390357971191,0.04284466242887536,0.04459996126136001,0.9998962879180908,0.09044928103685379,10000,7840000,4d596e7c4c4f2c1453e2cbc8dfc7889f58e71eb41800f7cc79393e316304fc2b,0.123,0.13759928403624566,0.12372128470371724,0.023314009648926402,0.024952800071482754
architecture,late_heavy,0,hybrid_hhb,HHB,gaussian,0.4,0.4107,0.3581960635644489,2.6702864170074463,0.08226601017543247,0.08401808336997518,0.9108526110649109,0.3236313462257385,10000,7840000,4d596e7c4c4f2c1453e2cbc8dfc7889f58e71eb41800f7cc79393e316304fc2b,0.4926,0.5453337761541016,0.5439030173355233,0.06548066768840867,0.06723329265944811
architecture,late_heavy,0,hybrid_hhb,HHB,salt_pepper,0.4,0.2772,0.2117502535086182,4.7765326499938965,0.10764829657418387,0.1087032741001674,0.8725298047065735,0.4291834831237793,10000,7840000,4d596e7c4c4f2c1453e2cbc8dfc7889f58e71eb41800f7cc79393e316304fc2b,0.6261,0.6931252075722352,0.690348827391354,0.09086295408716007,0.09191848338964034
architecture,late_heavy,0,hybrid_hhb,HHB,pixel_masking,0.4,0.8218,0.8206371882133763,0.5912256836891174,0.03738604696624133,0.03754030231553681,0.9893433451652527,0.06248430162668228,10000,7840000,4d596e7c4c4f2c1453e2cbc8dfc7889f58e71eb41800f7cc79393e316304fc2b,0.08150000000000002,0.09022473153990924,0.08146189268659587,0.020600704479217528,0.02075551160500974
architecture,late_heavy,0,hybrid_hbb,HBB,gaussian,0.4,0.3509,0.3363223283038113,2.5746357440948486,0.0660773362840925,0.06795678749862982,0.9157013893127441,0.36023199558258057,10000,7840000,4d596e7c4c4f2c1453e2cbc8dfc7889f58e71eb41800f7cc79393e316304fc2b,0.5701,0.6190010857763301,0.5836033924333521,0.05291659218924387,0.05402949264292814
architecture,late_heavy,0,hybrid_hbb,HBB,salt_pepper,0.4,0.2419,0.18321622106489052,4.472151756286621,0.09061089035345583,0.092648012573865,0.8800849318504333,0.4538083076477051,10000,7840000,4d596e7c4c4f2c1453e2cbc8dfc7889f58e71eb41800f7cc79393e316304fc2b,0.6791,0.7373507057546146,0.7367094996722728,0.0774501462586072,0.07872071771816332
architecture,late_heavy,0,hybrid_hbb,HBB,pixel_masking,0.4,0.8421,0.8416521368375618,0.5025036334991455,0.03312681145181461,0.03349806673867362,0.9891693592071533,0.05803288146853447,10000,7840000,4d596e7c4c4f2c1453e2cbc8dfc7889f58e71eb41800f7cc79393e316304fc2b,0.07890000000000008,0.08566775244299683,0.0782735838996016,0.01996606735696598,0.019570771882971943
architecture,late_heavy,1,full_bp,BBB,gaussian,0.4,0.6393,0.6202597071394592,1.1156483888626099,0.029625402006811026,0.02976865880927261,0.9171257615089417,0.18138402700424194,10000,7840000,4d596e7c4c4f2c1453e2cbc8dfc7889f58e71eb41800f7cc79393e316304fc2b,0.272,0.2984747064632942,0.28981160861365296,0.02607726786963794,0.026274452536446707
architecture,late_heavy,1,full_bp,BBB,salt_pepper,0.4,0.4248,0.3993479941831156,2.2023589611053467,0.05109806537238919,0.05181624067656848,0.8742330074310303,0.30727317929267883,10000,7840000,4d596e7c4c4f2c1453e2cbc8dfc7889f58e71eb41800f7cc79393e316304fc2b,0.4865,0.5338527378470317,0.5107233215699966,0.0475499312352161,0.04832203440374258
architecture,late_heavy,1,full_bp,BBB,pixel_masking,0.4,0.8503,0.8483576682486416,0.4844290018081665,0.03193170990068085,0.03308576591647401,0.9687914252281189,0.0526546984910965,10000,7840000,4d596e7c4c4f2c1453e2cbc8dfc7889f58e71eb41800f7cc79393e316304fc2b,0.061000000000000054,0.06693734225831235,0.061713647504470615,0.028383575763507765,0.029591559643648107
architecture,late_heavy,1,full_hebbian,HHH,gaussian,0.4,0.222,0.1867684071692406,5.2119927406311035,0.09388253876043826,0.09867029910963408,0.998900294303894,0.42499473690986633,10000,7840000,4d596e7c4c4f2c1453e2cbc8dfc7889f58e71eb41800f7cc79393e316304fc2b,0.5919,0.7272392185772208,0.6227729774715882,0.06838667794830945,0.07324017681588932
architecture,late_heavy,1,full_hebbian,HHH,salt_pepper,0.4,0.1426,0.09041178099240468,9.22611141204834,0.12487597209385463,0.1310129979503398,0.9982884526252747,0.5182467699050903,10000,7840000,4d596e7c4c4f2c1453e2cbc8dfc7889f58e71eb41800f7cc79393e316304fc2b,0.6713,0.8247942007617644,0.7191296036484242,0.09938011128172583,0.10558287565659503
architecture,late_heavy,1,full_hebbian,HHH,pixel_masking,0.4,0.5934,0.5835952728016509,1.3712106943130493,0.04655783608884227,0.046217276452512154,0.9992783069610596,0.16441603004932404,10000,7840000,4d596e7c4c4f2c1453e2cbc8dfc7889f58e71eb41800f7cc79393e316304fc2b,0.22049999999999992,0.27091780316992253,0.2259461118391779,0.021061975276713465,0.020787154158767387
architecture,late_heavy,1,hybrid_hhb,HHB,gaussian,0.4,0.3817,0.33413006512284055,3.3148550987243652,0.09359086650926239,0.09191119392550721,0.850936233997345,0.349150687456131,10000,7840000,4d596e7c4c4f2c1453e2cbc8dfc7889f58e71eb41800f7cc79393e316304fc2b,0.5323,0.5823851203501094,0.5784011513854828,0.08639628634258192,0.0848746963462051
architecture,late_heavy,1,hybrid_hhb,HHB,salt_pepper,0.4,0.2044,0.15184460663790406,7.687110900878906,0.14028400888248366,0.1367457605478715,0.7943987250328064,0.4914889633655548,10000,7840000,4d596e7c4c4f2c1453e2cbc8dfc7889f58e71eb41800f7cc79393e316304fc2b,0.7096,0.7763676148796499,0.7606866098704193,0.13308942871580318,0.12970926296856938
architecture,late_heavy,1,hybrid_hhb,HHB,pixel_masking,0.4,0.7336,0.737554338898314,0.8608978390693665,0.03611089565510652,0.03642427675675373,0.9500209093093872,0.11709022521972656,10000,7840000,4d596e7c4c4f2c1453e2cbc8dfc7889f58e71eb41800f7cc79393e316304fc2b,0.1804,0.19737417943107222,0.17497687761000935,0.028916315488426048,0.029387779177451622
architecture,late_heavy,1,hybrid_hbb,HBB,gaussian,0.4,0.461,0.44351992543882607,1.9000073671340942,0.0585534395101119,0.05821159156487912,0.8957574367523193,0.2813415825366974,10000,7840000,4d596e7c4c4f2c1453e2cbc8dfc7889f58e71eb41800f7cc79393e316304fc2b,0.44769999999999993,0.49268185319687463,0.4637885176931286,0.05351382340898319,0.05325290694480039
architecture,late_heavy,1,hybrid_hbb,HBB,salt_pepper,0.4,0.2474,0.1908072062165581,5.628129005432129,0.09573889993161572,0.09622606459637077,0.8490816354751587,0.44943076372146606,10000,7840000,4d596e7c4c4f2c1453e2cbc8dfc7889f58e71eb41800f7cc79393e316304fc2b,0.6613,0.7277429294596677,0.7165012369153966,0.090699283830487,0.09126737997629204
architecture,late_heavy,1,hybrid_hbb,HBB,pixel_masking,0.4,0.7955,0.7970646608960582,0.623511791229248,0.034496294387505975,0.03485256246449996,0.9601020216941833,0.07870625704526901,10000,7840000,4d596e7c4c4f2c1453e2cbc8dfc7889f58e71eb41800f7cc79393e316304fc2b,0.11319999999999997,0.12457356663365245,0.11024378223589648,0.029456678286377262,0.029893877844421234
architecture,late_heavy,2,full_bp,BBB,gaussian,0.4,0.673,0.6730987190135017,0.9688699245452881,0.03405056222409618,0.03308100867368737,0.9266409873962402,0.16282959282398224,10000,7840000,4d596e7c4c4f2c1453e2cbc8dfc7889f58e71eb41800f7cc79393e316304fc2b,0.24039999999999995,0.2631924677030873,0.23883910355121896,0.02918480228112668,0.028110130728994098
architecture,late_heavy,2,full_bp,BBB,salt_pepper,0.4,0.4632,0.4553419912812142,1.6654086112976074,0.05790940128248565,0.0572125842503139,0.8865830302238464,0.27170220017433167,10000,7840000,4d596e7c4c4f2c1453e2cbc8dfc7889f58e71eb41800f7cc79393e316304fc2b,0.4502,0.49288373111451717,0.45659583128350645,0.053043641339516154,0.052241706305620625
architecture,late_heavy,2,full_bp,BBB,pixel_masking,0.4,0.846,0.8464831500878172,0.494762659072876,0.028862309475334323,0.03125739976532605,0.9795830249786377,0.053886450827121735,10000,7840000,4d596e7c4c4f2c1453e2cbc8dfc7889f58e71eb41800f7cc79393e316304fc2b,0.06740000000000002,0.07379023428946795,0.06545467247690351,0.023996549532364825,0.026286521820632777
architecture,late_heavy,2,full_hebbian,HHH,gaussian,0.4,0.2972,0.2727943535585938,3.7693123817443848,0.06943979299895617,0.06998531561092454,0.9992977380752563,0.37706708908081055,10000,7840000,4d596e7c4c4f2c1453e2cbc8dfc7889f58e71eb41800f7cc79393e316304fc2b,0.5344,0.6426166426166426,0.555337380547828,0.045986484628794136,0.046486593020692156
architecture,late_heavy,2,full_hebbian,HHH,salt_pepper,0.4,0.1836,0.14231643932134977,7.170470237731934,0.10632903408128389,0.10696828530759228,0.9988330006599426,0.4911004304885864,10000,7840000,4d596e7c4c4f2c1453e2cbc8dfc7889f58e71eb41800f7cc79393e316304fc2b,0.648,0.7792207792207793,0.6858152947850721,0.08287572571112185,0.08346956271735989
architecture,late_heavy,2,full_hebbian,HHH,pixel_masking,0.4,0.6477,0.6412251465211753,1.0579216480255127,0.04469425111887406,0.04493178111485072,0.9995874166488647,0.14035522937774658,10000,7840000,4d596e7c4c4f2c1453e2cbc8dfc7889f58e71eb41800f7cc79393e316304fc2b,0.18389999999999995,0.22113997113997108,0.18690658758524648,0.021240942748712032,0.02143305852461834
architecture,late_heavy,2,hybrid_hhb,HHB,gaussian,0.4,0.5432,0.5066550926312055,1.5600637197494507,0.04725268413777254,0.04804285074350785,0.9318279027938843,0.22261303663253784,10000,7840000,4d596e7c4c4f2c1453e2cbc8dfc7889f58e71eb41800f7cc79393e316304fc2b,0.3679,0.40379760728789377,0.403017527006699,0.040467308750931096,0.04125462461685647
architecture,late_heavy,2,hybrid_hhb,HHB,salt_pepper,0.4,0.3134,0.24519391263964777,4.36188268661499,0.07818999746672961,0.07910065629920181,0.8934465646743774,0.39807435870170593,10000,7840000,4d596e7c4c4f2c1453e2cbc8dfc7889f58e71eb41800f7cc79393e316304fc2b,0.5977,0.6560201953682362,0.6644787069982567,0.07140462207988817,0.07231243017255043
architecture,late_heavy,2,hybrid_hhb,HHB,pixel_masking,0.4,0.8171,0.8172477417348004,0.543840229511261,0.03256966916687635,0.03379514951122051,0.9760206341743469,0.06335598975419998,10000,7840000,4d596e7c4c4f2c1453e2cbc8dfc7889f58e71eb41800f7cc79393e316304fc2b,0.09399999999999997,0.10317198990231585,0.09242487790310405,0.025784293780034905,0.027006923384569132
architecture,late_heavy,2,hybrid_hbb,HBB,gaussian,0.4,0.5579,0.5550127057634955,1.3427270650863647,0.042172860336303714,0.041416023534658,0.9171962738037109,0.216585174202919,10000,7840000,4d596e7c4c4f2c1453e2cbc8dfc7889f58e71eb41800f7cc79393e316304fc2b,0.35450000000000004,0.3885357299430075,0.3558552876087373,0.03655367668599499,0.03557045817277869
architecture,late_heavy,2,hybrid_hbb,HBB,salt_pepper,0.4,0.3172,0.26092496227829187,3.078428030014038,0.07724672802516393,0.0758916578721027,0.8706868886947632,0.37710338830947876,10000,7840000,4d596e7c4c4f2c1453e2cbc8dfc7889f58e71eb41800f7cc79393e316304fc2b,0.5952,0.6523454625164401,0.6499430310939409,0.0716275443748552,0.07004609251022338
architecture,late_heavy,2,hybrid_hbb,HBB,pixel_masking,0.4,0.855,0.8531768074655046,0.4663347601890564,0.02659412014630376,0.02801150056099405,0.9812598824501038,0.04410947486758232,10000,7840000,4d596e7c4c4f2c1453e2cbc8dfc7889f58e71eb41800f7cc79393e316304fc2b,0.05740000000000001,0.06291100394563788,0.05769118590672817,0.020974936495995033,0.022165935199114743
architecture,late_heavy,3,full_bp,BBB,gaussian,0.4,0.6092,0.6058897097066132,1.1079254150390625,0.028377517388791455,0.02723853759765625,0.9356924891471863,0.18457619845867157,10000,7840000,4d596e7c4c4f2c1453e2cbc8dfc7889f58e71eb41800f7cc79393e316304fc2b,0.3013,0.33091707852828117,0.3031740136526281,0.02469832053281823,0.023472818057877678
architecture,late_heavy,3,full_bp,BBB,salt_pepper,0.4,0.3911,0.37311651997504697,2.4966137409210205,0.04857048970436563,0.04851815546775351,0.9019160270690918,0.33588463068008423,10000,7840000,4d596e7c4c4f2c1453e2cbc8dfc7889f58e71eb41800f7cc79393e316304fc2b,0.5194,0.5704557935200439,0.5359472033841943,0.044891292848392404,0.04475243592797494
architecture,late_heavy,3,full_bp,BBB,pixel_masking,0.4,0.8327,0.8318964602318036,0.5159554481506348,0.030318460234817192,0.03225196414091149,0.973246693611145,0.058271702378988266,10000,7840000,4d596e7c4c4f2c1453e2cbc8dfc7889f58e71eb41800f7cc79393e316304fc2b,0.07779999999999998,0.08544755628775397,0.0771672631274376,0.026639263378843966,0.02848624460113292
architecture,late_heavy,3,full_hebbian,HHH,gaussian,0.4,0.2419,0.22398270669028078,3.8389294147491455,0.07943911817900988,0.07966125558347119,0.9979659914970398,0.37297365069389343,10000,7840000,4d596e7c4c4f2c1453e2cbc8dfc7889f58e71eb41800f7cc79393e316304fc2b,0.5167,0.6811231215396784,0.5305446961158796,0.04785904229222511,0.04801466105714137
architecture,late_heavy,3,full_hebbian,HHH,salt_pepper,0.4,0.1489,0.10819223533627431,8.023188591003418,0.11221053459011779,0.11119411305018834,0.9969758987426758,0.4942653179168701,10000,7840000,4d596e7c4c4f2c1453e2cbc8dfc7889f58e71eb41800f7cc79393e316304fc2b,0.6097,0.8037173741102029,0.6463351674698861,0.08063045870333302,0.07954751852385852
architecture,late_heavy,3,full_hebbian,HHH,pixel_masking,0.4,0.4876,0.4826477842188003,1.6861443519592285,0.051234383080930125,0.0506992453594597,0.9985660910606384,0.20121611654758453,10000,7840000,4d596e7c4c4f2c1453e2cbc8dfc7889f58e71eb41800f7cc79393e316304fc2b,0.2710000000000001,0.35723701555496973,0.2718796185873601,0.019654307194145355,0.019052650833129882
architecture,late_heavy,3,hybrid_hhb,HHB,gaussian,0.4,0.3233,0.30846056105574343,3.961160659790039,0.07695437905447823,0.07969228739835778,0.8814242482185364,0.3892555236816406,10000,7840000,4d596e7c4c4f2c1453e2cbc8dfc7889f58e71eb41800f7cc79393e316304fc2b,0.5853999999999999,0.6442170133157257,0.5988081918239665,0.06758431727740229,0.07051173676082066
architecture,late_heavy,3,hybrid_hhb,HHB,salt_pepper,0.4,0.1583,0.10387777226391055,8.988947868347168,0.115914502840626,0.11939199077061244,0.8343744277954102,0.5428032279014587,10000,7840000,4d596e7c4c4f2c1453e2cbc8dfc7889f58e71eb41800f7cc79393e316304fc2b,0.7504,0.8257950918895125,0.8033909806157993,0.10654444106355006,0.11021144013307532
architecture,late_heavy,3,hybrid_hhb,HHB,pixel_masking,0.4,0.7202,0.7192394580812621,0.8729287981987,0.03867795925529636,0.03827144348767339,0.9326080083847046,0.12490513920783997,10000,7840000,4d596e7c4c4f2c1453e2cbc8dfc7889f58e71eb41800f7cc79393e316304fc2b,0.1885,0.20743919885550788,0.18802929479844777,0.029307897478220414,0.02909089285013627
architecture,late_heavy,3,hybrid_hbb,HBB,gaussian,0.4,0.4507,0.4384534568051559,2.185936212539673,0.05254323985819914,0.0536845348903111,0.9007210731506348,0.29093003273010254,10000,7840000,4d596e7c4c4f2c1453e2cbc8dfc7889f58e71eb41800f7cc79393e316304fc2b,0.45899999999999996,0.5045619434978564,0.4697695960954398,0.0457645964291631,0.04706308295288864
architecture,late_heavy,3,hybrid_hbb,HBB,salt_pepper,0.4,0.2533,0.21246212862631658,5.9945197105407715,0.08381050852561484,0.084928797134088,0.8495376706123352,0.4497106373310089,10000,7840000,4d596e7c4c4f2c1453e2cbc8dfc7889f58e71eb41800f7cc79393e316304fc2b,0.6563999999999999,0.7215565571067384,0.695760924274279,0.07703186509657879,0.07830734519666555
architecture,late_heavy,3,hybrid_hbb,HBB,pixel_masking,0.4,0.7497,0.7491415239894907,0.7605469822883606,0.03697405731823979,0.038675272867630936,0.9388778209686279,0.10634350776672363,10000,7840000,4d596e7c4c4f2c1453e2cbc8dfc7889f58e71eb41800f7cc79393e316304fc2b,0.15999999999999992,0.17588215895350107,0.15908152891110494,0.03019541388920375,0.032053820930208476
architecture,late_heavy,4,full_bp,BBB,gaussian,0.4,0.1471,0.0801677766744324,3.517199993133545,0.08061756854933136,0.08061825011895628,0.8814712166786194,0.31785452365875244,10000,7840000,4d596e7c4c4f2c1453e2cbc8dfc7889f58e71eb41800f7cc79393e316304fc2b,0.49749999999999994,0.7717964629227427,0.5465585700184994,0.03379480358045929,0.03406281393401477
architecture,late_heavy,4,full_bp,BBB,salt_pepper,0.4,0.1321,0.08405433920052982,4.5811872482299805,0.0790732331567881,0.07876786410273338,0.8264819383621216,0.36417868733406067,10000,7840000,4d596e7c4c4f2c1453e2cbc8dfc7889f58e71eb41800f7cc79393e316304fc2b,0.5125,0.7950667080359913,0.542672007492402,0.032250468187916034,0.03221242791779188
architecture,late_heavy,4,full_bp,BBB,pixel_masking,0.4,0.4703,0.4600789657790739,1.4548165798187256,0.05343451659533442,0.053365454576453385,0.9906117916107178,0.0748961865901947,10000,7840000,4d596e7c4c4f2c1453e2cbc8dfc7889f58e71eb41800f7cc79393e316304fc2b,0.17429999999999995,0.2704002482159478,0.1666473809138579,0.006611751626462353,0.0068100183915118795
architecture,late_heavy,4,full_hebbian,HHH,gaussian,0.4,0.3499,0.30634033411762196,3.493248462677002,0.060042308729522084,0.06179947223274075,0.9997010827064514,0.35328149795532227,10000,7840000,4d596e7c4c4f2c1453e2cbc8dfc7889f58e71eb41800f7cc79393e316304fc2b,0.5399,0.606765565295572,0.5816430886766967,0.03859980932352494,0.039881344869185466
architecture,late_heavy,4,full_hebbian,HHH,salt_pepper,0.4,0.2601,0.2028816377008722,5.3050408363342285,0.08274342389787946,0.08389366735341598,0.9995442628860474,0.43587371706962585,10000,7840000,4d596e7c4c4f2c1453e2cbc8dfc7889f58e71eb41800f7cc79393e316304fc2b,0.6297,0.7076871207012811,0.6851017850934464,0.06130092449188232,0.061975539989860697
architecture,late_heavy,4,full_hebbian,HHH,pixel_masking,0.4,0.7868,0.7813643410480673,0.6501204371452332,0.042368491744995115,0.042003075011895624,0.9999225735664368,0.0769391730427742,10000,7840000,4d596e7c4c4f2c1453e2cbc8dfc7889f58e71eb41800f7cc79393e316304fc2b,0.10299999999999998,0.11575634974151493,0.10661908174625134,0.020925992338997976,0.02008494764834034
architecture,late_heavy,4,hybrid_hhb,HHB,gaussian,0.4,0.2092,0.16578077983198672,2.143021821975708,0.06385112848087234,0.06417494020267409,0.9993000030517578,0.07436203956604004,10000,7840000,4d596e7c4c4f2c1453e2cbc8dfc7889f58e71eb41800f7cc79393e316304fc2b,0.12880000000000003,0.3810650887573965,0.0887623243592374,0.004837316785539905,0.0055199092397884425
architecture,late_heavy,4,hybrid_hhb,HHB,salt_pepper,0.4,0.1689,0.07821980947932786,2.8970746994018555,0.07108984997807717,0.07132782817762726,0.9993000030517578,0.1573413759469986,10000,7840000,4d596e7c4c4f2c1453e2cbc8dfc7889f58e71eb41800f7cc79393e316304fc2b,0.16910000000000003,0.5002958579881658,0.17632329471189626,0.012076038282744742,0.012672797214741613
architecture,late_heavy,4,hybrid_hhb,HHB,pixel_masking,0.4,0.2464,0.20296940783997583,2.0217854976654053,0.06247810451741121,0.062387224345304526,0.9993000030517578,0.05154392123222351,10000,7840000,4d596e7c4c4f2c1453e2cbc8dfc7889f58e71eb41800f7cc79393e316304fc2b,0.09160000000000001,0.27100591715976335,0.05157369635124828,0.003464292822078781,0.003732193382418883
architecture,late_heavy,4,hybrid_hbb,HBB,gaussian,0.4,0.4445,0.42228637195618307,2.1437418460845947,0.05565916827454859,0.056227319110169705,0.9445703029632568,0.2387506365776062,10000,7840000,4d596e7c4c4f2c1453e2cbc8dfc7889f58e71eb41800f7cc79393e316304fc2b,0.38849999999999996,0.4663865546218487,0.40722712792645505,0.02618213209035445,0.026624454245275382
architecture,late_heavy,4,hybrid_hbb,HBB,salt_pepper,0.4,0.2896,0.2498591196027214,3.585542917251587,0.06880144080337212,0.06987752708902165,0.9095812439918518,0.34242093563079834,10000,7840000,4d596e7c4c4f2c1453e2cbc8dfc7889f58e71eb41800f7cc79393e316304fc2b,0.5433999999999999,0.6523409363745497,0.5796543802799168,0.03932440461917799,0.040274662224127324
architecture,late_heavy,4,hybrid_hbb,HBB,pixel_masking,0.4,0.673,0.6626949450269307,0.855207622051239,0.05093261085043148,0.05013416506708885,0.9941150546073914,0.08435969054698944,10000,7840000,4d596e7c4c4f2c1453e2cbc8dfc7889f58e71eb41800f7cc79393e316304fc2b,0.15999999999999992,0.19207683073229284,0.1668185548557074,0.02145557466623734,0.020531300202194527
