sweep,method,case,metric,value,baseline_case,baseline_value,absolute_change,relative_change,layer,noise_type,rule
architecture,BBB,early_heavy,accuracy,0.9187799999999999,balanced,0.91584,0.0029399999999999427,0.0032101677148811286,,,
architecture,BBB,balanced,accuracy,0.91584,balanced,0.91584,0.0,0.0,,,
architecture,BBB,late_heavy,accuracy,0.8605799999999999,balanced,0.91584,-0.05526000000000009,-0.06033805031439962,,,
architecture,BBB,early_heavy,macro_f1,0.9174681226816723,balanced,0.9144916053430412,0.002976517338631135,0.0032548328724257,,,
architecture,BBB,balanced,macro_f1,0.9144916053430412,balanced,0.9144916053430412,0.0,0.0,,,
architecture,BBB,late_heavy,macro_f1,0.8559916089190714,balanced,0.9144916053430412,-0.05849999642396975,-0.06396996547820846,,,
architecture,BBB,early_heavy,classification_ce,0.27292335629463194,balanced,0.28265197277069093,-0.009728616476058993,-0.03441906447940195,,,
architecture,BBB,balanced,classification_ce,0.28265197277069093,balanced,0.28265197277069093,0.0,0.0,,,
architecture,BBB,late_heavy,classification_ce,0.44969249367713926,balanced,0.28265197277069093,0.16704052090644833,0.5909759598294879,,,
architecture,BBB,early_heavy,system_reconstruction_mse,0.0030851331877221866,balanced,0.0032011022525417565,-0.0001159690648195699,-0.036227853918524365,,,
architecture,BBB,balanced,system_reconstruction_mse,0.0032011022525417565,balanced,0.0032011022525417565,0.0,0.0,,,
architecture,BBB,late_heavy,system_reconstruction_mse,0.01423210497486348,balanced,0.0032011022525417565,0.011031002722321725,3.4460013609739666,,,
architecture,BBB,early_heavy,standardized_reconstruction_mse,0.004994048644766515,balanced,0.003234369178791435,0.0017596794659750802,0.5440564660860858,,,
architecture,BBB,balanced,standardized_reconstruction_mse,0.003234369178791435,balanced,0.003234369178791435,0.0,0.0,,,
architecture,BBB,late_heavy,standardized_reconstruction_mse,0.014367943679848496,balanced,0.003234369178791435,0.01113357450105706,3.4422707743508107,,,
architecture,BBB,early_heavy,system_training_samples_seen,500000.0,balanced,500000.0,0.0,0.0,,,
architecture,BBB,balanced,system_training_samples_seen,500000.0,balanced,500000.0,0.0,0.0,,,
architecture,BBB,late_heavy,system_training_samples_seen,500000.0,balanced,500000.0,0.0,0.0,,,
architecture,BBB,early_heavy,system_training_wall_time_sec,445.5527640599932,balanced,312.9768771000319,132.57588695996128,0.4235964272772384,,,
architecture,BBB,balanced,system_training_wall_time_sec,312.9768771000319,balanced,312.9768771000319,0.0,0.0,,,
architecture,BBB,late_heavy,system_training_wall_time_sec,175.30687844003552,balanced,312.9768771000319,-137.6699986599964,-0.43987274694416045,,,
architecture,BBB,early_heavy,standardized_decoder_samples_seen,500000.0,balanced,500000.0,0.0,0.0,,,
architecture,BBB,balanced,standardized_decoder_samples_seen,500000.0,balanced,500000.0,0.0,0.0,,,
architecture,BBB,late_heavy,standardized_decoder_samples_seen,500000.0,balanced,500000.0,0.0,0.0,,,
architecture,BBB,early_heavy,standardized_decoder_wall_time_sec,422.3012874400098,balanced,248.2134587599907,174.0878286800191,0.7013633730810389,,,
architecture,BBB,balanced,standardized_decoder_wall_time_sec,248.2134587599907,balanced,248.2134587599907,0.0,0.0,,,
architecture,BBB,late_heavy,standardized_decoder_wall_time_sec,158.75593185999895,balanced,248.2134587599907,-89.45752689999173,-0.3604056256534102,,,
architecture,BBB,early_heavy,total_training_samples_seen,1000000.0,balanced,1000000.0,0.0,0.0,,,
architecture,BBB,balanced,total_training_samples_seen,1000000.0,balanced,1000000.0,0.0,0.0,,,
architecture,BBB,late_heavy,total_training_samples_seen,1000000.0,balanced,1000000.0,0.0,0.0,,,
architecture,BBB,early_heavy,total_training_wall_time_sec,867.8540515000029,balanced,561.1903358600226,306.6637156399803,0.5464522391855134,,,
architecture,BBB,balanced,total_training_wall_time_sec,561.1903358600226,balanced,561.1903358600226,0.0,0.0,,,
architecture,BBB,late_heavy,total_training_wall_time_sec,334.06281030003447,balanced,561.1903358600226,-227.12752555998816,-0.40472458459555516,,,
architecture,HBB,early_heavy,accuracy,0.91876,balanced,0.91638,0.0023800000000000487,0.0025971758440793686,,,
architecture,HBB,balanced,accuracy,0.91638,balanced,0.91638,0.0,0.0,,,
architecture,HBB,late_heavy,accuracy,0.89696,balanced,0.91638,-0.019419999999999993,-0.021192081887403482,,,
architecture,HBB,early_heavy,macro_f1,0.9175176986460256,balanced,0.9151505160361297,0.0023671826098958793,0.0025866593182359496,,,
architecture,HBB,balanced,macro_f1,0.9151505160361297,balanced,0.9151505160361297,0.0,0.0,,,
architecture,HBB,late_heavy,macro_f1,0.8951677420049169,balanced,0.9151505160361297,-0.019982774031212847,-0.021835505396144147,,,
architecture,HBB,early_heavy,classification_ce,0.270296186208725,balanced,0.2832034945487976,-0.012907308340072643,-0.045576091356468285,,,
architecture,HBB,balanced,classification_ce,0.2832034945487976,balanced,0.2832034945487976,0.0,0.0,,,
architecture,HBB,late_heavy,classification_ce,0.3376464545726776,balanced,0.2832034945487976,0.054442960023879994,0.1922397183354915,,,
architecture,HBB,early_heavy,system_reconstruction_mse,0.0034736688869826645,balanced,0.0032699993506742986,0.00020366953630836584,0.06228427421677725,,,
architecture,HBB,balanced,system_reconstruction_mse,0.0032699993506742986,balanced,0.0032699993506742986,0.0,0.0,,,
architecture,HBB,late_heavy,system_reconstruction_mse,0.01201504469190325,balanced,0.0032699993506742986,0.008745045341228951,2.67432632264937,,,
architecture,HBB,early_heavy,standardized_reconstruction_mse,0.004835356258567498,balanced,0.003312132648351241,0.001523223610216257,0.4598920911318622,,,
architecture,HBB,balanced,standardized_reconstruction_mse,0.003312132648351241,balanced,0.003312132648351241,0.0,0.0,,,
architecture,HBB,late_heavy,standardized_reconstruction_mse,0.012191172327995301,balanced,0.003312132648351241,0.00887903967964406,2.680762100933134,,,
architecture,HBB,early_heavy,system_training_samples_seen,1000000.0,balanced,1000000.0,0.0,0.0,,,
architecture,HBB,balanced,system_training_samples_seen,1000000.0,balanced,1000000.0,0.0,0.0,,,
architecture,HBB,late_heavy,system_training_samples_seen,1000000.0,balanced,1000000.0,0.0,0.0,,,
architecture,HBB,early_heavy,system_training_wall_time_sec,467.40292053997985,balanced,435.8698365200338,31.533084019946045,0.07234518513991418,,,
architecture,HBB,balanced,system_training_wall_time_sec,435.8698365200338,balanced,435.8698365200338,0.0,0.0,,,
architecture,HBB,late_heavy,system_training_wall_time_sec,283.58862788002006,balanced,435.8698365200338,-152.28120864001374,-0.3493731290419637,,,
architecture,HBB,early_heavy,standardized_decoder_samples_seen,500000.0,balanced,500000.0,0.0,0.0,,,
architecture,HBB,balanced,standardized_decoder_samples_seen,500000.0,balanced,500000.0,0.0,0.0,,,
architecture,HBB,late_heavy,standardized_decoder_samples_seen,500000.0,balanced,500000.0,0.0,0.0,,,
architecture,HBB,early_heavy,standardized_decoder_wall_time_sec,327.890155759966,balanced,246.48647319999182,81.40368255997416,0.3302561860825738,,,
architecture,HBB,balanced,standardized_decoder_wall_time_sec,246.48647319999182,balanced,246.48647319999182,0.0,0.0,,,
architecture,HBB,late_heavy,standardized_decoder_wall_time_sec,145.04044896000997,balanced,246.48647319999182,-101.44602423998185,-0.4115683222814063,,,
architecture,HBB,early_heavy,total_training_samples_seen,1500000.0,balanced,1500000.0,0.0,0.0,,,
architecture,HBB,balanced,total_training_samples_seen,1500000.0,balanced,1500000.0,0.0,0.0,,,
architecture,HBB,late_heavy,total_training_samples_seen,1500000.0,balanced,1500000.0,0.0,0.0,,,
architecture,HBB,early_heavy,total_training_wall_time_sec,795.2930762999458,balanced,682.3563097200256,112.93676657992023,0.16550996154231887,,,
architecture,HBB,balanced,total_training_wall_time_sec,682.3563097200256,balanced,682.3563097200256,0.0,0.0,,,
architecture,HBB,late_heavy,total_training_wall_time_sec,428.62907684003005,balanced,682.3563097200256,-253.72723287999554,-0.3718397987469344,,,
architecture,HHB,early_heavy,accuracy,0.9208000000000001,balanced,0.9198599999999999,0.0009400000000001629,0.0010218946361393486,,,
architecture,HHB,balanced,accuracy,0.9198599999999999,balanced,0.9198599999999999,0.0,0.0,,,
architecture,HHB,late_heavy,accuracy,0.79502,balanced,0.9198599999999999,-0.12483999999999995,-0.13571630465490864,,,
architecture,HHB,early_heavy,macro_f1,0.9196349112789285,balanced,0.9186179440340909,0.0010169672448375744,0.0011070622465423193,,,
architecture,HHB,balanced,macro_f1,0.9186179440340909,balanced,0.9186179440340909,0.0,0.0,,,
architecture,HHB,late_heavy,macro_f1,0.7772229548234268,balanced,0.9186179440340909,-0.14139498921066407,-0.15392143178651302,,,
architecture,HHB,early_heavy,classification_ce,0.27616521120071413,balanced,0.2773395895957947,-0.0011743783950805553,-0.004234441959000173,,,
architecture,HHB,balanced,classification_ce,0.2773395895957947,balanced,0.2773395895957947,0.0,0.0,,,
architecture,HHB,late_heavy,classification_ce,0.592417186498642,balanced,0.2773395895957947,0.31507759690284726,1.1360714759869563,,,
architecture,HHB,early_heavy,system_reconstruction_mse,0.004855286131780975,balanced,0.0046470480285372056,0.00020823810324376978,0.04481083516249088,,,
architecture,HHB,balanced,system_reconstruction_mse,0.0046470480285372056,balanced,0.0046470480285372056,0.0,0.0,,,
architecture,HHB,late_heavy,system_reconstruction_mse,0.019829834302590818,balanced,0.0046470480285372056,0.015182786274053613,3.2671894453317387,,,
architecture,HHB,early_heavy,standardized_reconstruction_mse,0.005646173668005028,balanced,0.004568547135372551,0.0010776265326324771,0.23587948213403306,,,
architecture,HHB,balanced,standardized_reconstruction_mse,0.004568547135372551,balanced,0.004568547135372551,0.0,0.0,,,
architecture,HHB,late_heavy,standardized_reconstruction_mse,0.01968901920338066,balanced,0.004568547135372551,0.01512047206800811,3.3096894081766743,,,
architecture,HHB,early_heavy,system_training_samples_seen,1500000.0,balanced,1500000.0,0.0,0.0,,,
architecture,HHB,balanced,system_training_samples_seen,1500000.0,balanced,1500000.0,0.0,0.0,,,
architecture,HHB,late_heavy,system_training_samples_seen,1500000.0,balanced,1500000.0,0.0,0.0,,,
architecture,HHB,early_heavy,system_training_wall_time_sec,570.8592812000076,balanced,579.255081860027,-8.395800660019404,-0.014494133798636535,,,
architecture,HHB,balanced,system_training_wall_time_sec,579.255081860027,balanced,579.255081860027,0.0,0.0,,,
architecture,HHB,late_heavy,system_training_wall_time_sec,353.76482001997067,balanced,579.255081860027,-225.4902618400563,-0.3892762772421288,,,
architecture,HHB,early_heavy,standardized_decoder_samples_seen,500000.0,balanced,500000.0,0.0,0.0,,,
architecture,HHB,balanced,standardized_decoder_samples_seen,500000.0,balanced,500000.0,0.0,0.0,,,
architecture,HHB,late_heavy,standardized_decoder_samples_seen,500000.0,balanced,500000.0,0.0,0.0,,,
architecture,HHB,early_heavy,standardized_decoder_wall_time_sec,260.9143579200143,balanced,257.58887043999187,3.3254874800224457,0.012910058863731618,,,
architecture,HHB,balanced,standardized_decoder_wall_time_sec,257.58887043999187,balanced,257.58887043999187,0.0,0.0,,,
architecture,HHB,late_heavy,standardized_decoder_wall_time_sec,168.43691670000553,balanced,257.58887043999187,-89.15195373998634,-0.3461017302017127,,,
architecture,HHB,early_heavy,total_training_samples_seen,2000000.0,balanced,2000000.0,0.0,0.0,,,
architecture,HHB,balanced,total_training_samples_seen,2000000.0,balanced,2000000.0,0.0,0.0,,,
architecture,HHB,late_heavy,total_training_samples_seen,2000000.0,balanced,2000000.0,0.0,0.0,,,
architecture,HHB,early_heavy,total_training_wall_time_sec,831.7736391200218,balanced,836.8439523000188,-5.070313179997015,-0.00605885143348594,,,
architecture,HHB,balanced,total_training_wall_time_sec,836.8439523000188,balanced,836.8439523000188,0.0,0.0,,,
architecture,HHB,late_heavy,total_training_wall_time_sec,522.2017367199762,balanced,836.8439523000188,-314.6422155800426,-0.37598672334939587,,,
architecture,HHH,early_heavy,accuracy,0.89726,balanced,0.8940999999999999,0.0031600000000000517,0.0035342802818437735,,,
architecture,HHH,balanced,accuracy,0.8940999999999999,balanced,0.8940999999999999,0.0,0.0,,,
architecture,HHH,late_heavy,accuracy,0.8375600000000001,balanced,0.8940999999999999,-0.05653999999999981,-0.06323677440995032,,,
architecture,HHH,early_heavy,macro_f1,0.8956869999927062,balanced,0.8927295922727015,0.0029574077200046345,0.0033127698976264295,,,
architecture,HHH,balanced,macro_f1,0.8927295922727015,balanced,0.8927295922727015,0.0,0.0,,,
architecture,HHH,late_heavy,macro_f1,0.8344951275788348,balanced,0.8927295922727015,-0.05823446469386673,-0.06523191927081616,,,
architecture,HHH,early_heavy,classification_ce,0.34128511548042295,balanced,0.3552584707736969,-0.013973355293273926,-0.03933292642622379,,,
architecture,HHH,balanced,classification_ce,0.3552584707736969,balanced,0.3552584707736969,0.0,0.0,,,
architecture,HHH,late_heavy,classification_ce,0.5300228357315063,balanced,0.3552584707736969,0.17476436495780945,0.4919358138785778,,,
architecture,HHH,early_heavy,system_reconstruction_mse,0.02726597076416016,balanced,0.018500022951242874,0.008765947812917285,0.47383442904618317,,,
architecture,HHH,balanced,system_reconstruction_mse,0.018500022951242874,balanced,0.018500022951242874,0.0,0.0,,,
architecture,HHH,late_heavy,system_reconstruction_mse,0.02430047945100434,balanced,0.018500022951242874,0.005800456499761467,0.3135378001819312,,,
architecture,HHH,early_heavy,standardized_reconstruction_mse,0.02982157151981276,balanced,0.018688835105117485,0.011132736414695275,0.5956891561984597,,,
architecture,HHH,balanced,standardized_reconstruction_mse,0.018688835105117485,balanced,0.018688835105117485,0.0,0.0,,,
architecture,HHH,late_heavy,standardized_reconstruction_mse,0.0244281455927479,balanced,0.018688835105117485,0.005739310487630416,0.3070983533773995,,,
architecture,HHH,early_heavy,system_training_samples_seen,2000000.0,balanced,2000000.0,0.0,0.0,,,
architecture,HHH,balanced,system_training_samples_seen,2000000.0,balanced,2000000.0,0.0,0.0,,,
architecture,HHH,late_heavy,system_training_samples_seen,2000000.0,balanced,2000000.0,0.0,0.0,,,
architecture,HHH,early_heavy,system_training_wall_time_sec,860.7153111800086,balanced,695.3432434400213,165.3720677399873,0.23782796381518542,,,
architecture,HHH,balanced,system_training_wall_time_sec,695.3432434400213,balanced,695.3432434400213,0.0,0.0,,,
architecture,HHH,late_heavy,system_training_wall_time_sec,453.7938988000154,balanced,695.3432434400213,-241.54934464000587,-0.3473814506990906,,,
architecture,HHH,early_heavy,standardized_decoder_samples_seen,500000.0,balanced,500000.0,0.0,0.0,,,
architecture,HHH,balanced,standardized_decoder_samples_seen,500000.0,balanced,500000.0,0.0,0.0,,,
architecture,HHH,late_heavy,standardized_decoder_samples_seen,500000.0,balanced,500000.0,0.0,0.0,,,
architecture,HHH,early_heavy,standardized_decoder_wall_time_sec,250.84115400002338,balanced,242.39518759998336,8.445966400040021,0.03484378746816575,,,
architecture,HHH,balanced,standardized_decoder_wall_time_sec,242.39518759998336,balanced,242.39518759998336,0.0,0.0,,,
architecture,HHH,late_heavy,standardized_decoder_wall_time_sec,151.08746913999784,balanced,242.39518759998336,-91.30771845998552,-0.3766894853154726,,,
architecture,HHH,early_heavy,total_training_samples_seen,2500000.0,balanced,2500000.0,0.0,0.0,,,
architecture,HHH,balanced,total_training_samples_seen,2500000.0,balanced,2500000.0,0.0,0.0,,,
architecture,HHH,late_heavy,total_training_samples_seen,2500000.0,balanced,2500000.0,0.0,0.0,,,
architecture,HHH,early_heavy,total_training_wall_time_sec,1111.5564651800319,balanced,937.7384310400046,173.8180341400273,0.18535876144827843,,,
architecture,HHH,balanced,total_training_wall_time_sec,937.7384310400046,balanced,937.7384310400046,0.0,0.0,,,
architecture,HHH,late_heavy,total_training_wall_time_sec,604.8813679400133,balanced,937.7384310400046,-332.85706309999125,-0.35495725895635283,,,
dimension,BBB,L16,accuracy,0.8804400000000001,L64,0.91584,-0.035399999999999876,-0.038653039832242775,,,
dimension,BBB,L32,accuracy,0.92424,L64,0.91584,0.008399999999999963,0.009171907756803363,,,
dimension,BBB,L64,accuracy,0.91584,L64,0.91584,0.0,0.0,,,
dimension,BBB,L128,accuracy,0.92458,L64,0.91584,0.00873999999999997,0.009543151642197793,,,
dimension,BBB,L16,macro_f1,0.8784582626665538,L64,0.9144916053430412,-0.03603334267648739,-0.03940259535015773,,,
dimension,BBB,L32,macro_f1,0.9232103317709275,L64,0.9144916053430412,0.008718726427886292,0.009533960046146315,,,
dimension,BBB,L64,macro_f1,0.9144916053430412,L64,0.9144916053430412,0.0,0.0,,,
dimension,BBB,L128,macro_f1,0.9235338700989086,L64,0.9144916053430412,0.009042264755867446,0.009887750421137712,,,
dimension,BBB,L16,classification_ce,0.39279532730579375,L64,0.28265197277069093,0.11014335453510282,0.38967835057026096,,,
dimension,BBB,L32,classification_ce,0.2590427309274673,L64,0.28265197277069093,-0.023609241843223605,-0.08352760326316108,,,
dimension,BBB,L64,classification_ce,0.28265197277069093,L64,0.28265197277069093,0.0,0.0,,,
dimension,BBB,L128,classification_ce,0.25476747155189516,L64,0.28265197277069093,-0.027884501218795765,-0.09865312789208505,,,
dimension,BBB,L16,system_reconstruction_mse,0.018334824630386975,L64,0.0032011022525417565,0.01513372237784522,4.727659780658677,,,
dimension,BBB,L32,system_reconstruction_mse,0.008566856368999093,L64,0.0032011022525417565,0.005365754116457336,1.6762207800517994,,,
dimension,BBB,L64,system_reconstruction_mse,0.0032011022525417565,L64,0.0032011022525417565,0.0,0.0,,,
dimension,BBB,L128,system_reconstruction_mse,0.0021745337577741973,L64,0.0032011022525417565,-0.0010265684947675592,-0.32069219083262507,,,
dimension,BBB,L16,standardized_reconstruction_mse,0.018269237486586275,L64,0.003234369178791435,0.01503486830779484,4.648470063879457,,,
dimension,BBB,L32,standardized_reconstruction_mse,0.008517628646870048,L64,0.003234369178791435,0.0052832594680786125,1.633474465774899,,,
dimension,BBB,L64,standardized_reconstruction_mse,0.003234369178791435,L64,0.003234369178791435,0.0,0.0,,,
dimension,BBB,L128,standardized_reconstruction_mse,0.0020935477857687034,L64,0.003234369178791435,-0.0011408213930227317,-0.3527183600903272,,,
dimension,BBB,L16,system_training_samples_seen,500000.0,L64,500000.0,0.0,0.0,,,
dimension,BBB,L32,system_training_samples_seen,500000.0,L64,500000.0,0.0,0.0,,,
dimension,BBB,L64,system_training_samples_seen,500000.0,L64,500000.0,0.0,0.0,,,
dimension,BBB,L128,system_training_samples_seen,500000.0,L64,500000.0,0.0,0.0,,,
dimension,BBB,L16,system_training_wall_time_sec,206.69528672000015,L64,312.9768771000319,-106.28159038003176,-0.3395828834539182,,,
dimension,BBB,L32,system_training_wall_time_sec,194.38975467999845,L64,312.9768771000319,-118.58712242003347,-0.3789005869022424,,,
dimension,BBB,L64,system_training_wall_time_sec,312.9768771000319,L64,312.9768771000319,0.0,0.0,,,
dimension,BBB,L128,system_training_wall_time_sec,270.6050631199993,L64,312.9768771000319,-42.37181398003264,-0.13538320904930579,,,
dimension,BBB,L16,standardized_decoder_samples_seen,500000.0,L64,500000.0,0.0,0.0,,,
dimension,BBB,L32,standardized_decoder_samples_seen,500000.0,L64,500000.0,0.0,0.0,,,
dimension,BBB,L64,standardized_decoder_samples_seen,500000.0,L64,500000.0,0.0,0.0,,,
dimension,BBB,L128,standardized_decoder_samples_seen,500000.0,L64,500000.0,0.0,0.0,,,
dimension,BBB,L16,standardized_decoder_wall_time_sec,167.44293054000082,L64,248.2134587599907,-80.77052821998987,-0.3254075287597132,,,
dimension,BBB,L32,standardized_decoder_wall_time_sec,167.72158827999664,L64,248.2134587599907,-80.49187047999405,-0.32428487513171117,,,
dimension,BBB,L64,standardized_decoder_wall_time_sec,248.2134587599907,L64,248.2134587599907,0.0,0.0,,,
dimension,BBB,L128,standardized_decoder_wall_time_sec,215.9034590400028,L64,248.2134587599907,-32.3099997199879,-0.1301702167215269,,,
dimension,BBB,L16,total_training_samples_seen,1000000.0,L64,1000000.0,0.0,0.0,,,
dimension,BBB,L32,total_training_samples_seen,1000000.0,L64,1000000.0,0.0,0.0,,,
dimension,BBB,L64,total_training_samples_seen,1000000.0,L64,1000000.0,0.0,0.0,,,
dimension,BBB,L128,total_training_samples_seen,1000000.0,L64,1000000.0,0.0,0.0,,,
dimension,BBB,L16,total_training_wall_time_sec,374.13821726000094,L64,561.1903358600226,-187.05211860002169,-0.333313150008837,,,
dimension,BBB,L32,total_training_wall_time_sec,362.1113429599951,L64,561.1903358600226,-199.07899290002752,-0.3547441575146499,,,
dimension,BBB,L64,total_training_wall_time_sec,561.1903358600226,L64,561.1903358600226,0.0,0.0,,,
dimension,BBB,L128,total_training_wall_time_sec,486.50852216000203,L64,561.1903358600226,-74.6818137000206,-0.13307751208076452,,,
dimension,HBB,L16,accuracy,0.8667399999999998,L64,0.91638,-0.04964000000000013,-0.054169667605083,,,
dimension,HBB,L32,accuracy,0.91816,L64,0.91638,0.0017800000000000038,0.0019424256312862147,,,
dimension,HBB,L64,accuracy,0.91638,L64,0.91638,0.0,0.0,,,
dimension,HBB,L128,accuracy,0.92628,L64,0.91638,0.00990000000000002,0.010803378511086249,,,
dimension,HBB,L16,macro_f1,0.861538711374858,L64,0.9151505160361297,-0.05361180466127169,-0.05858249951431655,,,
dimension,HBB,L32,macro_f1,0.916931770878709,L64,0.9151505160361297,0.001781254842579294,0.0019464064231670328,,,
dimension,HBB,L64,macro_f1,0.9151505160361297,L64,0.9151505160361297,0.0,0.0,,,
dimension,HBB,L128,macro_f1,0.9252821272890236,L64,0.9151505160361297,0.010131611252893857,0.011070978025305288,,,
dimension,HBB,L16,classification_ce,0.4181115448474884,L64,0.2832034945487976,0.1349080502986908,0.47636435600186067,,,
dimension,HBB,L32,classification_ce,0.27923738956451416,L64,0.2832034945487976,-0.003966104984283458,-0.014004435187455186,,,
dimension,HBB,L64,classification_ce,0.2832034945487976,L64,0.2832034945487976,0.0,0.0,,,
dimension,HBB,L128,classification_ce,0.2508766621351242,L64,0.2832034945487976,-0.0323268324136734,-0.11414701102139527,,,
dimension,HBB,L16,system_reconstruction_mse,0.018972149653726695,L64,0.0032699993506742986,0.015702150303052397,4.801881778665373,,,
dimension,HBB,L32,system_reconstruction_mse,0.009653632222389689,L64,0.0032699993506742986,0.00638363287171539,1.9521816933837786,,,
dimension,HBB,L64,system_reconstruction_mse,0.0032699993506742986,L64,0.0032699993506742986,0.0,0.0,,,
dimension,HBB,L128,system_reconstruction_mse,0.0022705839884037877,L64,0.0032699993506742986,-0.000999415362270511,-0.3056316698530207,,,
dimension,HBB,L16,standardized_reconstruction_mse,0.018863347823473868,L64,0.003312132648351241,0.015551215175122627,4.69522716071432,,,
dimension,HBB,L32,standardized_reconstruction_mse,0.009534573761589674,L64,0.003312132648351241,0.006222441113238433,1.8786811314629093,,,
dimension,HBB,L64,standardized_reconstruction_mse,0.003312132648351241,L64,0.003312132648351241,0.0,0.0,,,
dimension,HBB,L128,standardized_reconstruction_mse,0.002187548858876131,L64,0.003312132648351241,-0.00112458378947511,-0.33953464686729445,,,
dimension,HBB,L16,system_training_samples_seen,1000000.0,L64,1000000.0,0.0,0.0,,,
dimension,HBB,L32,system_training_samples_seen,1000000.0,L64,1000000.0,0.0,0.0,,,
dimension,HBB,L64,system_training_samples_seen,1000000.0,L64,1000000.0,0.0,0.0,,,
dimension,HBB,L128,system_training_samples_seen,1000000.0,L64,1000000.0,0.0,0.0,,,
dimension,HBB,L16,system_training_wall_time_sec,343.0287666599994,L64,435.8698365200338,-92.8410698600344,-0.21300182320775699,,,
dimension,HBB,L32,system_training_wall_time_sec,287.4034431599983,L64,435.8698365200338,-148.4663933600355,-0.3406209398323695,,,
dimension,HBB,L64,system_training_wall_time_sec,435.8698365200338,L64,435.8698365200338,0.0,0.0,,,
dimension,HBB,L128,system_training_wall_time_sec,449.525742639997,L64,435.8698365200338,13.65590611996322,0.03133023892864751,,,
dimension,HBB,L16,standardized_decoder_samples_seen,500000.0,L64,500000.0,0.0,0.0,,,
dimension,HBB,L32,standardized_decoder_samples_seen,500000.0,L64,500000.0,0.0,0.0,,,
dimension,HBB,L64,standardized_decoder_samples_seen,500000.0,L64,500000.0,0.0,0.0,,,
dimension,HBB,L128,standardized_decoder_samples_seen,500000.0,L64,500000.0,0.0,0.0,,,
dimension,HBB,L16,standardized_decoder_wall_time_sec,211.05389860000068,L64,246.48647319999182,-35.43257459999114,-0.14375058452494494,,,
dimension,HBB,L32,standardized_decoder_wall_time_sec,171.9022014000002,L64,246.48647319999182,-74.58427179999163,-0.3025897154992187,,,
dimension,HBB,L64,standardized_decoder_wall_time_sec,246.48647319999182,L64,246.48647319999182,0.0,0.0,,,
dimension,HBB,L128,standardized_decoder_wall_time_sec,246.62007809999923,L64,246.48647319999182,0.13360490000741265,0.0005420374524934237,,,
dimension,HBB,L16,total_training_samples_seen,1500000.0,L64,1500000.0,0.0,0.0,,,
dimension,HBB,L32,total_training_samples_seen,1500000.0,L64,1500000.0,0.0,0.0,,,
dimension,HBB,L64,total_training_samples_seen,1500000.0,L64,1500000.0,0.0,0.0,,,
dimension,HBB,L128,total_training_samples_seen,1500000.0,L64,1500000.0,0.0,0.0,,,
dimension,HBB,L16,total_training_wall_time_sec,554.0826652600001,L64,682.3563097200256,-128.27364446002548,-0.18798630954648407,,,
dimension,HBB,L32,total_training_wall_time_sec,459.3056445599985,L64,682.3563097200256,-223.0506651600271,-0.32688298178344044,,,
dimension,HBB,L64,total_training_wall_time_sec,682.3563097200256,L64,682.3563097200256,0.0,0.0,,,
dimension,HBB,L128,total_training_wall_time_sec,696.1458207399962,L64,682.3563097200256,13.789511019970632,0.020208666386669044,,,
dimension,HHB,L16,accuracy,0.7337,L64,0.9198599999999999,-0.18615999999999988,-0.2023786228336894,,,
dimension,HHB,L32,accuracy,0.9084,L64,0.9198599999999999,-0.011459999999999915,-0.012458417585271083,,,
dimension,HHB,L64,accuracy,0.9198599999999999,L64,0.9198599999999999,0.0,0.0,,,
dimension,HHB,L128,accuracy,0.9342,L64,0.9198599999999999,0.01434000000000013,0.015589328810889204,,,
dimension,HHB,L16,macro_f1,0.7137083185662372,L64,0.9186179440340909,-0.20490962546785374,-0.22306294667810916,,,
dimension,HHB,L32,macro_f1,0.9071676876243189,L64,0.9186179440340909,-0.011450256409772042,-0.012464655719086025,,,
dimension,HHB,L64,macro_f1,0.9186179440340909,L64,0.9186179440340909,0.0,0.0,,,
dimension,HHB,L128,macro_f1,0.9332793970639731,L64,0.9186179440340909,0.014661453029882199,0.01596033816352507,,,
dimension,HHB,L16,classification_ce,0.7524276435375213,L64,0.2773395895957947,0.47508805394172665,1.713019243420765,,,
dimension,HHB,L32,classification_ce,0.30749514102935793,L64,0.2773395895957947,0.030155551433563244,0.10873150666085707,,,
dimension,HHB,L64,classification_ce,0.2773395895957947,L64,0.2773395895957947,0.0,0.0,,,
dimension,HHB,L128,classification_ce,0.22453992664813996,L64,0.2773395895957947,-0.05279966294765473,-0.1903791053575027,,,
dimension,HHB,L16,system_reconstruction_mse,0.029742829500509764,L64,0.0046470480285372056,0.02509578147197256,5.400370582025557,,,
dimension,HHB,L32,system_reconstruction_mse,0.010150928302492413,L64,0.0046470480285372056,0.0055038802739552075,1.184382050491381,,,
dimension,HHB,L64,system_reconstruction_mse,0.0046470480285372056,L64,0.0046470480285372056,0.0,0.0,,,
dimension,HHB,L128,system_reconstruction_mse,0.0036733346678286182,L64,0.0046470480285372056,-0.0009737133607085873,-0.20953374153216106,,,
dimension,HHB,L16,standardized_reconstruction_mse,0.03173520018830592,L64,0.004568547135372551,0.027166653052933365,5.946453487728228,,,
dimension,HHB,L32,standardized_reconstruction_mse,0.009775668414952803,L64,0.004568547135372551,0.005207121279580252,1.1397761967089457,,,
dimension,HHB,L64,standardized_reconstruction_mse,0.004568547135372551,L64,0.004568547135372551,0.0,0.0,,,
dimension,HHB,L128,standardized_reconstruction_mse,0.003438406947680882,L64,0.004568547135372551,-0.001130140187691669,-0.24737408938917194,,,
dimension,HHB,L16,system_training_samples_seen,1500000.0,L64,1500000.0,0.0,0.0,,,
dimension,HHB,L32,system_training_samples_seen,1500000.0,L64,1500000.0,0.0,0.0,,,
dimension,HHB,L64,system_training_samples_seen,1500000.0,L64,1500000.0,0.0,0.0,,,
dimension,HHB,L128,system_training_samples_seen,1500000.0,L64,1500000.0,0.0,0.0,,,
dimension,HHB,L16,system_training_wall_time_sec,408.9273675000004,L64,579.255081860027,-170.32771436002656,-0.29404612871602703,,,
dimension,HHB,L32,system_training_wall_time_sec,420.1892062800034,L64,579.255081860027,-159.06587558002354,-0.2746041952178513,,,
dimension,HHB,L64,system_training_wall_time_sec,579.255081860027,L64,579.255081860027,0.0,0.0,,,
dimension,HHB,L128,system_training_wall_time_sec,526.7114941200009,L64,579.255081860027,-52.543587740026055,-0.09070889386296789,,,
dimension,HHB,L16,standardized_decoder_samples_seen,500000.0,L64,500000.0,0.0,0.0,,,
dimension,HHB,L32,standardized_decoder_samples_seen,500000.0,L64,500000.0,0.0,0.0,,,
dimension,HHB,L64,standardized_decoder_samples_seen,500000.0,L64,500000.0,0.0,0.0,,,
dimension,HHB,L128,standardized_decoder_samples_seen,500000.0,L64,500000.0,0.0,0.0,,,
dimension,HHB,L16,standardized_decoder_wall_time_sec,199.2707312999999,L64,257.58887043999187,-58.318139139991956,-0.22640007326550068,,,
dimension,HHB,L32,standardized_decoder_wall_time_sec,160.89152593999606,L64,257.58887043999187,-96.69734449999581,-0.3753941089722746,,,
dimension,HHB,L64,standardized_decoder_wall_time_sec,257.58887043999187,L64,257.58887043999187,0.0,0.0,,,
dimension,HHB,L128,standardized_decoder_wall_time_sec,237.82667258,L64,257.58887043999187,-19.762197859991858,-0.07671992126925219,,,
dimension,HHB,L16,total_training_samples_seen,2000000.0,L64,2000000.0,0.0,0.0,,,
dimension,HHB,L32,total_training_samples_seen,2000000.0,L64,2000000.0,0.0,0.0,,,
dimension,HHB,L64,total_training_samples_seen,2000000.0,L64,2000000.0,0.0,0.0,,,
dimension,HHB,L128,total_training_samples_seen,2000000.0,L64,2000000.0,0.0,0.0,,,
dimension,HHB,L16,total_training_wall_time_sec,608.1980988000003,L64,836.8439523000188,-228.64585350001857,-0.2732240017647232,,,
dimension,HHB,L32,total_training_wall_time_sec,581.0807322199995,L64,836.8439523000188,-255.76322008001932,-0.30562833055920174,,,
dimension,HHB,L64,total_training_wall_time_sec,836.8439523000188,L64,836.8439523000188,0.0,0.0,,,
dimension,HHB,L128,total_training_wall_time_sec,764.5381667000008,L64,836.8439523000188,-72.305785600018,-0.08640294932082558,,,
dimension,HHH,L16,accuracy,0.6800999999999999,L64,0.8940999999999999,-0.21399999999999997,-0.23934682921346678,,,
dimension,HHH,L32,accuracy,0.81016,L64,0.8940999999999999,-0.0839399999999999,-0.0938821160942915,,,
dimension,HHH,L64,accuracy,0.8940999999999999,L64,0.8940999999999999,0.0,0.0,,,
dimension,HHH,L128,accuracy,0.929,L64,0.8940999999999999,0.03490000000000015,0.03903366513808425,,,
dimension,HHH,L16,macro_f1,0.6739137446510176,L64,0.8927295922727015,-0.21881584762168393,-0.2451087647541511,,,
dimension,HHH,L32,macro_f1,0.8069212962760581,L64,0.8927295922727015,-0.08580829599664341,-0.09611902275816515,,,
dimension,HHH,L64,macro_f1,0.8927295922727015,L64,0.8927295922727015,0.0,0.0,,,
dimension,HHH,L128,macro_f1,0.9280929408507242,L64,0.8927295922727015,0.0353633485780227,0.039612609332189214,,,
dimension,HHH,L16,classification_ce,0.9826252698898316,L64,0.3552584707736969,0.6273667991161347,1.7659446592450363,,,
dimension,HHH,L32,classification_ce,0.6124157905578613,L64,0.3552584707736969,0.25715731978416445,0.7238597836200571,,,
dimension,HHH,L64,classification_ce,0.3552584707736969,L64,0.3552584707736969,0.0,0.0,,,
dimension,HHH,L128,classification_ce,0.24390153586864471,L64,0.3552584707736969,-0.11135693490505216,-0.31345328560982905,,,
dimension,HHH,L16,system_reconstruction_mse,0.0375239962145747,L64,0.018500022951242874,0.019023973263331828,1.0283216032997102,,,
dimension,HHH,L32,system_reconstruction_mse,0.02778722557690679,L64,0.018500022951242874,0.009287202625663914,0.502010329913562,,,
dimension,HHH,L64,system_reconstruction_mse,0.018500022951242874,L64,0.018500022951242874,0.0,0.0,,,
dimension,HHH,L128,system_reconstruction_mse,0.014473579706464493,L64,0.018500022951242874,-0.004026443244778381,-0.2176453107746134,,,
dimension,HHH,L16,standardized_reconstruction_mse,0.03741246006790473,L64,0.018688835105117485,0.018723624962787247,1.001861531576057,,,
dimension,HHH,L32,standardized_reconstruction_mse,0.02754771404305283,L64,0.018688835105117485,0.008858878937935345,0.47401985664882534,,,
dimension,HHH,L64,standardized_reconstruction_mse,0.018688835105117485,L64,0.018688835105117485,0.0,0.0,,,
dimension,HHH,L128,standardized_reconstruction_mse,0.014111891362715743,L64,0.018688835105117485,-0.0045769437424017425,-0.2449025697114506,,,
dimension,HHH,L16,system_training_samples_seen,2000000.0,L64,2000000.0,0.0,0.0,,,
dimension,HHH,L32,system_training_samples_seen,2000000.0,L64,2000000.0,0.0,0.0,,,
dimension,HHH,L64,system_training_samples_seen,2000000.0,L64,2000000.0,0.0,0.0,,,
dimension,HHH,L128,system_training_samples_seen,2000000.0,L64,2000000.0,0.0,0.0,,,
dimension,HHH,L16,system_training_wall_time_sec,418.93351548000135,L64,695.3432434400213,-276.40972796001995,-0.39751551563592924,,,
dimension,HHH,L32,system_training_wall_time_sec,421.48401257999797,L64,695.3432434400213,-273.85923086002333,-0.39384754715552994,,,
dimension,HHH,L64,system_training_wall_time_sec,695.3432434400213,L64,695.3432434400213,0.0,0.0,,,
dimension,HHH,L128,system_training_wall_time_sec,617.577964480003,L64,695.3432434400213,-77.76527896001835,-0.11183725403772632,,,
dimension,HHH,L16,standardized_decoder_samples_seen,500000.0,L64,500000.0,0.0,0.0,,,
dimension,HHH,L32,standardized_decoder_samples_seen,500000.0,L64,500000.0,0.0,0.0,,,
dimension,HHH,L64,standardized_decoder_samples_seen,500000.0,L64,500000.0,0.0,0.0,,,
dimension,HHH,L128,standardized_decoder_samples_seen,500000.0,L64,500000.0,0.0,0.0,,,
dimension,HHH,L16,standardized_decoder_wall_time_sec,182.16747689999974,L64,242.39518759998336,-60.22771069998362,-0.24846908594313818,,,
dimension,HHH,L32,standardized_decoder_wall_time_sec,158.21637462000072,L64,242.39518759998336,-84.17881297998264,-0.3472792253569809,,,
dimension,HHH,L64,standardized_decoder_wall_time_sec,242.39518759998336,L64,242.39518759998336,0.0,0.0,,,
dimension,HHH,L128,standardized_decoder_wall_time_sec,226.41377619999986,L64,242.39518759998336,-15.9814113999835,-0.06593122395794847,,,
dimension,HHH,L16,total_training_samples_seen,2500000.0,L64,2500000.0,0.0,0.0,,,
dimension,HHH,L32,total_training_samples_seen,2500000.0,L64,2500000.0,0.0,0.0,,,
dimension,HHH,L64,total_training_samples_seen,2500000.0,L64,2500000.0,0.0,0.0,,,
dimension,HHH,L128,total_training_samples_seen,2500000.0,L64,2500000.0,0.0,0.0,,,
dimension,HHH,L16,total_training_wall_time_sec,601.1009923800011,L64,937.7384310400046,-336.63743866000345,-0.358988634268357,,,
dimension,HHH,L32,total_training_wall_time_sec,579.7003871999987,L64,937.7384310400046,-358.0380438400059,-0.3818101423473934,,,
dimension,HHH,L64,total_training_wall_time_sec,937.7384310400046,L64,937.7384310400046,0.0,0.0,,,
dimension,HHH,L128,total_training_wall_time_sec,843.9917406800029,L64,937.7384310400046,-93.74669036000171,-0.09997104443723316,,,
architecture,BBB,early_heavy,effective_rank,2.553561223867199,balanced,1.882369806551793,0.6711914173154061,0.3565672457021435,h1,,
architecture,BBB,balanced,effective_rank,1.882369806551793,balanced,1.882369806551793,0.0,0.0,h1,,
architecture,BBB,late_heavy,effective_rank,1.3043698674140012,balanced,1.882369806551793,-0.5779999391377919,-0.3070597164944386,h1,,
architecture,BBB,early_heavy,stable_rank,1.6562554012703274,balanced,1.4005715885134244,0.255683812756903,0.18255676100648652,h1,,
architecture,BBB,balanced,stable_rank,1.4005715885134244,balanced,1.4005715885134244,0.0,0.0,h1,,
architecture,BBB,late_heavy,stable_rank,1.1472389181133191,balanced,1.4005715885134244,-0.2533326704001053,-0.18087805898505577,h1,,
architecture,BBB,early_heavy,winner_coverage_ratio,0.996875,balanced,0.9875,0.009374999999999911,0.009493670886066246,h1,,
architecture,BBB,balanced,winner_coverage_ratio,0.9875,balanced,0.9875,0.0,0.0,h1,,
architecture,BBB,late_heavy,winner_coverage_ratio,1.0,balanced,0.9875,0.012499999999999956,0.012658227848088403,h1,,
architecture,BBB,early_heavy,winner_entropy,0.8549428599980136,balanced,0.7702586229804895,0.08468423701752403,0.10994260173256006,h1,,
architecture,BBB,balanced,winner_entropy,0.7702586229804895,balanced,0.7702586229804895,0.0,0.0,h1,,
architecture,BBB,late_heavy,winner_entropy,0.6618790836152718,balanced,0.7702586229804895,-0.10837953936521771,-0.14070538924407763,h1,,
architecture,BBB,early_heavy,max_winner_share,0.09915801112984211,balanced,0.2736962314427103,-0.1745382203128682,-0.6377077952158964,h1,,
architecture,BBB,balanced,max_winner_share,0.2736962314427103,balanced,0.2736962314427103,0.0,0.0,h1,,
architecture,BBB,late_heavy,max_winner_share,0.6740800659814743,balanced,0.2736962314427103,0.40038383453876397,1.4628766805695272,h1,,
architecture,BBB,early_heavy,linear_probe_cv_accuracy,0.9055,balanced,0.9004,0.005099999999999993,0.0056641492669861505,h1,,
architecture,BBB,balanced,linear_probe_cv_accuracy,0.9004,balanced,0.9004,0.0,0.0,h1,,
architecture,BBB,late_heavy,linear_probe_cv_accuracy,0.8844000000000001,balanced,0.9004,-0.015999999999999903,-0.017769880053289798,h1,,
architecture,BBB,early_heavy,knn_cv_accuracy,0.8176,balanced,0.8427999999999999,-0.02519999999999989,-0.029900332225878016,h1,,
architecture,BBB,balanced,knn_cv_accuracy,0.8427999999999999,balanced,0.8427999999999999,0.0,0.0,h1,,
architecture,BBB,late_heavy,knn_cv_accuracy,0.8393,balanced,0.8427999999999999,-0.0034999999999998366,-0.00415282392026066,h1,,
architecture,BBB,early_heavy,between_within_scatter_ratio,0.11176379054227192,balanced,0.11004322856452134,0.0017205619777505843,0.015635328044979493,h1,,
architecture,BBB,balanced,between_within_scatter_ratio,0.11004322856452134,balanced,0.11004322856452134,0.0,0.0,h1,,
architecture,BBB,late_heavy,between_within_scatter_ratio,0.10932189079017536,balanced,0.11004322856452134,-0.0007213377743459787,-0.006555040085146935,h1,,
architecture,BBB,early_heavy,silhouette_score,-0.02586052414772209,balanced,-0.028580419717087226,0.002719895569365135,0.09516639700164511,h1,,
architecture,BBB,balanced,silhouette_score,-0.028580419717087226,balanced,-0.028580419717087226,0.0,0.0,h1,,
architecture,BBB,late_heavy,silhouette_score,-0.033131488319773125,balanced,-0.028580419717087226,-0.0045510686026859,-0.15923729068981232,h1,,
architecture,BBB,early_heavy,effective_rank,4.354555866559697,balanced,4.30995940156323,0.04459646499646741,0.010347305123171658,h2,,
architecture,BBB,balanced,effective_rank,4.30995940156323,balanced,4.30995940156323,0.0,0.0,h2,,
architecture,BBB,late_heavy,effective_rank,5.127396188759374,balanced,4.30995940156323,0.8174367871961445,0.1896622940112775,h2,,
architecture,BBB,early_heavy,stable_rank,2.302300965314088,balanced,2.253398276366468,0.04890268894761984,0.021701751288481567,h2,,
architecture,BBB,balanced,stable_rank,2.253398276366468,balanced,2.253398276366468,0.0,0.0,h2,,
architecture,BBB,late_heavy,stable_rank,2.665950326307468,balanced,2.253398276366468,0.41255204994100003,0.1830799527396656,h2,,
architecture,BBB,early_heavy,winner_coverage_ratio,0.9928571428571429,balanced,1.0,-0.0071428571428571175,-0.007142857142849974,h2,,
architecture,BBB,balanced,winner_coverage_ratio,1.0,balanced,1.0,0.0,0.0,h2,,
architecture,BBB,late_heavy,winner_coverage_ratio,1.0,balanced,1.0,0.0,0.0,h2,,
architecture,BBB,early_heavy,winner_entropy,0.9146520351683763,balanced,0.941798478730635,-0.027146443562258704,-0.028824046943480005,h2,,
architecture,BBB,balanced,winner_entropy,0.941798478730635,balanced,0.941798478730635,0.0,0.0,h2,,
architecture,BBB,late_heavy,winner_entropy,0.9320720897430956,balanced,0.941798478730635,-0.009726388987539414,-0.010327463047761986,h2,,
architecture,BBB,early_heavy,max_winner_share,0.09863129867619456,balanced,0.08038516938848046,0.018246129287714102,0.22698377606581077,h2,,
architecture,BBB,balanced,max_winner_share,0.08038516938848046,balanced,0.08038516938848046,0.0,0.0,h2,,
architecture,BBB,late_heavy,max_winner_share,0.09280637625204509,balanced,0.08038516938848046,0.012421206863564627,0.1545211256989665,h2,,
architecture,BBB,early_heavy,linear_probe_cv_accuracy,0.9207000000000001,balanced,0.9190000000000002,0.0016999999999999238,0.0018498367791056297,h2,,
architecture,BBB,balanced,linear_probe_cv_accuracy,0.9190000000000002,balanced,0.9190000000000002,0.0,0.0,h2,,
architecture,BBB,late_heavy,linear_probe_cv_accuracy,0.9193,balanced,0.9190000000000002,0.00029999999999985594,0.00032644178454791016,h2,,
architecture,BBB,early_heavy,knn_cv_accuracy,0.8793,balanced,0.8748000000000001,0.0044999999999998375,0.005144032921804633,h2,,
architecture,BBB,balanced,knn_cv_accuracy,0.8748000000000001,balanced,0.8748000000000001,0.0,0.0,h2,,
architecture,BBB,late_heavy,knn_cv_accuracy,0.8718999999999999,balanced,0.8748000000000001,-0.0029000000000002357,-0.0033150434384967083,h2,,
architecture,BBB,early_heavy,between_within_scatter_ratio,0.12426573233365176,balanced,0.12101574330868219,0.0032499890249695768,0.026855919205923288,h2,,
architecture,BBB,balanced,between_within_scatter_ratio,0.12101574330868219,balanced,0.12101574330868219,0.0,0.0,h2,,
architecture,BBB,late_heavy,between_within_scatter_ratio,0.12325176863303092,balanced,0.12101574330868219,0.002236025324348731,0.018477144073946548,h2,,
architecture,BBB,early_heavy,silhouette_score,-0.012490503817649878,balanced,-0.016027557329648136,0.003537053511998258,0.22068575011331587,h2,,
architecture,BBB,balanced,silhouette_score,-0.016027557329648136,balanced,-0.016027557329648136,0.0,0.0,h2,,
architecture,BBB,late_heavy,silhouette_score,-0.006071010431300167,balanced,-0.016027557329648136,0.009956546898347969,0.6212142432527077,h2,,
architecture,BBB,early_heavy,effective_rank,16.858641951467423,balanced,20.268654129908928,-3.410012178441505,-0.16824068123050356,z,,
architecture,BBB,balanced,effective_rank,20.268654129908928,balanced,20.268654129908928,0.0,0.0,z,,
architecture,BBB,late_heavy,effective_rank,15.5331006678574,balanced,20.268654129908928,-4.735553462051527,-0.23363926542430827,z,,
architecture,BBB,early_heavy,stable_rank,5.868803570621895,balanced,7.11449822093279,-1.2456946503108943,-0.17509241152742813,z,,
architecture,BBB,balanced,stable_rank,7.11449822093279,balanced,7.11449822093279,0.0,0.0,z,,
architecture,BBB,late_heavy,stable_rank,5.883198627029359,balanced,7.11449822093279,-1.2312995939034304,-0.17306907046240294,z,,
architecture,BBB,early_heavy,winner_coverage_ratio,0.775,balanced,0.85,-0.07499999999999996,-0.0882352941175432,z,,
architecture,BBB,balanced,winner_coverage_ratio,0.85,balanced,0.85,0.0,0.0,z,,
architecture,BBB,late_heavy,winner_coverage_ratio,0.5625,balanced,0.85,-0.2875,-0.3382352941172491,z,,
architecture,BBB,early_heavy,winner_entropy,0.8719267017968718,balanced,0.8938356231243503,-0.02190892132747846,-0.024511130190663685,z,,
architecture,BBB,balanced,winner_entropy,0.8938356231243503,balanced,0.8938356231243503,0.0,0.0,z,,
architecture,BBB,late_heavy,winner_entropy,0.7004845545648769,balanced,0.8938356231243503,-0.19335106855947337,-0.21631613638692276,z,,
architecture,BBB,early_heavy,max_winner_share,0.06492857142857142,balanced,0.06735714285714287,-0.0024285714285714466,-0.03605514315959223,z,,
architecture,BBB,balanced,max_winner_share,0.06735714285714287,balanced,0.06735714285714287,0.0,0.0,z,,
architecture,BBB,late_heavy,max_winner_share,0.15498402670775552,balanced,0.06735714285714287,0.08762688385061265,1.3009293466493785,z,,
architecture,BBB,early_heavy,linear_probe_cv_accuracy,0.8708,balanced,0.8605,0.010299999999999976,0.011969785008701925,z,,
architecture,BBB,balanced,linear_probe_cv_accuracy,0.8605,balanced,0.8605,0.0,0.0,z,,
architecture,BBB,late_heavy,linear_probe_cv_accuracy,0.8122999999999999,balanced,0.8605,-0.04820000000000013,-0.05601394538052774,z,,
architecture,BBB,early_heavy,knn_cv_accuracy,0.9257,balanced,0.9241999999999999,0.0015000000000000568,0.001623025319193285,z,,
architecture,BBB,balanced,knn_cv_accuracy,0.9241999999999999,balanced,0.9241999999999999,0.0,0.0,z,,
architecture,BBB,late_heavy,knn_cv_accuracy,0.8607000000000001,balanced,0.9241999999999999,-0.06349999999999978,-0.06870807184584622,z,,
architecture,BBB,early_heavy,between_within_scatter_ratio,0.1104180515962192,balanced,0.1097315847650618,0.0006864668311574035,0.006255872751868946,z,,
architecture,BBB,balanced,between_within_scatter_ratio,0.1097315847650618,balanced,0.1097315847650618,0.0,0.0,z,,
architecture,BBB,late_heavy,between_within_scatter_ratio,0.09138216268449492,balanced,0.1097315847650618,-0.018349422080566877,-0.16722097033125194,z,,
architecture,BBB,early_heavy,silhouette_score,-0.029308196576537725,balanced,-0.02641349345245143,-0.0028947031240862953,-0.10959183150792372,z,,
architecture,BBB,balanced,silhouette_score,-0.02641349345245143,balanced,-0.02641349345245143,0.0,0.0,z,,
architecture,BBB,late_heavy,silhouette_score,-0.011126638314324432,balanced,-0.02641349345245143,0.015286855138126998,0.578751734035752,z,,
architecture,HBB,early_heavy,effective_rank,1.3779399792919107,balanced,1.3607151779211093,0.0172248013708014,0.012658638376551857,h1,,
architecture,HBB,balanced,effective_rank,1.3607151779211093,balanced,1.3607151779211093,0.0,0.0,h1,,
architecture,HBB,late_heavy,effective_rank,1.4856594820161466,balanced,1.3607151779211093,0.12494430409503732,0.09182252547945742,h1,,
architecture,HBB,early_heavy,stable_rank,1.178067755276162,balanced,1.1726882926573663,0.005379462618795738,0.004587291143327643,h1,,
architecture,HBB,balanced,stable_rank,1.1726882926573663,balanced,1.1726882926573663,0.0,0.0,h1,,
architecture,HBB,late_heavy,stable_rank,1.2336205893137573,balanced,1.1726882926573663,0.060932296656390994,0.05195949941502665,h1,,
architecture,HBB,early_heavy,winner_coverage_ratio,0.88125,balanced,0.9,-0.018750000000000044,-0.020833333333310236,h1,,
architecture,HBB,balanced,winner_coverage_ratio,0.9,balanced,0.9,0.0,0.0,h1,,
architecture,HBB,late_heavy,winner_coverage_ratio,0.95,balanced,0.9,0.04999999999999993,0.055555555555493755,h1,,
architecture,HBB,early_heavy,winner_entropy,0.7342161103982943,balanced,0.6196834921396143,0.11453261825868,0.18482438165819504,h1,,
architecture,HBB,balanced,winner_entropy,0.6196834921396143,balanced,0.6196834921396143,0.0,0.0,h1,,
architecture,HBB,late_heavy,winner_entropy,0.6376473548507903,balanced,0.6196834921396143,0.017963862711176004,0.028988770782197585,h1,,
architecture,HBB,early_heavy,max_winner_share,0.10769889607917778,balanced,0.34213377109503873,-0.23443487501586097,-0.6852140736205018,h1,,
architecture,HBB,balanced,max_winner_share,0.34213377109503873,balanced,0.34213377109503873,0.0,0.0,h1,,
architecture,HBB,late_heavy,max_winner_share,0.6168575984944121,balanced,0.34213377109503873,0.2747238273993734,0.8029719677168525,h1,,
architecture,HBB,early_heavy,linear_probe_cv_accuracy,0.9,balanced,0.8919,0.008099999999999996,0.00908173562057508,h1,,
architecture,HBB,balanced,linear_probe_cv_accuracy,0.8919,balanced,0.8919,0.0,0.0,h1,,
architecture,HBB,late_heavy,linear_probe_cv_accuracy,0.8743000000000001,balanced,0.8919,-0.01759999999999995,-0.019733153941002595,h1,,
architecture,HBB,early_heavy,knn_cv_accuracy,0.8183,balanced,0.807,0.011299999999999977,0.014002478314728593,h1,,
architecture,HBB,balanced,knn_cv_accuracy,0.807,balanced,0.807,0.0,0.0,h1,,
architecture,HBB,late_heavy,knn_cv_accuracy,0.7677,balanced,0.807,-0.0393,-0.048698884758303966,h1,,
architecture,HBB,early_heavy,between_within_scatter_ratio,0.10917918870428105,balanced,0.1087670037049759,0.0004121849993051485,0.003789614361533636,h1,,
architecture,HBB,balanced,between_within_scatter_ratio,0.1087670037049759,balanced,0.1087670037049759,0.0,0.0,h1,,
architecture,HBB,late_heavy,between_within_scatter_ratio,0.1071840404958142,balanced,0.1087670037049759,-0.0015829632091616946,-0.01455370797416499,h1,,
architecture,HBB,early_heavy,silhouette_score,-0.03330478346968871,balanced,-0.032309748389203544,-0.0009950350804851654,-0.030796744947319505,h1,,
architecture,HBB,balanced,silhouette_score,-0.032309748389203544,balanced,-0.032309748389203544,0.0,0.0,h1,,
architecture,HBB,late_heavy,silhouette_score,-0.039055324927503535,balanced,-0.032309748389203544,-0.006745576538299991,-0.20877836796603713,h1,,
architecture,HBB,early_heavy,effective_rank,3.782469625310859,balanced,4.170892713952386,-0.3884230886415274,-0.09312708700036545,h2,,
architecture,HBB,balanced,effective_rank,4.170892713952386,balanced,4.170892713952386,0.0,0.0,h2,,
architecture,HBB,late_heavy,effective_rank,5.762051942976616,balanced,4.170892713952386,1.59115922902423,0.38149128691350287,h2,,
architecture,HBB,early_heavy,stable_rank,2.08267289664648,balanced,2.2165277120756777,-0.13385481542919786,-0.06038941660864167,h2,,
architecture,HBB,balanced,stable_rank,2.2165277120756777,balanced,2.2165277120756777,0.0,0.0,h2,,
architecture,HBB,late_heavy,stable_rank,2.8436182582143736,balanced,2.2165277120756777,0.627090546138696,0.28291572567399625,h2,,
architecture,HBB,early_heavy,winner_coverage_ratio,1.0,balanced,1.0,0.0,0.0,h2,,
architecture,HBB,balanced,winner_coverage_ratio,1.0,balanced,1.0,0.0,0.0,h2,,
architecture,HBB,late_heavy,winner_coverage_ratio,1.0,balanced,1.0,0.0,0.0,h2,,
architecture,HBB,early_heavy,winner_entropy,0.9067239610410611,balanced,0.9434841335084247,-0.03676017246736363,-0.0389621522628355,h2,,
architecture,HBB,balanced,winner_entropy,0.9434841335084247,balanced,0.9434841335084247,0.0,0.0,h2,,
architecture,HBB,late_heavy,winner_entropy,0.9429779544214163,balanced,0.9434841335084247,-0.0005061790870084515,-0.0005364998403583595,h2,,
architecture,HBB,early_heavy,max_winner_share,0.1190726502921351,balanced,0.08360177338795668,0.03547087690417841,0.4242837856937603,h2,,
architecture,HBB,balanced,max_winner_share,0.08360177338795668,balanced,0.08360177338795668,0.0,0.0,h2,,
architecture,HBB,late_heavy,max_winner_share,0.0752805937954587,balanced,0.08360177338795668,-0.00832117959249798,-0.09953352967506739,h2,,
architecture,HBB,early_heavy,linear_probe_cv_accuracy,0.921,balanced,0.9138,0.007200000000000095,0.00787918581745701,h2,,
architecture,HBB,balanced,linear_probe_cv_accuracy,0.9138,balanced,0.9138,0.0,0.0,h2,,
architecture,HBB,late_heavy,linear_probe_cv_accuracy,0.9141999999999999,balanced,0.9138,0.00039999999999995595,0.0004377325454142244,h2,,
architecture,HBB,early_heavy,knn_cv_accuracy,0.8800000000000001,balanced,0.8763,0.0037000000000001476,0.004222298299664413,h2,,
architecture,HBB,balanced,knn_cv_accuracy,0.8763,balanced,0.8763,0.0,0.0,h2,,
architecture,HBB,late_heavy,knn_cv_accuracy,0.8506,balanced,0.8763,-0.025699999999999945,-0.02932785575712726,h2,,
architecture,HBB,early_heavy,between_within_scatter_ratio,0.12460246106278258,balanced,0.11942287554109395,0.005179585521688637,0.04337180375348563,h2,,
architecture,HBB,balanced,between_within_scatter_ratio,0.11942287554109395,balanced,0.11942287554109395,0.0,0.0,h2,,
architecture,HBB,late_heavy,between_within_scatter_ratio,0.12290159038156097,balanced,0.11942287554109395,0.003478714840467023,0.02912938433843734,h2,,
architecture,HBB,early_heavy,silhouette_score,-0.014118632168559835,balanced,-0.018165186745625457,0.004046554577065622,0.22276427066280227,h2,,
architecture,HBB,balanced,silhouette_score,-0.018165186745625457,balanced,-0.018165186745625457,0.0,0.0,h2,,
architecture,HBB,late_heavy,silhouette_score,-0.01995661485508572,balanced,-0.018165186745625457,-0.0017914281094602615,-0.09861875544951691,h2,,
architecture,HBB,early_heavy,effective_rank,15.224534669303239,balanced,19.449515534707405,-4.2249808654041665,-0.21722807737110605,z,,
architecture,HBB,balanced,effective_rank,19.449515534707405,balanced,19.449515534707405,0.0,0.0,z,,
architecture,HBB,late_heavy,effective_rank,14.839699244568711,balanced,19.449515534707405,-4.609816290138694,-0.23701445323469886,z,,
architecture,HBB,early_heavy,stable_rank,5.430264844573179,balanced,6.834292415616733,-1.404027571043554,-0.20543861539126837,z,,
architecture,HBB,balanced,stable_rank,6.834292415616733,balanced,6.834292415616733,0.0,0.0,z,,
architecture,HBB,late_heavy,stable_rank,5.651209500716764,balanced,6.834292415616733,-1.1830829148999689,-0.17310978854173498,z,,
architecture,HBB,early_heavy,winner_coverage_ratio,0.715625,balanced,0.859375,-0.14375000000000004,-0.16727272727253267,z,,
architecture,HBB,balanced,winner_coverage_ratio,0.859375,balanced,0.859375,0.0,0.0,z,,
architecture,HBB,late_heavy,winner_coverage_ratio,0.55625,balanced,0.859375,-0.303125,-0.3527272727268623,z,,
architecture,HBB,early_heavy,winner_entropy,0.8521947957294052,balanced,0.8872519699420677,-0.03505717421266252,-0.03951208382767754,z,,
architecture,HBB,balanced,winner_entropy,0.8872519699420677,balanced,0.8872519699420677,0.0,0.0,z,,
architecture,HBB,late_heavy,winner_entropy,0.7442510001988276,balanced,0.8872519699420677,-0.14300096974324006,-0.16117289629958895,z,,
architecture,HBB,early_heavy,max_winner_share,0.06962857142857143,balanced,0.07105714285714286,-0.0014285714285714318,-0.02010454362657678,z,,
architecture,HBB,balanced,max_winner_share,0.07105714285714286,balanced,0.07105714285714286,0.0,0.0,z,,
architecture,HBB,late_heavy,max_winner_share,0.09553674369532406,balanced,0.07105714285714286,0.024479600838181195,0.34450584210867874,z,,
architecture,HBB,early_heavy,linear_probe_cv_accuracy,0.8739000000000001,balanced,0.8633999999999998,0.010500000000000287,0.012161223071563735,z,,
architecture,HBB,balanced,linear_probe_cv_accuracy,0.8633999999999998,balanced,0.8633999999999998,0.0,0.0,z,,
architecture,HBB,late_heavy,linear_probe_cv_accuracy,0.8512000000000001,balanced,0.8633999999999998,-0.012199999999999767,-0.0141301829974353,z,,
architecture,HBB,early_heavy,knn_cv_accuracy,0.9268000000000001,balanced,0.9232999999999999,0.0035000000000001696,0.003790750568608664,z,,
architecture,HBB,balanced,knn_cv_accuracy,0.9232999999999999,balanced,0.9232999999999999,0.0,0.0,z,,
architecture,HBB,late_heavy,knn_cv_accuracy,0.9048999999999999,balanced,0.9232999999999999,-0.018399999999999972,-0.019928517274970265,z,,
architecture,HBB,early_heavy,between_within_scatter_ratio,0.11027633046508793,balanced,0.1091692078256417,0.0011071226394462341,0.010141345361819612,z,,
architecture,HBB,balanced,between_within_scatter_ratio,0.1091692078256417,balanced,0.1091692078256417,0.0,0.0,z,,
architecture,HBB,late_heavy,between_within_scatter_ratio,0.09533311717986673,balanced,0.1091692078256417,-0.01383609064577497,-0.12673986485041072,z,,
architecture,HBB,early_heavy,silhouette_score,-0.017138873846626233,balanced,-0.02840319284014838,0.011264318993522145,0.3965863646569783,z,,
architecture,HBB,balanced,silhouette_score,-0.02840319284014838,balanced,-0.02840319284014838,0.0,0.0,z,,
architecture,HBB,late_heavy,silhouette_score,0.006950451470056203,balanced,-0.02840319284014838,0.03535364431020458,1.2447066957552364,z,,
architecture,HHB,early_heavy,effective_rank,1.3779399792919107,balanced,1.3607151779211093,0.0172248013708014,0.012658638376551857,h1,,
architecture,HHB,balanced,effective_rank,1.3607151779211093,balanced,1.3607151779211093,0.0,0.0,h1,,
architecture,HHB,late_heavy,effective_rank,1.4856594820161466,balanced,1.3607151779211093,0.12494430409503732,0.09182252547945742,h1,,
architecture,HHB,early_heavy,stable_rank,1.178067755276162,balanced,1.1726882926573663,0.005379462618795738,0.004587291143327643,h1,,
architecture,HHB,balanced,stable_rank,1.1726882926573663,balanced,1.1726882926573663,0.0,0.0,h1,,
architecture,HHB,late_heavy,stable_rank,1.2336205893137573,balanced,1.1726882926573663,0.060932296656390994,0.05195949941502665,h1,,
architecture,HHB,early_heavy,winner_coverage_ratio,0.88125,balanced,0.9,-0.018750000000000044,-0.020833333333310236,h1,,
architecture,HHB,balanced,winner_coverage_ratio,0.9,balanced,0.9,0.0,0.0,h1,,
architecture,HHB,late_heavy,winner_coverage_ratio,0.95,balanced,0.9,0.04999999999999993,0.055555555555493755,h1,,
architecture,HHB,early_heavy,winner_entropy,0.7342161103982943,balanced,0.6196834921396143,0.11453261825868,0.18482438165819504,h1,,
architecture,HHB,balanced,winner_entropy,0.6196834921396143,balanced,0.6196834921396143,0.0,0.0,h1,,
architecture,HHB,late_heavy,winner_entropy,0.6376473548507903,balanced,0.6196834921396143,0.017963862711176004,0.028988770782197585,h1,,
architecture,HHB,early_heavy,max_winner_share,0.10769889607917778,balanced,0.34213377109503873,-0.23443487501586097,-0.6852140736205018,h1,,
architecture,HHB,balanced,max_winner_share,0.34213377109503873,balanced,0.34213377109503873,0.0,0.0,h1,,
architecture,HHB,late_heavy,max_winner_share,0.6168575984944121,balanced,0.34213377109503873,0.2747238273993734,0.8029719677168525,h1,,
architecture,HHB,early_heavy,linear_probe_cv_accuracy,0.9,balanced,0.8919,0.008099999999999996,0.00908173562057508,h1,,
architecture,HHB,balanced,linear_probe_cv_accuracy,0.8919,balanced,0.8919,0.0,0.0,h1,,
architecture,HHB,late_heavy,linear_probe_cv_accuracy,0.8743000000000001,balanced,0.8919,-0.01759999999999995,-0.019733153941002595,h1,,
architecture,HHB,early_heavy,knn_cv_accuracy,0.8183,balanced,0.807,0.011299999999999977,0.014002478314728593,h1,,
architecture,HHB,balanced,knn_cv_accuracy,0.807,balanced,0.807,0.0,0.0,h1,,
architecture,HHB,late_heavy,knn_cv_accuracy,0.7677,balanced,0.807,-0.0393,-0.048698884758303966,h1,,
architecture,HHB,early_heavy,between_within_scatter_ratio,0.10917918870428105,balanced,0.1087670037049759,0.0004121849993051485,0.003789614361533636,h1,,
architecture,HHB,balanced,between_within_scatter_ratio,0.1087670037049759,balanced,0.1087670037049759,0.0,0.0,h1,,
architecture,HHB,late_heavy,between_within_scatter_ratio,0.1071840404958142,balanced,0.1087670037049759,-0.0015829632091616946,-0.01455370797416499,h1,,
architecture,HHB,early_heavy,silhouette_score,-0.03330478346968871,balanced,-0.032309748389203544,-0.0009950350804851654,-0.030796744947319505,h1,,
architecture,HHB,balanced,silhouette_score,-0.032309748389203544,balanced,-0.032309748389203544,0.0,0.0,h1,,
architecture,HHB,late_heavy,silhouette_score,-0.039055324927503535,balanced,-0.032309748389203544,-0.006745576538299991,-0.20877836796603713,h1,,
architecture,HHB,early_heavy,effective_rank,1.0141958288365602,balanced,1.0451430234971932,-0.030947194660633004,-0.02961048771779559,h2,,
architecture,HHB,balanced,effective_rank,1.0451430234971932,balanced,1.0451430234971932,0.0,0.0,h2,,
architecture,HHB,late_heavy,effective_rank,2.0416892075820003,balanced,1.0451430234971932,0.9965461840848071,0.9535022113521574,h2,,
architecture,HHB,early_heavy,stable_rank,1.0070782175859854,balanced,1.0223699472966077,-0.015291729710622315,-0.014957139292916788,h2,,
architecture,HHB,balanced,stable_rank,1.0223699472966077,balanced,1.0223699472966077,0.0,0.0,h2,,
architecture,HHB,late_heavy,stable_rank,1.4259465561502638,balanced,1.0223699472966077,0.4035766088536561,0.3947461581010035,h2,,
architecture,HHB,early_heavy,winner_coverage_ratio,0.10714285714285714,balanced,0.34375,-0.23660714285714285,-0.6883116883096859,h2,,
architecture,HHB,balanced,winner_coverage_ratio,0.34375,balanced,0.34375,0.0,0.0,h2,,
architecture,HHB,late_heavy,winner_coverage_ratio,0.9454545454545455,balanced,0.34375,0.6017045454545455,1.7504132231354042,h2,,
architecture,HHB,early_heavy,winner_entropy,0.32969533691986563,balanced,0.4228846285137669,-0.09318929159390127,-0.22036575772733993,h2,,
architecture,HHB,balanced,winner_entropy,0.4228846285137669,balanced,0.4228846285137669,0.0,0.0,h2,,
architecture,HHB,late_heavy,winner_entropy,0.7344084698932606,balanced,0.4228846285137669,0.3115238413794937,0.7366639039910514,h2,,
architecture,HHB,early_heavy,max_winner_share,0.3333333333333333,balanced,0.24969882335334942,0.0836345099799839,0.33494154620543626,h2,,
architecture,HHB,balanced,max_winner_share,0.24969882335334942,balanced,0.24969882335334942,0.0,0.0,h2,,
architecture,HHB,late_heavy,max_winner_share,0.18121936785264853,balanced,0.24969882335334942,-0.06847945550070089,-0.27424821062741334,h2,,
architecture,HHB,early_heavy,linear_probe_cv_accuracy,0.8985999999999998,balanced,0.9000999999999999,-0.0015000000000000568,-0.0016664815020535392,h2,,
architecture,HHB,balanced,linear_probe_cv_accuracy,0.9000999999999999,balanced,0.9000999999999999,0.0,0.0,h2,,
architecture,HHB,late_heavy,linear_probe_cv_accuracy,0.885,balanced,0.9000999999999999,-0.015099999999999891,-0.016775913787338205,h2,,
architecture,HHB,early_heavy,knn_cv_accuracy,0.8518000000000001,balanced,0.8524,-0.0005999999999999339,-0.0007038948850295988,h2,,
architecture,HHB,balanced,knn_cv_accuracy,0.8524,balanced,0.8524,0.0,0.0,h2,,
architecture,HHB,late_heavy,knn_cv_accuracy,0.8208,balanced,0.8524,-0.03160000000000007,-0.03707179727822971,h2,,
architecture,HHB,early_heavy,between_within_scatter_ratio,0.11006252684007407,balanced,0.11064869100343344,-0.0005861641633593678,-0.005297524607280547,h2,,
architecture,HHB,balanced,between_within_scatter_ratio,0.11064869100343344,balanced,0.11064869100343344,0.0,0.0,h2,,
architecture,HHB,late_heavy,between_within_scatter_ratio,0.10847987868939231,balanced,0.11064869100343344,-0.0021688123140411325,-0.01960088541810434,h2,,
architecture,HHB,early_heavy,silhouette_score,-0.04867645043445461,balanced,-0.040718942986231764,-0.007957507448222843,-0.19542519683573512,h2,,
architecture,HHB,balanced,silhouette_score,-0.040718942986231764,balanced,-0.040718942986231764,0.0,0.0,h2,,
architecture,HHB,late_heavy,silhouette_score,-0.04489101722830463,balanced,-0.040718942986231764,-0.0041720742420728665,-0.102460278582897,h2,,
architecture,HHB,early_heavy,effective_rank,9.956353319850072,balanced,11.541122599872722,-1.58476928002265,-0.13731500261854857,z,,
architecture,HHB,balanced,effective_rank,11.541122599872722,balanced,11.541122599872722,0.0,0.0,z,,
architecture,HHB,late_heavy,effective_rank,11.157002317962696,balanced,11.541122599872722,-0.38412028191002534,-0.03328274858757919,z,,
architecture,HHB,early_heavy,stable_rank,3.740394906994753,balanced,4.198815970361601,-0.45842106336684774,-0.10917865098223381,z,,
architecture,HHB,balanced,stable_rank,4.198815970361601,balanced,4.198815970361601,0.0,0.0,z,,
architecture,HHB,late_heavy,stable_rank,4.2261900855307815,balanced,4.198815970361601,0.027374115169180868,0.00651948438855178,z,,
architecture,HHB,early_heavy,winner_coverage_ratio,0.721875,balanced,0.76875,-0.046875,-0.06097560975601824,z,,
architecture,HHB,balanced,winner_coverage_ratio,0.76875,balanced,0.76875,0.0,0.0,z,,
architecture,HHB,late_heavy,winner_coverage_ratio,0.5,balanced,0.76875,-0.26875000000000004,-0.3495934959345046,z,,
architecture,HHB,early_heavy,winner_entropy,0.8372298766430044,balanced,0.8521405378856649,-0.014910661242660495,-0.017497889819488462,z,,
architecture,HHB,balanced,winner_entropy,0.8521405378856649,balanced,0.8521405378856649,0.0,0.0,z,,
architecture,HHB,late_heavy,winner_entropy,0.6394867005155827,balanced,0.8521405378856649,-0.21265383737008225,-0.249552541999082,z,,
architecture,HHB,early_heavy,max_winner_share,0.06472857142857143,balanced,0.07287142857142856,-0.008142857142857132,-0.11174279552875462,z,,
architecture,HHB,balanced,max_winner_share,0.07287142857142856,balanced,0.07287142857142856,0.0,0.0,z,,
architecture,HHB,late_heavy,max_winner_share,0.2658285714285714,balanced,0.07287142857142856,0.19295714285714285,2.6479121740471765,z,,
architecture,HHB,early_heavy,linear_probe_cv_accuracy,0.8854,balanced,0.8778,0.00759999999999994,0.008658008657998727,z,,
architecture,HHB,balanced,linear_probe_cv_accuracy,0.8778,balanced,0.8778,0.0,0.0,z,,
architecture,HHB,late_heavy,linear_probe_cv_accuracy,0.7539,balanced,0.8778,-0.12390000000000001,-0.1411483253586909,z,,
architecture,HHB,early_heavy,knn_cv_accuracy,0.9171999999999999,balanced,0.9183,-0.001100000000000101,-0.0011978656212554754,z,,
architecture,HHB,balanced,knn_cv_accuracy,0.9183,balanced,0.9183,0.0,0.0,z,,
architecture,HHB,late_heavy,knn_cv_accuracy,0.7843000000000001,balanced,0.9183,-0.1339999999999999,-0.14592181204383534,z,,
architecture,HHB,early_heavy,between_within_scatter_ratio,0.1099151231965992,balanced,0.1094812449793292,0.0004338782172699923,0.003963036932471387,z,,
architecture,HHB,balanced,between_within_scatter_ratio,0.1094812449793292,balanced,0.1094812449793292,0.0,0.0,z,,
architecture,HHB,late_heavy,between_within_scatter_ratio,0.08647037255400382,balanced,0.1094812449793292,-0.023010872425325388,-0.2101809531802439,z,,
architecture,HHB,early_heavy,silhouette_score,-0.01016492007194584,balanced,-0.026370457594369602,0.016205537522423763,0.6145338003262143,z,,
architecture,HHB,balanced,silhouette_score,-0.026370457594369602,balanced,-0.026370457594369602,0.0,0.0,z,,
architecture,HHB,late_heavy,silhouette_score,-0.02271042226550389,balanced,-0.026370457594369602,0.0036600353288657114,0.13879301546547218,z,,
architecture,HHH,early_heavy,effective_rank,1.3779399792919107,balanced,1.3607151779211093,0.0172248013708014,0.012658638376551857,h1,,
architecture,HHH,balanced,effective_rank,1.3607151779211093,balanced,1.3607151779211093,0.0,0.0,h1,,
architecture,HHH,late_heavy,effective_rank,1.4856594820161466,balanced,1.3607151779211093,0.12494430409503732,0.09182252547945742,h1,,
architecture,HHH,early_heavy,stable_rank,1.178067755276162,balanced,1.1726882926573663,0.005379462618795738,0.004587291143327643,h1,,
architecture,HHH,balanced,stable_rank,1.1726882926573663,balanced,1.1726882926573663,0.0,0.0,h1,,
architecture,HHH,late_heavy,stable_rank,1.2336205893137573,balanced,1.1726882926573663,0.060932296656390994,0.05195949941502665,h1,,
architecture,HHH,early_heavy,winner_coverage_ratio,0.88125,balanced,0.9,-0.018750000000000044,-0.020833333333310236,h1,,
architecture,HHH,balanced,winner_coverage_ratio,0.9,balanced,0.9,0.0,0.0,h1,,
architecture,HHH,late_heavy,winner_coverage_ratio,0.95,balanced,0.9,0.04999999999999993,0.055555555555493755,h1,,
architecture,HHH,early_heavy,winner_entropy,0.7342161103982943,balanced,0.6196834921396143,0.11453261825868,0.18482438165819504,h1,,
architecture,HHH,balanced,winner_entropy,0.6196834921396143,balanced,0.6196834921396143,0.0,0.0,h1,,
architecture,HHH,late_heavy,winner_entropy,0.6376473548507903,balanced,0.6196834921396143,0.017963862711176004,0.028988770782197585,h1,,
architecture,HHH,early_heavy,max_winner_share,0.10769889607917778,balanced,0.34213377109503873,-0.23443487501586097,-0.6852140736205018,h1,,
architecture,HHH,balanced,max_winner_share,0.34213377109503873,balanced,0.34213377109503873,0.0,0.0,h1,,
architecture,HHH,late_heavy,max_winner_share,0.6168575984944121,balanced,0.34213377109503873,0.2747238273993734,0.8029719677168525,h1,,
architecture,HHH,early_heavy,linear_probe_cv_accuracy,0.9,balanced,0.8919,0.008099999999999996,0.00908173562057508,h1,,
architecture,HHH,balanced,linear_probe_cv_accuracy,0.8919,balanced,0.8919,0.0,0.0,h1,,
architecture,HHH,late_heavy,linear_probe_cv_accuracy,0.8743000000000001,balanced,0.8919,-0.01759999999999995,-0.019733153941002595,h1,,
architecture,HHH,early_heavy,knn_cv_accuracy,0.8183,balanced,0.807,0.011299999999999977,0.014002478314728593,h1,,
architecture,HHH,balanced,knn_cv_accuracy,0.807,balanced,0.807,0.0,0.0,h1,,
architecture,HHH,late_heavy,knn_cv_accuracy,0.7677,balanced,0.807,-0.0393,-0.048698884758303966,h1,,
architecture,HHH,early_heavy,between_within_scatter_ratio,0.10917918870428105,balanced,0.1087670037049759,0.0004121849993051485,0.003789614361533636,h1,,
architecture,HHH,balanced,between_within_scatter_ratio,0.1087670037049759,balanced,0.1087670037049759,0.0,0.0,h1,,
architecture,HHH,late_heavy,between_within_scatter_ratio,0.1071840404958142,balanced,0.1087670037049759,-0.0015829632091616946,-0.01455370797416499,h1,,
architecture,HHH,early_heavy,silhouette_score,-0.03330478346968871,balanced,-0.032309748389203544,-0.0009950350804851654,-0.030796744947319505,h1,,
architecture,HHH,balanced,silhouette_score,-0.032309748389203544,balanced,-0.032309748389203544,0.0,0.0,h1,,
architecture,HHH,late_heavy,silhouette_score,-0.039055324927503535,balanced,-0.032309748389203544,-0.006745576538299991,-0.20877836796603713,h1,,
architecture,HHH,early_heavy,effective_rank,1.0141958288365602,balanced,1.0451430234971932,-0.030947194660633004,-0.02961048771779559,h2,,
architecture,HHH,balanced,effective_rank,1.0451430234971932,balanced,1.0451430234971932,0.0,0.0,h2,,
architecture,HHH,late_heavy,effective_rank,2.0416892075820003,balanced,1.0451430234971932,0.9965461840848071,0.9535022113521574,h2,,
architecture,HHH,early_heavy,stable_rank,1.0070782175859854,balanced,1.0223699472966077,-0.015291729710622315,-0.014957139292916788,h2,,
architecture,HHH,balanced,stable_rank,1.0223699472966077,balanced,1.0223699472966077,0.0,0.0,h2,,
architecture,HHH,late_heavy,stable_rank,1.4259465561502638,balanced,1.0223699472966077,0.4035766088536561,0.3947461581010035,h2,,
architecture,HHH,early_heavy,winner_coverage_ratio,0.10714285714285714,balanced,0.34375,-0.23660714285714285,-0.6883116883096859,h2,,
architecture,HHH,balanced,winner_coverage_ratio,0.34375,balanced,0.34375,0.0,0.0,h2,,
architecture,HHH,late_heavy,winner_coverage_ratio,0.9454545454545455,balanced,0.34375,0.6017045454545455,1.7504132231354042,h2,,
architecture,HHH,early_heavy,winner_entropy,0.32969533691986563,balanced,0.4228846285137669,-0.09318929159390127,-0.22036575772733993,h2,,
architecture,HHH,balanced,winner_entropy,0.4228846285137669,balanced,0.4228846285137669,0.0,0.0,h2,,
architecture,HHH,late_heavy,winner_entropy,0.7344084698932606,balanced,0.4228846285137669,0.3115238413794937,0.7366639039910514,h2,,
architecture,HHH,early_heavy,max_winner_share,0.3333333333333333,balanced,0.24969882335334942,0.0836345099799839,0.33494154620543626,h2,,
architecture,HHH,balanced,max_winner_share,0.24969882335334942,balanced,0.24969882335334942,0.0,0.0,h2,,
architecture,HHH,late_heavy,max_winner_share,0.18121936785264853,balanced,0.24969882335334942,-0.06847945550070089,-0.27424821062741334,h2,,
architecture,HHH,early_heavy,linear_probe_cv_accuracy,0.8985999999999998,balanced,0.9000999999999999,-0.0015000000000000568,-0.0016664815020535392,h2,,
architecture,HHH,balanced,linear_probe_cv_accuracy,0.9000999999999999,balanced,0.9000999999999999,0.0,0.0,h2,,
architecture,HHH,late_heavy,linear_probe_cv_accuracy,0.885,balanced,0.9000999999999999,-0.015099999999999891,-0.016775913787338205,h2,,
architecture,HHH,early_heavy,knn_cv_accuracy,0.8518000000000001,balanced,0.8524,-0.0005999999999999339,-0.0007038948850295988,h2,,
architecture,HHH,balanced,knn_cv_accuracy,0.8524,balanced,0.8524,0.0,0.0,h2,,
architecture,HHH,late_heavy,knn_cv_accuracy,0.8208,balanced,0.8524,-0.03160000000000007,-0.03707179727822971,h2,,
architecture,HHH,early_heavy,between_within_scatter_ratio,0.11006252684007407,balanced,0.11064869100343344,-0.0005861641633593678,-0.005297524607280547,h2,,
architecture,HHH,balanced,between_within_scatter_ratio,0.11064869100343344,balanced,0.11064869100343344,0.0,0.0,h2,,
architecture,HHH,late_heavy,between_within_scatter_ratio,0.10847987868939231,balanced,0.11064869100343344,-0.0021688123140411325,-0.01960088541810434,h2,,
architecture,HHH,early_heavy,silhouette_score,-0.04867645043445461,balanced,-0.040718942986231764,-0.007957507448222843,-0.19542519683573512,h2,,
architecture,HHH,balanced,silhouette_score,-0.040718942986231764,balanced,-0.040718942986231764,0.0,0.0,h2,,
architecture,HHH,late_heavy,silhouette_score,-0.04489101722830463,balanced,-0.040718942986231764,-0.0041720742420728665,-0.102460278582897,h2,,
architecture,HHH,early_heavy,effective_rank,1.0197862997035798,balanced,1.0156637284425485,0.004122571261031327,0.004058992307767997,z,,
architecture,HHH,balanced,effective_rank,1.0156637284425485,balanced,1.0156637284425485,0.0,0.0,z,,
architecture,HHH,late_heavy,effective_rank,1.0361015627795194,balanced,1.0156637284425485,0.020437834336970884,0.020122638787436854,z,,
architecture,HHH,early_heavy,stable_rank,1.0098520089602392,balanced,1.0078044760494689,0.002047532910770311,0.0020316767383237685,z,,
architecture,HHH,balanced,stable_rank,1.0078044760494689,balanced,1.0078044760494689,0.0,0.0,z,,
architecture,HHH,late_heavy,stable_rank,1.0178510605964397,balanced,1.0078044760494689,0.010046584546970827,0.00996878341555184,z,,
architecture,HHH,early_heavy,winner_coverage_ratio,0.109375,balanced,0.109375,0.0,0.0,z,,
architecture,HHH,balanced,winner_coverage_ratio,0.109375,balanced,0.109375,0.0,0.0,z,,
architecture,HHH,late_heavy,winner_coverage_ratio,0.109375,balanced,0.109375,0.0,0.0,z,,
architecture,HHH,early_heavy,winner_entropy,0.46789248700960073,balanced,0.46789248700960073,0.0,0.0,z,,
architecture,HHH,balanced,winner_entropy,0.46789248700960073,balanced,0.46789248700960073,0.0,0.0,z,,
architecture,HHH,late_heavy,winner_entropy,0.46789248700960073,balanced,0.46789248700960073,0.0,0.0,z,,
architecture,HHH,early_heavy,max_winner_share,0.14285714285714285,balanced,0.14285714285714285,0.0,0.0,z,,
architecture,HHH,balanced,max_winner_share,0.14285714285714285,balanced,0.14285714285714285,0.0,0.0,z,,
architecture,HHH,late_heavy,max_winner_share,0.14285714285714285,balanced,0.14285714285714285,0.0,0.0,z,,
architecture,HHH,early_heavy,linear_probe_cv_accuracy,0.8515,balanced,0.8459999999999999,0.005500000000000171,0.0065011820330894456,z,,
architecture,HHH,balanced,linear_probe_cv_accuracy,0.8459999999999999,balanced,0.8459999999999999,0.0,0.0,z,,
architecture,HHH,late_heavy,linear_probe_cv_accuracy,0.7667,balanced,0.8459999999999999,-0.07929999999999982,-0.09373522458617742,z,,
architecture,HHH,early_heavy,knn_cv_accuracy,0.8171999999999999,balanced,0.8242,-0.007000000000000117,-0.00849308420285322,z,,
architecture,HHH,balanced,knn_cv_accuracy,0.8242,balanced,0.8242,0.0,0.0,z,,
architecture,HHH,late_heavy,knn_cv_accuracy,0.7622,balanced,0.8242,-0.062000000000000055,-0.07522446008241304,z,,
architecture,HHH,early_heavy,between_within_scatter_ratio,0.10449814681285359,balanced,0.10483942096942958,-0.0003412741565759908,-0.003255208331151015,z,,
architecture,HHH,balanced,between_within_scatter_ratio,0.10483942096942958,balanced,0.10483942096942958,0.0,0.0,z,,
architecture,HHH,late_heavy,between_within_scatter_ratio,0.08878643154683569,balanced,0.10483942096942958,-0.016052989422593894,-0.15311978332197876,z,,
architecture,HHH,early_heavy,silhouette_score,-0.0460273820577363,balanced,-0.04264248287751565,-0.0033848991802206477,-0.07937856690624467,z,,
architecture,HHH,balanced,silhouette_score,-0.04264248287751565,balanced,-0.04264248287751565,0.0,0.0,z,,
architecture,HHH,late_heavy,silhouette_score,-0.05060613815638924,balanced,-0.04264248287751565,-0.007963655278873584,-0.18675402418666087,z,,
dimension,BBB,L16,effective_rank,2.284233689026454,L64,1.882369806551793,0.401863882474661,0.2134882747671135,h1,,
dimension,BBB,L32,effective_rank,2.0049377531556987,L64,1.882369806551793,0.12256794660390558,0.06511363823263068,h1,,
dimension,BBB,L64,effective_rank,1.882369806551793,L64,1.882369806551793,0.0,0.0,h1,,
dimension,BBB,L128,effective_rank,1.7919024856687877,L64,1.882369806551793,-0.09046732088300535,-0.048060333611427426,h1,,
dimension,BBB,L16,stable_rank,1.5663266882752356,L64,1.4005715885134244,0.16575509976181113,0.1183481809292064,h1,,
dimension,BBB,L32,stable_rank,1.4534068415535635,L64,1.4005715885134244,0.05283525304013903,0.03772406457008097,h1,,
dimension,BBB,L64,stable_rank,1.4005715885134244,L64,1.4005715885134244,0.0,0.0,h1,,
dimension,BBB,L128,stable_rank,1.3620831796503547,L64,1.4005715885134244,-0.0384884088630697,-0.02748050094597025,h1,,
dimension,BBB,L16,winner_coverage_ratio,1.0,L64,0.9875,0.012499999999999956,0.012658227848088403,h1,,
dimension,BBB,L32,winner_coverage_ratio,1.0,L64,0.9875,0.012499999999999956,0.012658227848088403,h1,,
dimension,BBB,L64,winner_coverage_ratio,0.9875,L64,0.9875,0.0,0.0,h1,,
dimension,BBB,L128,winner_coverage_ratio,0.9875,L64,0.9875,0.0,0.0,h1,,
dimension,BBB,L16,winner_entropy,0.8148533615331205,L64,0.7702586229804895,0.044594738552630964,0.057895799179781,h1,,
dimension,BBB,L32,winner_entropy,0.7845965578141091,L64,0.7702586229804895,0.014337934833619559,0.01861444248182616,h1,,
dimension,BBB,L64,winner_entropy,0.7702586229804895,L64,0.7702586229804895,0.0,0.0,h1,,
dimension,BBB,L128,winner_entropy,0.766438541157192,L64,0.7702586229804895,-0.0038200818232975164,-0.00495947946484634,h1,,
dimension,BBB,L16,max_winner_share,0.244635039969547,L64,0.2736962314427103,-0.029061191473163328,-0.10618045897040491,h1,,
dimension,BBB,L32,max_winner_share,0.2678411686334221,L64,0.2736962314427103,-0.005855062809288214,-0.021392559109796858,h1,,
dimension,BBB,L64,max_winner_share,0.2736962314427103,L64,0.2736962314427103,0.0,0.0,h1,,
dimension,BBB,L128,max_winner_share,0.272944423296536,L64,0.2736962314427103,-0.0007518081461743154,-0.0027468706536755362,h1,,
dimension,BBB,L16,linear_probe_cv_accuracy,0.9007,L64,0.9004,0.00029999999999996696,0.00033318525099914904,h1,,
dimension,BBB,L32,linear_probe_cv_accuracy,0.9,L64,0.9004,-0.00039999999999995595,-0.0004442470013321987,h1,,
dimension,BBB,L64,linear_probe_cv_accuracy,0.9004,L64,0.9004,0.0,0.0,h1,,
dimension,BBB,L128,linear_probe_cv_accuracy,0.9000999999999999,L64,0.9004,-0.000300000000000078,-0.0003331852509992723,h1,,
dimension,BBB,L16,knn_cv_accuracy,0.8364,L64,0.8427999999999999,-0.00639999999999985,-0.007593735168476812,h1,,
dimension,BBB,L32,knn_cv_accuracy,0.8439,L64,0.8427999999999999,0.001100000000000101,0.0013051732320821024,h1,,
dimension,BBB,L64,knn_cv_accuracy,0.8427999999999999,L64,0.8427999999999999,0.0,0.0,h1,,
dimension,BBB,L128,knn_cv_accuracy,0.8367000000000001,L64,0.8427999999999999,-0.006099999999999772,-0.007237778832454361,h1,,
dimension,BBB,L16,between_within_scatter_ratio,0.1120159639046006,L64,0.11004322856452134,0.0019727353400792597,0.01792691259421441,h1,,
dimension,BBB,L32,between_within_scatter_ratio,0.11105571071593259,L64,0.11004322856452134,0.0010124821514112536,0.009200767413039022,h1,,
dimension,BBB,L64,between_within_scatter_ratio,0.11004322856452134,L64,0.11004322856452134,0.0,0.0,h1,,
dimension,BBB,L128,between_within_scatter_ratio,0.10990228503563984,L64,0.11004322856452134,-0.00014094352888149864,-0.0012808014697385838,h1,,
dimension,BBB,L16,silhouette_score,-0.024995282638790833,L64,-0.028580419717087226,0.0035851370782963923,0.12544032290846746,h1,,
dimension,BBB,L32,silhouette_score,-0.0264420961614579,L64,-0.028580419717087226,0.002138323555629325,0.07481778002987405,h1,,
dimension,BBB,L64,silhouette_score,-0.028580419717087226,L64,-0.028580419717087226,0.0,0.0,h1,,
dimension,BBB,L128,silhouette_score,-0.02884153058037866,L64,-0.028580419717087226,-0.0002611108632914333,-0.009136005204506787,h1,,
dimension,BBB,L16,effective_rank,6.440885540883795,L64,4.30995940156323,2.1309261393205654,0.4944190747010703,h2,,
dimension,BBB,L32,effective_rank,6.060905745120602,L64,4.30995940156323,1.7509463435573718,0.4062558786335422,h2,,
dimension,BBB,L64,effective_rank,4.30995940156323,L64,4.30995940156323,0.0,0.0,h2,,
dimension,BBB,L128,effective_rank,3.945244656664406,L64,4.30995940156323,-0.3647147448988237,-0.08462138756259663,h2,,
dimension,BBB,L16,stable_rank,3.192318883084742,L64,2.253398276366468,0.9389206067182738,0.41666873386973396,h2,,
dimension,BBB,L32,stable_rank,3.015160255153974,L64,2.253398276366468,0.7617619787875056,0.3380503068527611,h2,,
dimension,BBB,L64,stable_rank,2.253398276366468,L64,2.253398276366468,0.0,0.0,h2,,
dimension,BBB,L128,stable_rank,2.1165054810017674,L64,2.253398276366468,-0.13689279536470078,-0.06074948969312927,h2,,
dimension,BBB,L16,winner_coverage_ratio,1.0,L64,1.0,0.0,0.0,h2,,
dimension,BBB,L32,winner_coverage_ratio,1.0,L64,1.0,0.0,0.0,h2,,
dimension,BBB,L64,winner_coverage_ratio,1.0,L64,1.0,0.0,0.0,h2,,
dimension,BBB,L128,winner_coverage_ratio,1.0,L64,1.0,0.0,0.0,h2,,
dimension,BBB,L16,winner_entropy,0.9342092826429033,L64,0.941798478730635,-0.0075891960877317866,-0.00805819531366468,h2,,
dimension,BBB,L32,winner_entropy,0.9455726523423325,L64,0.941798478730635,0.0037741736116974067,0.004007411029990478,h2,,
dimension,BBB,L64,winner_entropy,0.941798478730635,L64,0.941798478730635,0.0,0.0,h2,,
dimension,BBB,L128,winner_entropy,0.9491215635594055,L64,0.941798478730635,0.007323084828770421,0.007775638837973883,h2,,
dimension,BBB,L16,max_winner_share,0.10180595300503345,L64,0.08038516938848046,0.021420783616552988,0.2664768113228135,h2,,
dimension,BBB,L32,max_winner_share,0.0774622593860486,L64,0.08038516938848046,-0.002922910002431861,-0.036361309239392674,h2,,
dimension,BBB,L64,max_winner_share,0.08038516938848046,L64,0.08038516938848046,0.0,0.0,h2,,
dimension,BBB,L128,max_winner_share,0.0689731934077857,L64,0.08038516938848046,-0.011411975980694766,-0.14196618688954563,h2,,
dimension,BBB,L16,linear_probe_cv_accuracy,0.9345000000000001,L64,0.9190000000000002,0.015499999999999958,0.016866158868316748,h2,,
dimension,BBB,L32,linear_probe_cv_accuracy,0.9317,L64,0.9190000000000002,0.012699999999999823,0.013819368879201308,h2,,
dimension,BBB,L64,linear_probe_cv_accuracy,0.9190000000000002,L64,0.9190000000000002,0.0,0.0,h2,,
dimension,BBB,L128,linear_probe_cv_accuracy,0.9099,L64,0.9190000000000002,-0.009100000000000108,-0.009902067464624815,h2,,
dimension,BBB,L16,knn_cv_accuracy,0.8828999999999999,L64,0.8748000000000001,0.008099999999999774,0.009259259259248415,h2,,
dimension,BBB,L32,knn_cv_accuracy,0.8839,L64,0.8748000000000001,0.009099999999999886,0.01040237768631628,h2,,
dimension,BBB,L64,knn_cv_accuracy,0.8748000000000001,L64,0.8748000000000001,0.0,0.0,h2,,
dimension,BBB,L128,knn_cv_accuracy,0.865,L64,0.8748000000000001,-0.009800000000000142,-0.01120256058526399,h2,,
dimension,BBB,L16,between_within_scatter_ratio,0.1387017011876944,L64,0.12101574330868219,0.017685957879012212,0.1461459261027999,h2,,
dimension,BBB,L32,between_within_scatter_ratio,0.1340069455308968,L64,0.12101574330868219,0.012991202222214601,0.10735134013902474,h2,,
dimension,BBB,L64,between_within_scatter_ratio,0.12101574330868219,L64,0.12101574330868219,0.0,0.0,h2,,
dimension,BBB,L128,between_within_scatter_ratio,0.11581337289167468,L64,0.12101574330868219,-0.00520237041700751,-0.04298920350961708,h2,,
dimension,BBB,L16,silhouette_score,0.009559713015901937,L64,-0.016027557329648136,0.025587270345550073,1.5964547695999634,h2,,
dimension,BBB,L32,silhouette_score,-0.00014624778757093074,L64,-0.016027557329648136,0.015881309542077206,0.9908752291098487,h2,,
dimension,BBB,L64,silhouette_score,-0.016027557329648136,L64,-0.016027557329648136,0.0,0.0,h2,,
dimension,BBB,L128,silhouette_score,-0.022325497081734036,L64,-0.016027557329648136,-0.006297939752085899,-0.3929444532413486,h2,,
dimension,BBB,L16,effective_rank,7.078434934731213,L64,20.268654129908928,-13.190219195177715,-0.650769365870882,z,,
dimension,BBB,L32,effective_rank,11.63983681054988,L64,20.268654129908928,-8.628817319359047,-0.42572226375039507,z,,
dimension,BBB,L64,effective_rank,20.268654129908928,L64,20.268654129908928,0.0,0.0,z,,
dimension,BBB,L128,effective_rank,28.36242563335612,L64,20.268654129908928,8.093771503447194,0.3993245654877215,z,,
dimension,BBB,L16,stable_rank,3.755379281152846,L64,7.11449822093279,-3.3591189397799437,-0.4721512094691414,z,,
dimension,BBB,L32,stable_rank,5.136400547342135,L64,7.11449822093279,-1.9780976735906544,-0.2780375526372717,z,,
dimension,BBB,L64,stable_rank,7.11449822093279,L64,7.11449822093279,0.0,0.0,z,,
dimension,BBB,L128,stable_rank,8.706292201127216,L64,7.11449822093279,1.591793980194426,0.22373945860450303,z,,
dimension,BBB,L16,winner_coverage_ratio,0.7,L64,0.85,-0.15000000000000002,-0.17647058823508655,z,,
dimension,BBB,L32,winner_coverage_ratio,0.7125,L64,0.85,-0.13749999999999996,-0.16176470588216257,z,,
dimension,BBB,L64,winner_coverage_ratio,0.85,L64,0.85,0.0,0.0,z,,
dimension,BBB,L128,winner_coverage_ratio,0.8328125,L64,0.85,-0.017187500000000022,-0.020220588235270356,z,,
dimension,BBB,L16,winner_entropy,0.750827516404893,L64,0.8938356231243503,-0.1430081067194573,-0.15999374271907044,z,,
dimension,BBB,L32,winner_entropy,0.834087535697639,L64,0.8938356231243503,-0.05974808742671123,-0.06684460305777301,z,,
dimension,BBB,L64,winner_entropy,0.8938356231243503,L64,0.8938356231243503,0.0,0.0,z,,
dimension,BBB,L128,winner_entropy,0.8975761510054301,L64,0.8938356231243503,0.0037405278810798137,0.004184805107678336,z,,
dimension,BBB,L16,max_winner_share,0.2350997740396686,L64,0.06735714285714287,0.16774263118252575,2.4903465922804826,z,,
dimension,BBB,L32,max_winner_share,0.10095000000000001,L64,0.06735714285714287,0.033592857142857147,0.49872746552812064,z,,
dimension,BBB,L64,max_winner_share,0.06735714285714287,L64,0.06735714285714287,0.0,0.0,z,,
dimension,BBB,L128,max_winner_share,0.03659230769230769,L64,0.06735714285714287,-0.030764835164835178,-0.45674198547327466,z,,
dimension,BBB,L16,linear_probe_cv_accuracy,0.843,L64,0.8605,-0.01750000000000007,-0.020337013364299515,z,,
dimension,BBB,L32,linear_probe_cv_accuracy,0.8964000000000001,L64,0.8605,0.03590000000000004,0.0417199302730486,z,,
dimension,BBB,L64,linear_probe_cv_accuracy,0.8605,L64,0.8605,0.0,0.0,z,,
dimension,BBB,L128,linear_probe_cv_accuracy,0.8592000000000001,L64,0.8605,-0.0012999999999999678,-0.0015107495642050633,z,,
dimension,BBB,L16,knn_cv_accuracy,0.8882,L64,0.9241999999999999,-0.03599999999999992,-0.03895260766063728,z,,
dimension,BBB,L32,knn_cv_accuracy,0.9381,L64,0.9241999999999999,0.013900000000000134,0.015040034624524017,z,,
dimension,BBB,L64,knn_cv_accuracy,0.9241999999999999,L64,0.9241999999999999,0.0,0.0,z,,
dimension,BBB,L128,knn_cv_accuracy,0.9107999999999998,L64,0.9241999999999999,-0.013400000000000079,-0.014499026184792882,z,,
dimension,BBB,L16,between_within_scatter_ratio,0.4610770400130453,L64,0.1097315847650618,0.3513454552479835,3.201862581288892,z,,
dimension,BBB,L32,between_within_scatter_ratio,0.1649952612053824,L64,0.1097315847650618,0.05526367644032061,0.5036259756763557,z,,
dimension,BBB,L64,between_within_scatter_ratio,0.1097315847650618,L64,0.1097315847650618,0.0,0.0,z,,
dimension,BBB,L128,between_within_scatter_ratio,0.11003959267758319,L64,0.1097315847650618,0.0003080079125213908,0.0028069212084928592,z,,
dimension,BBB,L16,silhouette_score,0.08879098429823948,L64,-0.02641349345245143,0.11520447775069091,4.361576705244086,z,,
dimension,BBB,L32,silhouette_score,0.05528377234714642,L64,-0.02641349345245143,0.08169726579959785,3.0930125143640375,z,,
dimension,BBB,L64,silhouette_score,-0.02641349345245143,L64,-0.02641349345245143,0.0,0.0,z,,
dimension,BBB,L128,silhouette_score,-0.026499329300135255,L64,-0.02641349345245143,-8.58358476838253e-05,-0.0032496968958344733,z,,
dimension,HBB,L16,effective_rank,1.3607151779211093,L64,1.3607151779211093,0.0,0.0,h1,,
dimension,HBB,L32,effective_rank,1.3607151779211093,L64,1.3607151779211093,0.0,0.0,h1,,
dimension,HBB,L64,effective_rank,1.3607151779211093,L64,1.3607151779211093,0.0,0.0,h1,,
dimension,HBB,L128,effective_rank,1.3607151779211093,L64,1.3607151779211093,0.0,0.0,h1,,
dimension,HBB,L16,stable_rank,1.1726882926573663,L64,1.1726882926573663,0.0,0.0,h1,,
dimension,HBB,L32,stable_rank,1.1726882926573663,L64,1.1726882926573663,0.0,0.0,h1,,
dimension,HBB,L64,stable_rank,1.1726882926573663,L64,1.1726882926573663,0.0,0.0,h1,,
dimension,HBB,L128,stable_rank,1.1726882926573663,L64,1.1726882926573663,0.0,0.0,h1,,
dimension,HBB,L16,winner_coverage_ratio,0.9,L64,0.9,0.0,0.0,h1,,
dimension,HBB,L32,winner_coverage_ratio,0.9,L64,0.9,0.0,0.0,h1,,
dimension,HBB,L64,winner_coverage_ratio,0.9,L64,0.9,0.0,0.0,h1,,
dimension,HBB,L128,winner_coverage_ratio,0.9,L64,0.9,0.0,0.0,h1,,
dimension,HBB,L16,winner_entropy,0.6196834921396143,L64,0.6196834921396143,0.0,0.0,h1,,
dimension,HBB,L32,winner_entropy,0.6196834921396143,L64,0.6196834921396143,0.0,0.0,h1,,
dimension,HBB,L64,winner_entropy,0.6196834921396143,L64,0.6196834921396143,0.0,0.0,h1,,
dimension,HBB,L128,winner_entropy,0.6196834921396143,L64,0.6196834921396143,0.0,0.0,h1,,
dimension,HBB,L16,max_winner_share,0.34213377109503873,L64,0.34213377109503873,0.0,0.0,h1,,
dimension,HBB,L32,max_winner_share,0.34213377109503873,L64,0.34213377109503873,0.0,0.0,h1,,
dimension,HBB,L64,max_winner_share,0.34213377109503873,L64,0.34213377109503873,0.0,0.0,h1,,
dimension,HBB,L128,max_winner_share,0.34213377109503873,L64,0.34213377109503873,0.0,0.0,h1,,
dimension,HBB,L16,linear_probe_cv_accuracy,0.8919,L64,0.8919,0.0,0.0,h1,,
dimension,HBB,L32,linear_probe_cv_accuracy,0.8919,L64,0.8919,0.0,0.0,h1,,
dimension,HBB,L64,linear_probe_cv_accuracy,0.8919,L64,0.8919,0.0,0.0,h1,,
dimension,HBB,L128,linear_probe_cv_accuracy,0.8919,L64,0.8919,0.0,0.0,h1,,
dimension,HBB,L16,knn_cv_accuracy,0.807,L64,0.807,0.0,0.0,h1,,
dimension,HBB,L32,knn_cv_accuracy,0.807,L64,0.807,0.0,0.0,h1,,
dimension,HBB,L64,knn_cv_accuracy,0.807,L64,0.807,0.0,0.0,h1,,
dimension,HBB,L128,knn_cv_accuracy,0.807,L64,0.807,0.0,0.0,h1,,
dimension,HBB,L16,between_within_scatter_ratio,0.1087670037049759,L64,0.1087670037049759,0.0,0.0,h1,,
dimension,HBB,L32,between_within_scatter_ratio,0.1087670037049759,L64,0.1087670037049759,0.0,0.0,h1,,
dimension,HBB,L64,between_within_scatter_ratio,0.1087670037049759,L64,0.1087670037049759,0.0,0.0,h1,,
dimension,HBB,L128,between_within_scatter_ratio,0.1087670037049759,L64,0.1087670037049759,0.0,0.0,h1,,
dimension,HBB,L16,silhouette_score,-0.032309748389203544,L64,-0.032309748389203544,0.0,0.0,h1,,
dimension,HBB,L32,silhouette_score,-0.032309748389203544,L64,-0.032309748389203544,0.0,0.0,h1,,
dimension,HBB,L64,silhouette_score,-0.032309748389203544,L64,-0.032309748389203544,0.0,0.0,h1,,
dimension,HBB,L128,silhouette_score,-0.032309748389203544,L64,-0.032309748389203544,0.0,0.0,h1,,
dimension,HBB,L16,effective_rank,6.312779896957877,L64,4.170892713952386,2.1418871830054904,0.513532073323291,h2,,
dimension,HBB,L32,effective_rank,5.894691566849727,L64,4.170892713952386,1.7237988528973407,0.4132925421770045,h2,,
dimension,HBB,L64,effective_rank,4.170892713952386,L64,4.170892713952386,0.0,0.0,h2,,
dimension,HBB,L128,effective_rank,4.002512143864978,L64,4.170892713952386,-0.16838057008740837,-0.040370391097355414,h2,,
dimension,HBB,L16,stable_rank,3.2127909985510272,L64,2.2165277120756777,0.9962632864753496,0.44947025974331023,h2,,
dimension,HBB,L32,stable_rank,2.920633491305149,L64,2.2165277120756777,0.7041057792294714,0.31766161794105907,h2,,
dimension,HBB,L64,stable_rank,2.2165277120756777,L64,2.2165277120756777,0.0,0.0,h2,,
dimension,HBB,L128,stable_rank,2.1436269909145125,L64,2.2165277120756777,-0.0729007211611652,-0.032889605108011075,h2,,
dimension,HBB,L16,winner_coverage_ratio,1.0,L64,1.0,0.0,0.0,h2,,
dimension,HBB,L32,winner_coverage_ratio,1.0,L64,1.0,0.0,0.0,h2,,
dimension,HBB,L64,winner_coverage_ratio,1.0,L64,1.0,0.0,0.0,h2,,
dimension,HBB,L128,winner_coverage_ratio,1.0,L64,1.0,0.0,0.0,h2,,
dimension,HBB,L16,winner_entropy,0.9318869215069382,L64,0.9434841335084247,-0.011597212001486557,-0.012291899343711336,h2,,
dimension,HBB,L32,winner_entropy,0.9446586122111995,L64,0.9434841335084247,0.0011744787027747616,0.0012448314296565003,h2,,
dimension,HBB,L64,winner_entropy,0.9434841335084247,L64,0.9434841335084247,0.0,0.0,h2,,
dimension,HBB,L128,winner_entropy,0.9531044116639423,L64,0.9434841335084247,0.009620278155517581,0.010196544715313414,h2,,
dimension,HBB,L16,max_winner_share,0.10022984581791675,L64,0.08360177338795668,0.01662807242996006,0.19889616877620606,h2,,
dimension,HBB,L32,max_winner_share,0.07072506874684326,L64,0.08360177338795668,-0.012876704641113429,-0.1540243001928278,h2,,
dimension,HBB,L64,max_winner_share,0.08360177338795668,L64,0.08360177338795668,0.0,0.0,h2,,
dimension,HBB,L128,max_winner_share,0.07404736517200741,L64,0.08360177338795668,-0.009554408215949273,-0.11428475531849609,h2,,
dimension,HBB,L16,linear_probe_cv_accuracy,0.9303000000000001,L64,0.9138,0.01650000000000018,0.018056467498338943,h2,,
dimension,HBB,L32,linear_probe_cv_accuracy,0.9269999999999999,L64,0.9138,0.01319999999999999,0.014445173998670985,h2,,
dimension,HBB,L64,linear_probe_cv_accuracy,0.9138,L64,0.9138,0.0,0.0,h2,,
dimension,HBB,L128,linear_probe_cv_accuracy,0.9055,L64,0.9138,-0.008299999999999974,-0.009082950317346128,h2,,
dimension,HBB,L16,knn_cv_accuracy,0.8812,L64,0.8763,0.0049000000000000155,0.005591692342798612,h2,,
dimension,HBB,L32,knn_cv_accuracy,0.8834,L64,0.8763,0.007099999999999995,0.008102248088544897,h2,,
dimension,HBB,L64,knn_cv_accuracy,0.8763,L64,0.8763,0.0,0.0,h2,,
dimension,HBB,L128,knn_cv_accuracy,0.867,L64,0.8763,-0.009299999999999975,-0.010612803834291182,h2,,
dimension,HBB,L16,between_within_scatter_ratio,0.13628323025591954,L64,0.11942287554109395,0.016860354714825596,0.1411819522708,h2,,
dimension,HBB,L32,between_within_scatter_ratio,0.13035238382317613,L64,0.11942287554109395,0.010929508282082182,0.09151938631916269,h2,,
dimension,HBB,L64,between_within_scatter_ratio,0.11942287554109395,L64,0.11942287554109395,0.0,0.0,h2,,
dimension,HBB,L128,between_within_scatter_ratio,0.11443797578162992,L64,0.11942287554109395,-0.00498489975946402,-0.04174158206152851,h2,,
dimension,HBB,L16,silhouette_score,0.005919624358740033,L64,-0.018165186745625457,0.02408481110436549,1.3258774291896405,h2,,
dimension,HBB,L32,silhouette_score,-0.0038098513969676575,L64,-0.018165186745625457,0.014355335348657799,0.7902663236492511,h2,,
dimension,HBB,L64,silhouette_score,-0.018165186745625457,L64,-0.018165186745625457,0.0,0.0,h2,,
dimension,HBB,L128,silhouette_score,-0.025074325419273336,L64,-0.018165186745625457,-0.006909138673647879,-0.3803505446995412,h2,,
dimension,HBB,L16,effective_rank,7.208321514842919,L64,19.449515534707405,-12.241194019864487,-0.6293829786155655,z,,
dimension,HBB,L32,effective_rank,10.786857009777165,L64,19.449515534707405,-8.66265852493024,-0.4453919949559358,z,,
dimension,HBB,L64,effective_rank,19.449515534707405,L64,19.449515534707405,0.0,0.0,z,,
dimension,HBB,L128,effective_rank,26.238961847326415,L64,19.449515534707405,6.78944631261901,0.34908048483279613,z,,
dimension,HBB,L16,stable_rank,3.8411493199393947,L64,6.834292415616733,-2.993143095677338,-0.43795947168391625,z,,
dimension,HBB,L32,stable_rank,4.816200918566198,L64,6.834292415616733,-2.018091497050535,-0.2952890181343119,z,,
dimension,HBB,L64,stable_rank,6.834292415616733,L64,6.834292415616733,0.0,0.0,z,,
dimension,HBB,L128,stable_rank,8.113554000231499,L64,6.834292415616733,1.2792615846147664,0.1871827406289196,z,,
dimension,HBB,L16,winner_coverage_ratio,0.7,L64,0.859375,-0.15937500000000004,-0.1854545454543297,z,,
dimension,HBB,L32,winner_coverage_ratio,0.675,L64,0.859375,-0.18437499999999996,-0.21454545454520485,z,,
dimension,HBB,L64,winner_coverage_ratio,0.859375,L64,0.859375,0.0,0.0,z,,
dimension,HBB,L128,winner_coverage_ratio,0.81875,L64,0.859375,-0.04062500000000002,-0.047272727272672295,z,,
dimension,HBB,L16,winner_entropy,0.7470676326292874,L64,0.8872519699420677,-0.14018433731278024,-0.15799833876026836,z,,
dimension,HBB,L32,winner_entropy,0.8018140907877843,L64,0.8872519699420677,-0.08543787915428336,-0.096294944444886,z,,
dimension,HBB,L64,winner_entropy,0.8872519699420677,L64,0.8872519699420677,0.0,0.0,z,,
dimension,HBB,L128,winner_entropy,0.8926646630423857,L64,0.8872519699420677,0.005412693100318,0.0061005140407468655,z,,
dimension,HBB,L16,max_winner_share,0.22655962621607784,L64,0.07105714285714286,0.15550248335893496,2.1884145225115113,z,,
dimension,HBB,L32,max_winner_share,0.12082499999999999,L64,0.07105714285714286,0.04976785714285713,0.7003920385908667,z,,
dimension,HBB,L64,max_winner_share,0.07105714285714286,L64,0.07105714285714286,0.0,0.0,z,,
dimension,HBB,L128,max_winner_share,0.03906153846153847,L64,0.07105714285714286,-0.03199560439560439,-0.45027991710108317,z,,
dimension,HBB,L16,linear_probe_cv_accuracy,0.8301000000000001,L64,0.8633999999999998,-0.033299999999999774,-0.03856845031267224,z,,
dimension,HBB,L32,linear_probe_cv_accuracy,0.8903000000000001,L64,0.8633999999999998,0.026900000000000257,0.031155895297624633,z,,
dimension,HBB,L64,linear_probe_cv_accuracy,0.8633999999999998,L64,0.8633999999999998,0.0,0.0,z,,
dimension,HBB,L128,linear_probe_cv_accuracy,0.8571,L64,0.8633999999999998,-0.006299999999999861,-0.007296733842937881,z,,
dimension,HBB,L16,knn_cv_accuracy,0.873,L64,0.9232999999999999,-0.0502999999999999,-0.05447850102885891,z,,
dimension,HBB,L32,knn_cv_accuracy,0.9347999999999999,L64,0.9232999999999999,0.011499999999999955,0.012455323296856386,z,,
dimension,HBB,L64,knn_cv_accuracy,0.9232999999999999,L64,0.9232999999999999,0.0,0.0,z,,
dimension,HBB,L128,knn_cv_accuracy,0.9108,L64,0.9232999999999999,-0.012499999999999845,-0.01353839488788726,z,,
dimension,HBB,L16,between_within_scatter_ratio,0.5104608483331272,L64,0.1091692078256417,0.4012916405074855,3.675868392713152,z,,
dimension,HBB,L32,between_within_scatter_ratio,0.15836682019073875,L64,0.1091692078256417,0.04919761236509705,0.4506546611863464,z,,
dimension,HBB,L64,between_within_scatter_ratio,0.1091692078256417,L64,0.1091692078256417,0.0,0.0,z,,
dimension,HBB,L128,between_within_scatter_ratio,0.10955182234533445,L64,0.1091692078256417,0.0003826145196927505,0.0035047842455753087,z,,
dimension,HBB,L16,silhouette_score,0.08478281065376006,L64,-0.02840319284014838,0.11318600349390844,3.984974651509361,z,,
dimension,HBB,L32,silhouette_score,0.057276544773557835,L64,-0.02840319284014838,0.08567973761370622,3.0165530365860826,z,,
dimension,HBB,L64,silhouette_score,-0.02840319284014838,L64,-0.02840319284014838,0.0,0.0,z,,
dimension,HBB,L128,silhouette_score,-0.030418571304206533,L64,-0.02840319284014838,-0.0020153784640581547,-0.0709560532623793,z,,
dimension,HHB,L16,effective_rank,1.3607151779211093,L64,1.3607151779211093,0.0,0.0,h1,,
dimension,HHB,L32,effective_rank,1.3607151779211093,L64,1.3607151779211093,0.0,0.0,h1,,
dimension,HHB,L64,effective_rank,1.3607151779211093,L64,1.3607151779211093,0.0,0.0,h1,,
dimension,HHB,L128,effective_rank,1.3607151779211093,L64,1.3607151779211093,0.0,0.0,h1,,
dimension,HHB,L16,stable_rank,1.1726882926573663,L64,1.1726882926573663,0.0,0.0,h1,,
dimension,HHB,L32,stable_rank,1.1726882926573663,L64,1.1726882926573663,0.0,0.0,h1,,
dimension,HHB,L64,stable_rank,1.1726882926573663,L64,1.1726882926573663,0.0,0.0,h1,,
dimension,HHB,L128,stable_rank,1.1726882926573663,L64,1.1726882926573663,0.0,0.0,h1,,
dimension,HHB,L16,winner_coverage_ratio,0.9,L64,0.9,0.0,0.0,h1,,
dimension,HHB,L32,winner_coverage_ratio,0.9,L64,0.9,0.0,0.0,h1,,
dimension,HHB,L64,winner_coverage_ratio,0.9,L64,0.9,0.0,0.0,h1,,
dimension,HHB,L128,winner_coverage_ratio,0.9,L64,0.9,0.0,0.0,h1,,
dimension,HHB,L16,winner_entropy,0.6196834921396143,L64,0.6196834921396143,0.0,0.0,h1,,
dimension,HHB,L32,winner_entropy,0.6196834921396143,L64,0.6196834921396143,0.0,0.0,h1,,
dimension,HHB,L64,winner_entropy,0.6196834921396143,L64,0.6196834921396143,0.0,0.0,h1,,
dimension,HHB,L128,winner_entropy,0.6196834921396143,L64,0.6196834921396143,0.0,0.0,h1,,
dimension,HHB,L16,max_winner_share,0.34213377109503873,L64,0.34213377109503873,0.0,0.0,h1,,
dimension,HHB,L32,max_winner_share,0.34213377109503873,L64,0.34213377109503873,0.0,0.0,h1,,
dimension,HHB,L64,max_winner_share,0.34213377109503873,L64,0.34213377109503873,0.0,0.0,h1,,
dimension,HHB,L128,max_winner_share,0.34213377109503873,L64,0.34213377109503873,0.0,0.0,h1,,
dimension,HHB,L16,linear_probe_cv_accuracy,0.8919,L64,0.8919,0.0,0.0,h1,,
dimension,HHB,L32,linear_probe_cv_accuracy,0.8919,L64,0.8919,0.0,0.0,h1,,
dimension,HHB,L64,linear_probe_cv_accuracy,0.8919,L64,0.8919,0.0,0.0,h1,,
dimension,HHB,L128,linear_probe_cv_accuracy,0.8919,L64,0.8919,0.0,0.0,h1,,
dimension,HHB,L16,knn_cv_accuracy,0.807,L64,0.807,0.0,0.0,h1,,
dimension,HHB,L32,knn_cv_accuracy,0.807,L64,0.807,0.0,0.0,h1,,
dimension,HHB,L64,knn_cv_accuracy,0.807,L64,0.807,0.0,0.0,h1,,
dimension,HHB,L128,knn_cv_accuracy,0.807,L64,0.807,0.0,0.0,h1,,
dimension,HHB,L16,between_within_scatter_ratio,0.1087670037049759,L64,0.1087670037049759,0.0,0.0,h1,,
dimension,HHB,L32,between_within_scatter_ratio,0.1087670037049759,L64,0.1087670037049759,0.0,0.0,h1,,
dimension,HHB,L64,between_within_scatter_ratio,0.1087670037049759,L64,0.1087670037049759,0.0,0.0,h1,,
dimension,HHB,L128,between_within_scatter_ratio,0.1087670037049759,L64,0.1087670037049759,0.0,0.0,h1,,
dimension,HHB,L16,silhouette_score,-0.032309748389203544,L64,-0.032309748389203544,0.0,0.0,h1,,
dimension,HHB,L32,silhouette_score,-0.032309748389203544,L64,-0.032309748389203544,0.0,0.0,h1,,
dimension,HHB,L64,silhouette_score,-0.032309748389203544,L64,-0.032309748389203544,0.0,0.0,h1,,
dimension,HHB,L128,silhouette_score,-0.032309748389203544,L64,-0.032309748389203544,0.0,0.0,h1,,
dimension,HHB,L16,effective_rank,1.0451430234971932,L64,1.0451430234971932,0.0,0.0,h2,,
dimension,HHB,L32,effective_rank,1.0451430234971932,L64,1.0451430234971932,0.0,0.0,h2,,
dimension,HHB,L64,effective_rank,1.0451430234971932,L64,1.0451430234971932,0.0,0.0,h2,,
dimension,HHB,L128,effective_rank,1.0451430234971932,L64,1.0451430234971932,0.0,0.0,h2,,
dimension,HHB,L16,stable_rank,1.0223699472966077,L64,1.0223699472966077,0.0,0.0,h2,,
dimension,HHB,L32,stable_rank,1.0223699472966077,L64,1.0223699472966077,0.0,0.0,h2,,
dimension,HHB,L64,stable_rank,1.0223699472966077,L64,1.0223699472966077,0.0,0.0,h2,,
dimension,HHB,L128,stable_rank,1.0223699472966077,L64,1.0223699472966077,0.0,0.0,h2,,
dimension,HHB,L16,winner_coverage_ratio,0.34375,L64,0.34375,0.0,0.0,h2,,
dimension,HHB,L32,winner_coverage_ratio,0.34375,L64,0.34375,0.0,0.0,h2,,
dimension,HHB,L64,winner_coverage_ratio,0.34375,L64,0.34375,0.0,0.0,h2,,
dimension,HHB,L128,winner_coverage_ratio,0.34375,L64,0.34375,0.0,0.0,h2,,
dimension,HHB,L16,winner_entropy,0.4228846285137669,L64,0.4228846285137669,0.0,0.0,h2,,
dimension,HHB,L32,winner_entropy,0.4228846285137669,L64,0.4228846285137669,0.0,0.0,h2,,
dimension,HHB,L64,winner_entropy,0.4228846285137669,L64,0.4228846285137669,0.0,0.0,h2,,
dimension,HHB,L128,winner_entropy,0.4228846285137669,L64,0.4228846285137669,0.0,0.0,h2,,
dimension,HHB,L16,max_winner_share,0.24969882335334942,L64,0.24969882335334942,0.0,0.0,h2,,
dimension,HHB,L32,max_winner_share,0.24969882335334942,L64,0.24969882335334942,0.0,0.0,h2,,
dimension,HHB,L64,max_winner_share,0.24969882335334942,L64,0.24969882335334942,0.0,0.0,h2,,
dimension,HHB,L128,max_winner_share,0.24969882335334942,L64,0.24969882335334942,0.0,0.0,h2,,
dimension,HHB,L16,linear_probe_cv_accuracy,0.9000999999999999,L64,0.9000999999999999,0.0,0.0,h2,,
dimension,HHB,L32,linear_probe_cv_accuracy,0.9000999999999999,L64,0.9000999999999999,0.0,0.0,h2,,
dimension,HHB,L64,linear_probe_cv_accuracy,0.9000999999999999,L64,0.9000999999999999,0.0,0.0,h2,,
dimension,HHB,L128,linear_probe_cv_accuracy,0.9000999999999999,L64,0.9000999999999999,0.0,0.0,h2,,
dimension,HHB,L16,knn_cv_accuracy,0.8524,L64,0.8524,0.0,0.0,h2,,
dimension,HHB,L32,knn_cv_accuracy,0.8524,L64,0.8524,0.0,0.0,h2,,
dimension,HHB,L64,knn_cv_accuracy,0.8524,L64,0.8524,0.0,0.0,h2,,
dimension,HHB,L128,knn_cv_accuracy,0.8524,L64,0.8524,0.0,0.0,h2,,
dimension,HHB,L16,between_within_scatter_ratio,0.11064869100343344,L64,0.11064869100343344,0.0,0.0,h2,,
dimension,HHB,L32,between_within_scatter_ratio,0.11064869100343344,L64,0.11064869100343344,0.0,0.0,h2,,
dimension,HHB,L64,between_within_scatter_ratio,0.11064869100343344,L64,0.11064869100343344,0.0,0.0,h2,,
dimension,HHB,L128,between_within_scatter_ratio,0.11064869100343344,L64,0.11064869100343344,0.0,0.0,h2,,
dimension,HHB,L16,silhouette_score,-0.040718942986231764,L64,-0.040718942986231764,0.0,0.0,h2,,
dimension,HHB,L32,silhouette_score,-0.040718942986231764,L64,-0.040718942986231764,0.0,0.0,h2,,
dimension,HHB,L64,silhouette_score,-0.040718942986231764,L64,-0.040718942986231764,0.0,0.0,h2,,
dimension,HHB,L128,silhouette_score,-0.040718942986231764,L64,-0.040718942986231764,0.0,0.0,h2,,
dimension,HHB,L16,effective_rank,5.524315042566636,L64,11.541122599872722,-6.016807557306086,-0.5213364215862258,z,,
dimension,HHB,L32,effective_rank,7.359924446507418,L64,11.541122599872722,-4.181198153365304,-0.362286954079411,z,,
dimension,HHB,L64,effective_rank,11.541122599872722,L64,11.541122599872722,0.0,0.0,z,,
dimension,HHB,L128,effective_rank,15.614826625831938,L64,11.541122599872722,4.073704025959216,0.3529729444173645,z,,
dimension,HHB,L16,stable_rank,2.750758026159635,L64,4.198815970361601,-1.4480579442019654,-0.34487292475381204,z,,
dimension,HHB,L32,stable_rank,3.293734371385361,L64,4.198815970361601,-0.9050815989762397,-0.21555638669681415,z,,
dimension,HHB,L64,stable_rank,4.198815970361601,L64,4.198815970361601,0.0,0.0,z,,
dimension,HHB,L128,stable_rank,5.145133005785834,L64,4.198815970361601,0.9463170354242338,0.22537711633561114,z,,
dimension,HHB,L16,winner_coverage_ratio,0.6,L64,0.76875,-0.16875000000000007,-0.21951219512166575,z,,
dimension,HHB,L32,winner_coverage_ratio,0.64375,L64,0.76875,-0.125,-0.16260162601604863,z,,
dimension,HHB,L64,winner_coverage_ratio,0.76875,L64,0.76875,0.0,0.0,z,,
dimension,HHB,L128,winner_coverage_ratio,0.7265625,L64,0.76875,-0.042187500000000044,-0.05487804878041647,z,,
dimension,HHB,L16,winner_entropy,0.675171822469856,L64,0.8521405378856649,-0.17696871541580894,-0.20767550368475238,z,,
dimension,HHB,L32,winner_entropy,0.7933970348806367,L64,0.8521405378856649,-0.058743503005028175,-0.06893640238113058,z,,
dimension,HHB,L64,winner_entropy,0.8521405378856649,L64,0.8521405378856649,0.0,0.0,z,,
dimension,HHB,L128,winner_entropy,0.8442692073718374,L64,0.8521405378856649,-0.00787133051382749,-0.009237127168422987,z,,
dimension,HHB,L16,max_winner_share,0.12645,L64,0.07287142857142856,0.05357857142857145,0.735247990579991,z,,
dimension,HHB,L32,max_winner_share,0.1347,L64,0.07287142857142856,0.06182857142857143,0.8484610860499133,z,,
dimension,HHB,L64,max_winner_share,0.07287142857142856,L64,0.07287142857142856,0.0,0.0,z,,
dimension,HHB,L128,max_winner_share,0.040030769230769224,L64,0.07287142857142856,-0.032840659340659335,-0.45066578196718426,z,,
dimension,HHB,L16,linear_probe_cv_accuracy,0.7098,L64,0.8778,-0.16800000000000004,-0.19138755980839445,z,,
dimension,HHB,L32,linear_probe_cv_accuracy,0.8819999999999999,L64,0.8778,0.0041999999999998705,0.004784688995209713,z,,
dimension,HHB,L64,linear_probe_cv_accuracy,0.8778,L64,0.8778,0.0,0.0,z,,
dimension,HHB,L128,linear_probe_cv_accuracy,0.8783999999999998,L64,0.8778,0.0005999999999998229,0.0006835269993154926,z,,
dimension,HHB,L16,knn_cv_accuracy,0.7438,L64,0.9183,-0.1745,-0.19002504628096478,z,,
dimension,HHB,L32,knn_cv_accuracy,0.9202999999999999,L64,0.9183,0.0019999999999998908,0.0021779374931914547,z,,
dimension,HHB,L64,knn_cv_accuracy,0.9183,L64,0.9183,0.0,0.0,z,,
dimension,HHB,L128,knn_cv_accuracy,0.9088999999999998,L64,0.9183,-0.009400000000000186,-0.010236306218000599,z,,
dimension,HHB,L16,between_within_scatter_ratio,0.3251188823694561,L64,0.1094812449793292,0.21563763739012687,1.9696308479947506,z,,
dimension,HHB,L32,between_within_scatter_ratio,0.15557328565760767,L64,0.1094812449793292,0.04609204067827846,0.4210039873638626,z,,
dimension,HHB,L64,between_within_scatter_ratio,0.1094812449793292,L64,0.1094812449793292,0.0,0.0,z,,
dimension,HHB,L128,between_within_scatter_ratio,0.11089233152187339,L64,0.1094812449793292,0.001411086542544182,0.012888842676183631,z,,
dimension,HHB,L16,silhouette_score,0.06356342429494788,L64,-0.026370457594369602,0.08993388188931747,3.4104027798557808,z,,
dimension,HHB,L32,silhouette_score,0.04878357289902125,L64,-0.026370457594369602,0.07515403049339085,2.8499327408936272,z,,
dimension,HHB,L64,silhouette_score,-0.026370457594369602,L64,-0.026370457594369602,0.0,0.0,z,,
dimension,HHB,L128,silhouette_score,-0.034594914217828586,L64,-0.026370457594369602,-0.008224456623458984,-0.31188145270953205,z,,
dimension,HHH,L16,effective_rank,1.3607151779211093,L64,1.3607151779211093,0.0,0.0,h1,,
dimension,HHH,L32,effective_rank,1.3607151779211093,L64,1.3607151779211093,0.0,0.0,h1,,
dimension,HHH,L64,effective_rank,1.3607151779211093,L64,1.3607151779211093,0.0,0.0,h1,,
dimension,HHH,L128,effective_rank,1.3607151779211093,L64,1.3607151779211093,0.0,0.0,h1,,
dimension,HHH,L16,stable_rank,1.1726882926573663,L64,1.1726882926573663,0.0,0.0,h1,,
dimension,HHH,L32,stable_rank,1.1726882926573663,L64,1.1726882926573663,0.0,0.0,h1,,
dimension,HHH,L64,stable_rank,1.1726882926573663,L64,1.1726882926573663,0.0,0.0,h1,,
dimension,HHH,L128,stable_rank,1.1726882926573663,L64,1.1726882926573663,0.0,0.0,h1,,
dimension,HHH,L16,winner_coverage_ratio,0.9,L64,0.9,0.0,0.0,h1,,
dimension,HHH,L32,winner_coverage_ratio,0.9,L64,0.9,0.0,0.0,h1,,
dimension,HHH,L64,winner_coverage_ratio,0.9,L64,0.9,0.0,0.0,h1,,
dimension,HHH,L128,winner_coverage_ratio,0.9,L64,0.9,0.0,0.0,h1,,
dimension,HHH,L16,winner_entropy,0.6196834921396143,L64,0.6196834921396143,0.0,0.0,h1,,
dimension,HHH,L32,winner_entropy,0.6196834921396143,L64,0.6196834921396143,0.0,0.0,h1,,
dimension,HHH,L64,winner_entropy,0.6196834921396143,L64,0.6196834921396143,0.0,0.0,h1,,
dimension,HHH,L128,winner_entropy,0.6196834921396143,L64,0.6196834921396143,0.0,0.0,h1,,
dimension,HHH,L16,max_winner_share,0.34213377109503873,L64,0.34213377109503873,0.0,0.0,h1,,
dimension,HHH,L32,max_winner_share,0.34213377109503873,L64,0.34213377109503873,0.0,0.0,h1,,
dimension,HHH,L64,max_winner_share,0.34213377109503873,L64,0.34213377109503873,0.0,0.0,h1,,
dimension,HHH,L128,max_winner_share,0.34213377109503873,L64,0.34213377109503873,0.0,0.0,h1,,
dimension,HHH,L16,linear_probe_cv_accuracy,0.8919,L64,0.8919,0.0,0.0,h1,,
dimension,HHH,L32,linear_probe_cv_accuracy,0.8919,L64,0.8919,0.0,0.0,h1,,
dimension,HHH,L64,linear_probe_cv_accuracy,0.8919,L64,0.8919,0.0,0.0,h1,,
dimension,HHH,L128,linear_probe_cv_accuracy,0.8919,L64,0.8919,0.0,0.0,h1,,
dimension,HHH,L16,knn_cv_accuracy,0.807,L64,0.807,0.0,0.0,h1,,
dimension,HHH,L32,knn_cv_accuracy,0.807,L64,0.807,0.0,0.0,h1,,
dimension,HHH,L64,knn_cv_accuracy,0.807,L64,0.807,0.0,0.0,h1,,
dimension,HHH,L128,knn_cv_accuracy,0.807,L64,0.807,0.0,0.0,h1,,
dimension,HHH,L16,between_within_scatter_ratio,0.1087670037049759,L64,0.1087670037049759,0.0,0.0,h1,,
dimension,HHH,L32,between_within_scatter_ratio,0.1087670037049759,L64,0.1087670037049759,0.0,0.0,h1,,
dimension,HHH,L64,between_within_scatter_ratio,0.1087670037049759,L64,0.1087670037049759,0.0,0.0,h1,,
dimension,HHH,L128,between_within_scatter_ratio,0.1087670037049759,L64,0.1087670037049759,0.0,0.0,h1,,
dimension,HHH,L16,silhouette_score,-0.032309748389203544,L64,-0.032309748389203544,0.0,0.0,h1,,
dimension,HHH,L32,silhouette_score,-0.032309748389203544,L64,-0.032309748389203544,0.0,0.0,h1,,
dimension,HHH,L64,silhouette_score,-0.032309748389203544,L64,-0.032309748389203544,0.0,0.0,h1,,
dimension,HHH,L128,silhouette_score,-0.032309748389203544,L64,-0.032309748389203544,0.0,0.0,h1,,
dimension,HHH,L16,effective_rank,1.0451430234971932,L64,1.0451430234971932,0.0,0.0,h2,,
dimension,HHH,L32,effective_rank,1.0451430234971932,L64,1.0451430234971932,0.0,0.0,h2,,
dimension,HHH,L64,effective_rank,1.0451430234971932,L64,1.0451430234971932,0.0,0.0,h2,,
dimension,HHH,L128,effective_rank,1.0451430234971932,L64,1.0451430234971932,0.0,0.0,h2,,
dimension,HHH,L16,stable_rank,1.0223699472966077,L64,1.0223699472966077,0.0,0.0,h2,,
dimension,HHH,L32,stable_rank,1.0223699472966077,L64,1.0223699472966077,0.0,0.0,h2,,
dimension,HHH,L64,stable_rank,1.0223699472966077,L64,1.0223699472966077,0.0,0.0,h2,,
dimension,HHH,L128,stable_rank,1.0223699472966077,L64,1.0223699472966077,0.0,0.0,h2,,
dimension,HHH,L16,winner_coverage_ratio,0.34375,L64,0.34375,0.0,0.0,h2,,
dimension,HHH,L32,winner_coverage_ratio,0.34375,L64,0.34375,0.0,0.0,h2,,
dimension,HHH,L64,winner_coverage_ratio,0.34375,L64,0.34375,0.0,0.0,h2,,
dimension,HHH,L128,winner_coverage_ratio,0.34375,L64,0.34375,0.0,0.0,h2,,
dimension,HHH,L16,winner_entropy,0.4228846285137669,L64,0.4228846285137669,0.0,0.0,h2,,
dimension,HHH,L32,winner_entropy,0.4228846285137669,L64,0.4228846285137669,0.0,0.0,h2,,
dimension,HHH,L64,winner_entropy,0.4228846285137669,L64,0.4228846285137669,0.0,0.0,h2,,
dimension,HHH,L128,winner_entropy,0.4228846285137669,L64,0.4228846285137669,0.0,0.0,h2,,
dimension,HHH,L16,max_winner_share,0.24969882335334942,L64,0.24969882335334942,0.0,0.0,h2,,
dimension,HHH,L32,max_winner_share,0.24969882335334942,L64,0.24969882335334942,0.0,0.0,h2,,
dimension,HHH,L64,max_winner_share,0.24969882335334942,L64,0.24969882335334942,0.0,0.0,h2,,
dimension,HHH,L128,max_winner_share,0.24969882335334942,L64,0.24969882335334942,0.0,0.0,h2,,
dimension,HHH,L16,linear_probe_cv_accuracy,0.9000999999999999,L64,0.9000999999999999,0.0,0.0,h2,,
dimension,HHH,L32,linear_probe_cv_accuracy,0.9000999999999999,L64,0.9000999999999999,0.0,0.0,h2,,
dimension,HHH,L64,linear_probe_cv_accuracy,0.9000999999999999,L64,0.9000999999999999,0.0,0.0,h2,,
dimension,HHH,L128,linear_probe_cv_accuracy,0.9000999999999999,L64,0.9000999999999999,0.0,0.0,h2,,
dimension,HHH,L16,knn_cv_accuracy,0.8524,L64,0.8524,0.0,0.0,h2,,
dimension,HHH,L32,knn_cv_accuracy,0.8524,L64,0.8524,0.0,0.0,h2,,
dimension,HHH,L64,knn_cv_accuracy,0.8524,L64,0.8524,0.0,0.0,h2,,
dimension,HHH,L128,knn_cv_accuracy,0.8524,L64,0.8524,0.0,0.0,h2,,
dimension,HHH,L16,between_within_scatter_ratio,0.11064869100343344,L64,0.11064869100343344,0.0,0.0,h2,,
dimension,HHH,L32,between_within_scatter_ratio,0.11064869100343344,L64,0.11064869100343344,0.0,0.0,h2,,
dimension,HHH,L64,between_within_scatter_ratio,0.11064869100343344,L64,0.11064869100343344,0.0,0.0,h2,,
dimension,HHH,L128,between_within_scatter_ratio,0.11064869100343344,L64,0.11064869100343344,0.0,0.0,h2,,
dimension,HHH,L16,silhouette_score,-0.040718942986231764,L64,-0.040718942986231764,0.0,0.0,h2,,
dimension,HHH,L32,silhouette_score,-0.040718942986231764,L64,-0.040718942986231764,0.0,0.0,h2,,
dimension,HHH,L64,silhouette_score,-0.040718942986231764,L64,-0.040718942986231764,0.0,0.0,h2,,
dimension,HHH,L128,silhouette_score,-0.040718942986231764,L64,-0.040718942986231764,0.0,0.0,h2,,
dimension,HHH,L16,effective_rank,1.0129289324295203,L64,1.0156637284425485,-0.0027347960130281734,-0.0026926195515705824,z,,
dimension,HHH,L32,effective_rank,1.0133949132646445,L64,1.0156637284425485,-0.0022688151779040044,-0.0022338251474046875,z,,
dimension,HHH,L64,effective_rank,1.0156637284425485,L64,1.0156637284425485,0.0,0.0,z,,
dimension,HHH,L128,effective_rank,1.017459227893663,L64,1.0156637284425485,0.0017954994511144573,0.0017678089714456635,z,,
dimension,HHH,L16,stable_rank,1.006447705394641,L64,1.0078044760494689,-0.0013567706548278657,-0.0013462637714658466,z,,
dimension,HHH,L32,stable_rank,1.0066779883519323,L64,1.0078044760494689,-0.0011264876975365379,-0.0011177641341217118,z,,
dimension,HHH,L64,stable_rank,1.0078044760494689,L64,1.0078044760494689,0.0,0.0,z,,
dimension,HHH,L128,stable_rank,1.008695555358234,L64,1.0078044760494689,0.0008910793087650859,0.0008841787568330489,z,,
dimension,HHH,L16,winner_coverage_ratio,0.125,L64,0.109375,0.015625,0.14285714285583673,z,,
dimension,HHH,L32,winner_coverage_ratio,0.125,L64,0.109375,0.015625,0.14285714285583673,z,,
dimension,HHH,L64,winner_coverage_ratio,0.109375,L64,0.109375,0.0,0.0,z,,
dimension,HHH,L128,winner_coverage_ratio,0.1015625,L64,0.109375,-0.0078125,-0.07142857142791836,z,,
dimension,HHH,L16,winner_entropy,0.25,L64,0.46789248700960073,-0.21789248700960073,-0.4656892193369715,z,,
dimension,HHH,L32,winner_entropy,0.39999999999999997,L64,0.46789248700960073,-0.06789248700960077,-0.14510275094043681,z,,
dimension,HHH,L64,winner_entropy,0.46789248700960073,L64,0.46789248700960073,0.0,0.0,z,,
dimension,HHH,L128,winner_entropy,0.5286342454487276,L64,0.46789248700960073,0.06074175843912688,0.12981990548130065,z,,
dimension,HHH,L16,max_winner_share,0.5,L64,0.14285714285714285,0.35714285714285715,2.4999999999825,z,,
dimension,HHH,L32,max_winner_share,0.25,L64,0.14285714285714285,0.10714285714285715,0.7499999999947501,z,,
dimension,HHH,L64,max_winner_share,0.14285714285714285,L64,0.14285714285714285,0.0,0.0,z,,
dimension,HHH,L128,max_winner_share,0.07692307692307693,L64,0.14285714285714285,-0.06593406593406592,-0.4615384615352307,z,,
dimension,HHH,L16,linear_probe_cv_accuracy,0.6195,L64,0.8459999999999999,-0.2264999999999998,-0.2677304964535841,z,,
dimension,HHH,L32,linear_probe_cv_accuracy,0.761,L64,0.8459999999999999,-0.08499999999999985,-0.10047281323865177,z,,
dimension,HHH,L64,linear_probe_cv_accuracy,0.8459999999999999,L64,0.8459999999999999,0.0,0.0,z,,
dimension,HHH,L128,linear_probe_cv_accuracy,0.8779,L64,0.8459999999999999,0.03190000000000015,0.037706855791917786,z,,
dimension,HHH,L16,knn_cv_accuracy,0.6443,L64,0.8242,-0.17990000000000006,-0.21827226401332417,z,,
dimension,HHH,L32,knn_cv_accuracy,0.7589,L64,0.8242,-0.06530000000000002,-0.0792283426351866,z,,
dimension,HHH,L64,knn_cv_accuracy,0.8242,L64,0.8242,0.0,0.0,z,,
dimension,HHH,L128,knn_cv_accuracy,0.8523,L64,0.8242,0.028099999999999903,0.03409366658573867,z,,
dimension,HHH,L16,between_within_scatter_ratio,0.189489863329357,L64,0.10483942096942958,0.08465044235992741,0.8074295105445445,z,,
dimension,HHH,L32,between_within_scatter_ratio,0.12680952479098742,L64,0.10483942096942958,0.02197010382155784,0.20955956851149152,z,,
dimension,HHH,L64,between_within_scatter_ratio,0.10483942096942958,L64,0.10483942096942958,0.0,0.0,z,,
dimension,HHH,L128,between_within_scatter_ratio,0.1166229608746222,L64,0.10483942096942958,0.011783539905192625,0.11239607960555432,z,,
dimension,HHH,L16,silhouette_score,-0.013966775988532975,L64,-0.04264248287751565,0.028675706888982678,0.6724680401626008,z,,
dimension,HHH,L32,silhouette_score,-0.0256669929393409,L64,-0.04264248287751565,0.016975489938174753,0.3980886850921954,z,,
dimension,HHH,L64,silhouette_score,-0.04264248287751565,L64,-0.04264248287751565,0.0,0.0,z,,
dimension,HHH,L128,silhouette_score,-0.03324814682648842,L64,-0.04264248287751565,0.009394336051027234,0.22030462151537464,z,,
architecture,BBB,early_heavy,accuracy,0.488,balanced,0.59344,-0.10543999999999998,-0.17767592342919641,,gaussian,
architecture,BBB,balanced,accuracy,0.59344,balanced,0.59344,0.0,0.0,,gaussian,
architecture,BBB,late_heavy,accuracy,0.49223999999999996,balanced,0.59344,-0.10120000000000001,-0.17053114046884182,,gaussian,
architecture,BBB,early_heavy,accuracy_absolute_degradation,0.43078000000000005,balanced,0.3224,0.10838000000000003,0.33616625310069437,,gaussian,
architecture,BBB,balanced,accuracy_absolute_degradation,0.3224,balanced,0.3224,0.0,0.0,,gaussian,
architecture,BBB,late_heavy,accuracy_absolute_degradation,0.36834,balanced,0.3224,0.04593999999999998,0.14249379652561256,,gaussian,
architecture,BBB,early_heavy,system_reconstruction_mse_increase,0.03646201251720895,balanced,0.030363823951750385,0.006098188565458566,0.20083730477913625,,gaussian,
architecture,BBB,balanced,system_reconstruction_mse_increase,0.030363823951750385,balanced,0.030363823951750385,0.0,0.0,,gaussian,
architecture,BBB,late_heavy,system_reconstruction_mse_increase,0.03295920625959124,balanced,0.030363823951750385,0.002595382307840857,0.08547613475429089,,gaussian,
architecture,BBB,early_heavy,standardized_reconstruction_mse_increase,0.0376713178254147,balanced,0.03018314378028013,0.0074881740451345664,0.24809125581473732,,gaussian,
architecture,BBB,balanced,standardized_reconstruction_mse_increase,0.03018314378028013,balanced,0.03018314378028013,0.0,0.0,,gaussian,
architecture,BBB,late_heavy,standardized_reconstruction_mse_increase,0.032520781071526665,balanced,0.03018314378028013,0.002337637291246534,0.07744843639171738,,gaussian,
architecture,BBB,early_heavy,representation_cosine,0.9170074343681336,balanced,0.9280662655830383,-0.011058831214904696,-0.011915993097696856,,gaussian,
architecture,BBB,balanced,representation_cosine,0.9280662655830383,balanced,0.9280662655830383,0.0,0.0,,gaussian,
architecture,BBB,late_heavy,representation_cosine,0.9158811330795288,balanced,0.9280662655830383,-0.0121851325035095,-0.013129593171713137,,gaussian,
architecture,BBB,early_heavy,prediction_js_divergence,0.2689327925443649,balanced,0.20266295671463014,0.06626983582973478,0.32699530739957766,,gaussian,
architecture,BBB,balanced,prediction_js_divergence,0.20266295671463014,balanced,0.20266295671463014,0.0,0.0,,gaussian,
architecture,BBB,late_heavy,prediction_js_divergence,0.23507930040359498,balanced,0.20266295671463014,0.032416343688964844,0.15995199228465995,,gaussian,
architecture,BBB,early_heavy,accuracy,0.8593599999999999,balanced,0.84526,0.01409999999999989,0.016681257837805184,,pixel_masking,
architecture,BBB,balanced,accuracy,0.84526,balanced,0.84526,0.0,0.0,,pixel_masking,
architecture,BBB,late_heavy,accuracy,0.77066,balanced,0.84526,-0.0746,-0.08825686770923946,,pixel_masking,
architecture,BBB,early_heavy,accuracy_absolute_degradation,0.05941999999999996,balanced,0.07058000000000002,-0.011160000000000059,-0.15811844714992826,,pixel_masking,
architecture,BBB,balanced,accuracy_absolute_degradation,0.07058000000000002,balanced,0.07058000000000002,0.0,0.0,,pixel_masking,
architecture,BBB,late_heavy,accuracy_absolute_degradation,0.08992000000000001,balanced,0.07058000000000002,0.019339999999999996,0.27401530178132577,,pixel_masking,
architecture,BBB,early_heavy,system_reconstruction_mse_increase,0.02355997175459959,balanced,0.024808106879750075,-0.0012481351251504846,-0.05031158286886368,,pixel_masking,
architecture,BBB,balanced,system_reconstruction_mse_increase,0.024808106879750075,balanced,0.024808106879750075,0.0,0.0,,pixel_masking,
architecture,BBB,late_heavy,system_reconstruction_mse_increase,0.020811774974745147,balanced,0.024808106879750075,-0.0039963319050049274,-0.16108975683694324,,pixel_masking,
architecture,BBB,early_heavy,standardized_reconstruction_mse_increase,0.026724257457596916,balanced,0.026577339460703786,0.00014691799689313043,0.0055279422195299,,pixel_masking,
architecture,BBB,balanced,standardized_reconstruction_mse_increase,0.026577339460703786,balanced,0.026577339460703786,0.0,0.0,,pixel_masking,
architecture,BBB,late_heavy,standardized_reconstruction_mse_increase,0.021859748137921704,balanced,0.026577339460703786,-0.0047175913227820825,-0.17750427312635353,,pixel_masking,
architecture,BBB,early_heavy,representation_cosine,0.9720871090888977,balanced,0.973806631565094,-0.0017195224761962224,-0.0017657740463636548,,pixel_masking,
architecture,BBB,balanced,representation_cosine,0.973806631565094,balanced,0.973806631565094,0.0,0.0,,pixel_masking,
architecture,BBB,late_heavy,representation_cosine,0.9801216840744018,balanced,0.973806631565094,0.006315052509307861,0.006484914257722682,,pixel_masking,
architecture,BBB,early_heavy,prediction_js_divergence,0.0434400700032711,balanced,0.05024620294570923,-0.006806132942438127,-0.135455667160694,,pixel_masking,
architecture,BBB,balanced,prediction_js_divergence,0.05024620294570923,balanced,0.05024620294570923,0.0,0.0,,pixel_masking,
architecture,BBB,late_heavy,prediction_js_divergence,0.05806013122200966,balanced,0.05024620294570923,0.007813928276300432,0.15551281127825378,,pixel_masking,
architecture,BBB,early_heavy,accuracy,0.24011999999999997,balanced,0.3562,-0.11608000000000004,-0.32588433464254396,,salt_pepper,
architecture,BBB,balanced,accuracy,0.3562,balanced,0.3562,0.0,0.0,,salt_pepper,
architecture,BBB,late_heavy,accuracy,0.33166,balanced,0.3562,-0.024540000000000006,-0.06889387984259156,,salt_pepper,
architecture,BBB,early_heavy,accuracy_absolute_degradation,0.67866,balanced,0.5596400000000001,0.1190199999999999,0.2126724322775127,,salt_pepper,
architecture,BBB,balanced,accuracy_absolute_degradation,0.5596400000000001,balanced,0.5596400000000001,0.0,0.0,,salt_pepper,
architecture,BBB,late_heavy,accuracy_absolute_degradation,0.52892,balanced,0.5596400000000001,-0.03072000000000019,-0.05489243084830479,,salt_pepper,
architecture,BBB,early_heavy,system_reconstruction_mse_increase,0.07283409491217865,balanced,0.05738937523077945,0.015444719681399204,0.2691215859908276,,salt_pepper,
architecture,BBB,balanced,system_reconstruction_mse_increase,0.05738937523077945,balanced,0.05738937523077945,0.0,0.0,,salt_pepper,
architecture,BBB,late_heavy,system_reconstruction_mse_increase,0.05054914431202169,balanced,0.05738937523077945,-0.00684023091875776,-0.11918984814056614,,salt_pepper,
architecture,BBB,early_heavy,standardized_reconstruction_mse_increase,0.0756918782519321,balanced,0.05762233668375989,0.018069541568172212,0.3135857135927515,,salt_pepper,
architecture,BBB,balanced,standardized_reconstruction_mse_increase,0.05762233668375989,balanced,0.05762233668375989,0.0,0.0,,salt_pepper,
architecture,BBB,late_heavy,standardized_reconstruction_mse_increase,0.050725416595108666,balanced,0.05762233668375989,-0.006896920088651226,-0.11969178074785262,,salt_pepper,
architecture,BBB,early_heavy,representation_cosine,0.8646075367927551,balanced,0.8851604223251343,-0.020552885532379106,-0.02321939053529719,,salt_pepper,
architecture,BBB,balanced,representation_cosine,0.8851604223251343,balanced,0.8851604223251343,0.0,0.0,,salt_pepper,
architecture,BBB,late_heavy,representation_cosine,0.8727784395217896,balanced,0.8851604223251343,-0.012381982803344682,-0.013988405368154367,,salt_pepper,
architecture,BBB,early_heavy,prediction_js_divergence,0.45863754153251646,balanced,0.3603508293628693,0.09828671216964718,0.2727528401784274,,salt_pepper,
architecture,BBB,balanced,prediction_js_divergence,0.3603508293628693,balanced,0.3603508293628693,0.0,0.0,,salt_pepper,
architecture,BBB,late_heavy,prediction_js_divergence,0.3459613025188446,balanced,0.3603508293628693,-0.01438952684402467,-0.03993199313409834,,salt_pepper,
architecture,HBB,early_heavy,accuracy,0.5235000000000001,balanced,0.67516,-0.1516599999999999,-0.22462823626958836,,gaussian,
architecture,HBB,balanced,accuracy,0.67516,balanced,0.67516,0.0,0.0,,gaussian,
architecture,HBB,late_heavy,accuracy,0.453,balanced,0.67516,-0.22215999999999997,-0.3290479293792152,,gaussian,
architecture,HBB,early_heavy,accuracy_absolute_degradation,0.39526,balanced,0.24122,0.15404,0.638587181823072,,gaussian,
architecture,HBB,balanced,accuracy_absolute_degradation,0.24122,balanced,0.24122,0.0,0.0,,gaussian,
architecture,HBB,late_heavy,accuracy_absolute_degradation,0.44396,balanced,0.24122,0.20274000000000003,0.8404775723371178,,gaussian,
architecture,HBB,early_heavy,system_reconstruction_mse_increase,0.03893515355567543,balanced,0.029048188658003904,0.009886964897671525,0.3403642483094008,,gaussian,
architecture,HBB,balanced,system_reconstruction_mse_increase,0.029048188658003904,balanced,0.029048188658003904,0.0,0.0,,gaussian,
architecture,HBB,late_heavy,system_reconstruction_mse_increase,0.042986164160747915,balanced,0.029048188658003904,0.013937975502744011,0.47982253442242556,,gaussian,
architecture,HBB,early_heavy,standardized_reconstruction_mse_increase,0.03937411026925457,balanced,0.028708221731575168,0.0106658885376794,0.3715273149634634,,gaussian,
architecture,HBB,balanced,standardized_reconstruction_mse_increase,0.028708221731575168,balanced,0.028708221731575168,0.0,0.0,,gaussian,
architecture,HBB,late_heavy,standardized_reconstruction_mse_increase,0.04330807899173424,balanced,0.028708221731575168,0.014599857260159076,0.5085601398846883,,gaussian,
architecture,HBB,early_heavy,representation_cosine,0.9195127725601197,balanced,0.9341599464416503,-0.014647173881530695,-0.015679513917620007,,gaussian,
architecture,HBB,balanced,representation_cosine,0.9341599464416503,balanced,0.9341599464416503,0.0,0.0,,gaussian,
architecture,HBB,late_heavy,representation_cosine,0.9147892951965332,balanced,0.9341599464416503,-0.019370651245117165,-0.020735904294421986,,gaussian,
architecture,HBB,early_heavy,prediction_js_divergence,0.2462264448404312,balanced,0.15505194365978242,0.09117450118064879,0.5880255289164087,,gaussian,
architecture,HBB,balanced,prediction_js_divergence,0.15505194365978242,balanced,0.15505194365978242,0.0,0.0,,gaussian,
architecture,HBB,late_heavy,prediction_js_divergence,0.2775678843259811,balanced,0.15505194365978242,0.1225159406661987,0.7901606247144832,,gaussian,
architecture,HBB,early_heavy,accuracy,0.85904,balanced,0.84752,0.011519999999999975,0.0135925995846545,,pixel_masking,
architecture,HBB,balanced,accuracy,0.84752,balanced,0.84752,0.0,0.0,,pixel_masking,
architecture,HBB,late_heavy,accuracy,0.7830600000000001,balanced,0.84752,-0.06445999999999996,-0.07605720218982903,,pixel_masking,
architecture,HBB,early_heavy,accuracy_absolute_degradation,0.059719999999999995,balanced,0.06885999999999999,-0.009139999999999995,-0.13273308161294312,,pixel_masking,
architecture,HBB,balanced,accuracy_absolute_degradation,0.06885999999999999,balanced,0.06885999999999999,0.0,0.0,,pixel_masking,
architecture,HBB,late_heavy,accuracy_absolute_degradation,0.11389999999999997,balanced,0.06885999999999999,0.04503999999999998,0.6540807435281136,,pixel_masking,
architecture,HBB,early_heavy,system_reconstruction_mse_increase,0.02545109067109167,balanced,0.0275888919760743,-0.0021378013049826276,-0.07748775509937438,,pixel_masking,
architecture,HBB,balanced,system_reconstruction_mse_increase,0.0275888919760743,balanced,0.0275888919760743,0.0,0.0,,pixel_masking,
architecture,HBB,late_heavy,system_reconstruction_mse_increase,0.024409734138955873,balanced,0.0275888919760743,-0.003179157837118425,-0.11523325546238784,,pixel_masking,
architecture,HBB,early_heavy,standardized_reconstruction_mse_increase,0.026281472213024994,balanced,0.029475752484263207,-0.003194280271238213,-0.10836976164850197,,pixel_masking,
architecture,HBB,balanced,standardized_reconstruction_mse_increase,0.029475752484263207,balanced,0.029475752484263207,0.0,0.0,,pixel_masking,
architecture,HBB,late_heavy,standardized_reconstruction_mse_increase,0.024843141211782185,balanced,0.029475752484263207,-0.004632611272481022,-0.1571668534941443,,pixel_masking,
architecture,HBB,early_heavy,representation_cosine,0.9721590757369996,balanced,0.9727904438972473,-0.0006313681602477805,-0.0006490279219003315,,pixel_masking,
architecture,HBB,balanced,representation_cosine,0.9727904438972473,balanced,0.9727904438972473,0.0,0.0,,pixel_masking,
architecture,HBB,late_heavy,representation_cosine,0.9727048277854919,balanced,0.9727904438972473,-8.56161117553933e-05,-8.801084785774134e-05,,pixel_masking,
architecture,HBB,early_heavy,prediction_js_divergence,0.04484371989965439,balanced,0.05067480504512787,-0.00583108514547348,-0.11506872380003445,,pixel_masking,
architecture,HBB,balanced,prediction_js_divergence,0.05067480504512787,balanced,0.05067480504512787,0.0,0.0,,pixel_masking,
architecture,HBB,late_heavy,prediction_js_divergence,0.07431036233901978,balanced,0.05067480504512787,0.023635557293891905,0.4664163438295838,,pixel_masking,
architecture,HBB,early_heavy,accuracy,0.27302000000000004,balanced,0.4015600000000001,-0.12854000000000004,-0.3201016037445959,,salt_pepper,
architecture,HBB,balanced,accuracy,0.4015600000000001,balanced,0.4015600000000001,0.0,0.0,,salt_pepper,
architecture,HBB,late_heavy,accuracy,0.26988,balanced,0.4015600000000001,-0.13168000000000007,-0.3279211076792313,,salt_pepper,
architecture,HBB,early_heavy,accuracy_absolute_degradation,0.64574,balanced,0.51482,0.13091999999999993,0.2543024746508403,,salt_pepper,
architecture,HBB,balanced,accuracy_absolute_degradation,0.51482,balanced,0.51482,0.0,0.0,,salt_pepper,
architecture,HBB,late_heavy,accuracy_absolute_degradation,0.62708,balanced,0.51482,0.11225999999999992,0.21805679654982685,,salt_pepper,
architecture,HBB,early_heavy,system_reconstruction_mse_increase,0.07125244884267144,balanced,0.05610331153874495,0.015149137303926495,0.27002215890936276,,salt_pepper,
architecture,HBB,balanced,system_reconstruction_mse_increase,0.05610331153874495,balanced,0.05610331153874495,0.0,0.0,,salt_pepper,
architecture,HBB,late_heavy,system_reconstruction_mse_increase,0.07122664883594124,balanced,0.05610331153874495,0.015123337297196289,0.2695622928868031,,salt_pepper,
architecture,HBB,early_heavy,standardized_reconstruction_mse_increase,0.07239434899612349,balanced,0.056986248437725776,0.015408100558397711,0.2703827849795237,,salt_pepper,
architecture,HBB,balanced,standardized_reconstruction_mse_increase,0.056986248437725776,balanced,0.056986248437725776,0.0,0.0,,salt_pepper,
architecture,HBB,late_heavy,standardized_reconstruction_mse_increase,0.07172323952509432,balanced,0.056986248437725776,0.014736991087368548,0.25860609341944024,,salt_pepper,
architecture,HBB,early_heavy,representation_cosine,0.870050060749054,balanced,0.895839536190033,-0.02578947544097898,-0.02878805232311104,,salt_pepper,
architecture,HBB,balanced,representation_cosine,0.895839536190033,balanced,0.895839536190033,0.0,0.0,,salt_pepper,
architecture,HBB,late_heavy,representation_cosine,0.8717944741249084,balanced,0.895839536190033,-0.02404506206512458,-0.02684081366553697,,salt_pepper,
architecture,HBB,early_heavy,prediction_js_divergence,0.4326868116855621,balanced,0.33091185986995697,0.10177495181560514,0.3075590939995125,,salt_pepper,
architecture,HBB,balanced,prediction_js_divergence,0.33091185986995697,balanced,0.33091185986995697,0.0,0.0,,salt_pepper,
architecture,HBB,late_heavy,prediction_js_divergence,0.41449480652809145,balanced,0.33091185986995697,0.08358294665813448,0.252583714257714,,salt_pepper,
architecture,HHB,early_heavy,accuracy,0.52878,balanced,0.49168,0.03710000000000002,0.07545558086545023,,gaussian,
architecture,HHB,balanced,accuracy,0.49168,balanced,0.49168,0.0,0.0,,gaussian,
architecture,HHB,late_heavy,accuracy,0.37361999999999995,balanced,0.49168,-0.11806000000000005,-0.24011552229043268,,gaussian,
architecture,HHB,early_heavy,accuracy_absolute_degradation,0.39202,balanced,0.42817999999999995,-0.03615999999999997,-0.08445046475761485,,gaussian,
architecture,HHB,balanced,accuracy_absolute_degradation,0.42817999999999995,balanced,0.42817999999999995,0.0,0.0,,gaussian,
architecture,HHB,late_heavy,accuracy_absolute_degradation,0.42139999999999994,balanced,0.42817999999999995,-0.006780000000000008,-0.015834462142052818,,gaussian,
architecture,HHB,early_heavy,system_reconstruction_mse_increase,0.058247419080247685,balanced,0.04750289347736203,0.010744525602885656,0.2261867607660548,,gaussian,
architecture,HHB,balanced,system_reconstruction_mse_increase,0.04750289347736203,balanced,0.04750289347736203,0.0,0.0,,gaussian,
architecture,HHB,late_heavy,system_reconstruction_mse_increase,0.05295317936897278,balanced,0.04750289347736203,0.00545028589161075,0.11473587170207644,,gaussian,
architecture,HHB,early_heavy,standardized_reconstruction_mse_increase,0.06120422961711884,balanced,0.05355925853242679,0.007644971084692052,0.1427385534084786,,gaussian,
architecture,HHB,balanced,standardized_reconstruction_mse_increase,0.05355925853242679,balanced,0.05355925853242679,0.0,0.0,,gaussian,
architecture,HHB,late_heavy,standardized_reconstruction_mse_increase,0.05387885192462376,balanced,0.05355925853242679,0.0003195933921969693,0.00596709889098835,,gaussian,
architecture,HHB,early_heavy,representation_cosine,0.9117988228797913,balanced,0.9102998733520508,0.0014989495277405451,0.0016466546592160103,,gaussian,
architecture,HHB,balanced,representation_cosine,0.9102998733520508,balanced,0.9102998733520508,0.0,0.0,,gaussian,
architecture,HHB,late_heavy,representation_cosine,0.9148681998252869,balanced,0.9102998733520508,0.004568326473236128,0.0050184852343315095,,gaussian,
architecture,HHB,early_heavy,prediction_js_divergence,0.24911168217658997,balanced,0.2709861546754837,-0.021874472498893738,-0.08072173475065003,,gaussian,
architecture,HHB,balanced,prediction_js_divergence,0.2709861546754837,balanced,0.2709861546754837,0.0,0.0,,gaussian,
architecture,HHB,late_heavy,prediction_js_divergence,0.2718025267124176,balanced,0.2709861546754837,0.00081637203693391,0.003012596853549711,,gaussian,
architecture,HHB,early_heavy,accuracy,0.8308,balanced,0.8270800000000001,0.0037199999999998346,0.004497751124432142,,pixel_masking,
architecture,HHB,balanced,accuracy,0.8270800000000001,balanced,0.8270800000000001,0.0,0.0,,pixel_masking,
architecture,HHB,late_heavy,accuracy,0.66782,balanced,0.8270800000000001,-0.15926000000000018,-0.1925569473325526,,pixel_masking,
architecture,HHB,early_heavy,accuracy_absolute_degradation,0.09,balanced,0.09277999999999997,-0.002779999999999977,-0.029963354170834386,,pixel_masking,
architecture,HHB,balanced,accuracy_absolute_degradation,0.09277999999999997,balanced,0.09277999999999997,0.0,0.0,,pixel_masking,
architecture,HHB,late_heavy,accuracy_absolute_degradation,0.1272,balanced,0.09277999999999997,0.034420000000000034,0.37098512610076584,,pixel_masking,
architecture,HHB,early_heavy,system_reconstruction_mse_increase,0.028068884352956496,balanced,0.02859697769388861,-0.0005280933409321127,-0.01846675360475256,,pixel_masking,
architecture,HHB,balanced,system_reconstruction_mse_increase,0.02859697769388861,balanced,0.02859697769388861,0.0,0.0,,pixel_masking,
architecture,HHB,late_heavy,system_reconstruction_mse_increase,0.021614700809595534,balanced,0.02859697769388861,-0.006982276884293075,-0.24416135714723028,,pixel_masking,
architecture,HHB,early_heavy,standardized_reconstruction_mse_increase,0.027308234624181478,balanced,0.028316838641069368,-0.0010086040168878901,-0.035618524710221054,,pixel_masking,
architecture,HHB,balanced,standardized_reconstruction_mse_increase,0.028316838641069368,balanced,0.028316838641069368,0.0,0.0,,pixel_masking,
architecture,HHB,late_heavy,standardized_reconstruction_mse_increase,0.02199466007991713,balanced,0.028316838641069368,-0.006322178561152237,-0.22326569152248482,,pixel_masking,
architecture,HHB,early_heavy,representation_cosine,0.9749690532684326,balanced,0.9737095713615418,0.001259481906890847,0.0012934882678912309,,pixel_masking,
architecture,HHB,balanced,representation_cosine,0.9737095713615418,balanced,0.9737095713615418,0.0,0.0,,pixel_masking,
architecture,HHB,late_heavy,representation_cosine,0.9694585800170898,balanced,0.9737095713615418,-0.004250991344451949,-0.004365769290429595,,pixel_masking,
architecture,HHB,early_heavy,prediction_js_divergence,0.062209205329418184,balanced,0.0637996718287468,-0.001590466499328612,-0.024929070224261746,,pixel_masking,
architecture,HHB,balanced,prediction_js_divergence,0.0637996718287468,balanced,0.0637996718287468,0.0,0.0,,pixel_masking,
architecture,HHB,late_heavy,prediction_js_divergence,0.08387591540813447,balanced,0.0637996718287468,0.02007624357938767,0.31467628286493876,,pixel_masking,
architecture,HHB,early_heavy,accuracy,0.3757400000000001,balanced,0.35302,0.022720000000000073,0.06435895983212202,,salt_pepper,
architecture,HHB,balanced,accuracy,0.35302,balanced,0.35302,0.0,0.0,,salt_pepper,
architecture,HHB,late_heavy,accuracy,0.22444000000000003,balanced,0.35302,-0.12857999999999997,-0.36422865559921747,,salt_pepper,
architecture,HHB,early_heavy,accuracy_absolute_degradation,0.54506,balanced,0.56684,-0.02178000000000002,-0.038423541034439346,,salt_pepper,
architecture,HHB,balanced,accuracy_absolute_degradation,0.56684,balanced,0.56684,0.0,0.0,,salt_pepper,
architecture,HHB,late_heavy,accuracy_absolute_degradation,0.57058,balanced,0.56684,0.0037399999999999656,0.0065979817937925475,,salt_pepper,
architecture,HHB,early_heavy,system_reconstruction_mse_increase,0.08030414992361654,balanced,0.07130634225173874,0.0089978076718778,0.12618523665098264,,salt_pepper,
architecture,HHB,balanced,system_reconstruction_mse_increase,0.07130634225173874,balanced,0.07130634225173874,0.0,0.0,,salt_pepper,
architecture,HHB,late_heavy,system_reconstruction_mse_increase,0.08279549684582924,balanced,0.07130634225173874,0.0114891545940905,0.1611238808655793,,salt_pepper,
architecture,HHB,early_heavy,standardized_reconstruction_mse_increase,0.08176384091192362,balanced,0.0784105404108398,0.0033533005010838307,0.042765940439526556,,salt_pepper,
architecture,HHB,balanced,standardized_reconstruction_mse_increase,0.0784105404108398,balanced,0.0784105404108398,0.0,0.0,,salt_pepper,
architecture,HHB,late_heavy,standardized_reconstruction_mse_increase,0.08336488277571542,balanced,0.0784105404108398,0.00495434236487563,0.06318464761055947,,salt_pepper,
architecture,HHB,early_heavy,representation_cosine,0.8825339078903198,balanced,0.8786177635192871,0.003916144371032715,0.004457165030834586,,salt_pepper,
architecture,HHB,balanced,representation_cosine,0.8786177635192871,balanced,0.8786177635192871,0.0,0.0,,salt_pepper,
architecture,HHB,late_heavy,representation_cosine,0.878809905052185,balanced,0.8786177635192871,0.00019214153289792701,0.0002186861464399365,,salt_pepper,
architecture,HHB,early_heavy,prediction_js_divergence,0.36031081080436705,balanced,0.3800286591053009,-0.01971784830093387,-0.05188516136468126,,salt_pepper,
architecture,HHB,balanced,prediction_js_divergence,0.3800286591053009,balanced,0.3800286591053009,0.0,0.0,,salt_pepper,
architecture,HHB,late_heavy,prediction_js_divergence,0.4037782818078995,balanced,0.3800286591053009,0.02374962270259856,0.06249429387365062,,salt_pepper,
architecture,HHH,early_heavy,accuracy,0.34594,balanced,0.37901999999999997,-0.03307999999999994,-0.08727771621527274,,gaussian,
architecture,HHH,balanced,accuracy,0.37901999999999997,balanced,0.37901999999999997,0.0,0.0,,gaussian,
architecture,HHH,late_heavy,accuracy,0.3062,balanced,0.37901999999999997,-0.07281999999999994,-0.192127064534346,,gaussian,
architecture,HHH,early_heavy,accuracy_absolute_degradation,0.5513199999999999,balanced,0.51508,0.03623999999999994,0.07035800264022983,,gaussian,
architecture,HHH,balanced,accuracy_absolute_degradation,0.51508,balanced,0.51508,0.0,0.0,,gaussian,
architecture,HHH,late_heavy,accuracy_absolute_degradation,0.53136,balanced,0.51508,0.016280000000000072,0.03160674070041249,,gaussian,
architecture,HHH,early_heavy,system_reconstruction_mse_increase,0.05861860499012227,balanced,0.05300173214114441,0.005616872848977855,0.10597526952353299,,gaussian,
architecture,HHH,balanced,system_reconstruction_mse_increase,0.05300173214114441,balanced,0.05300173214114441,0.0,0.0,,gaussian,
architecture,HHH,late_heavy,system_reconstruction_mse_increase,0.05004144700381219,balanced,0.05300173214114441,-0.002960285137332222,-0.0558526111824626,,gaussian,
architecture,HHH,early_heavy,standardized_reconstruction_mse_increase,0.0560876508019895,balanced,0.05139116678666096,0.004696484015328538,0.09138698941655797,,gaussian,
architecture,HHH,balanced,standardized_reconstruction_mse_increase,0.05139116678666096,balanced,0.05139116678666096,0.0,0.0,,gaussian,
architecture,HHH,late_heavy,standardized_reconstruction_mse_increase,0.051026550290243965,balanced,0.05139116678666096,-0.00036461649641699595,-0.00709492543579572,,gaussian,
architecture,HHH,early_heavy,representation_cosine,0.9996090531349182,balanced,0.9997284889221192,-0.00011943578720097214,-0.00011946822414716338,,gaussian,
architecture,HHH,balanced,representation_cosine,0.9997284889221192,balanced,0.9997284889221192,0.0,0.0,,gaussian,
architecture,HHH,late_heavy,representation_cosine,0.9991104483604432,balanced,0.9997284889221192,-0.0006180405616760254,-0.0006182084121077335,,gaussian,
architecture,HHH,early_heavy,prediction_js_divergence,0.375721749663353,balanced,0.34637546837329863,0.029346281290054343,0.08472390215101003,,gaussian,
architecture,HHH,balanced,prediction_js_divergence,0.34637546837329863,balanced,0.34637546837329863,0.0,0.0,,gaussian,
architecture,HHH,late_heavy,prediction_js_divergence,0.36692250370979307,balanced,0.34637546837329863,0.020547035336494435,0.05932012285087983,,gaussian,
architecture,HHH,early_heavy,accuracy,0.8095000000000001,balanced,0.8023,0.007200000000000095,0.008974199177354009,,pixel_masking,
architecture,HHH,balanced,accuracy,0.8023,balanced,0.8023,0.0,0.0,,pixel_masking,
architecture,HHH,late_heavy,accuracy,0.65728,balanced,0.8023,-0.14502000000000004,-0.18075532843053632,,pixel_masking,
architecture,HHH,early_heavy,accuracy_absolute_degradation,0.08775999999999999,balanced,0.09179999999999999,-0.004040000000000002,-0.044008714596470516,,pixel_masking,
architecture,HHH,balanced,accuracy_absolute_degradation,0.09179999999999999,balanced,0.09179999999999999,0.0,0.0,,pixel_masking,
architecture,HHH,late_heavy,accuracy_absolute_degradation,0.18028,balanced,0.09179999999999999,0.08848,0.9638344226474528,,pixel_masking,
architecture,HHH,early_heavy,system_reconstruction_mse_increase,0.015248445485951948,balanced,0.021220813138533613,-0.005972367652581665,-0.281439151898254,,pixel_masking,
architecture,HHH,balanced,system_reconstruction_mse_increase,0.021220813138533613,balanced,0.021220813138533613,0.0,0.0,,pixel_masking,
architecture,HHH,late_heavy,system_reconstruction_mse_increase,0.021239445441499045,balanced,0.021220813138533613,1.8632302965431585e-05,0.0008780202173648226,,pixel_masking,
architecture,HHH,early_heavy,standardized_reconstruction_mse_increase,0.01465230079183773,balanced,0.02144621682536845,-0.00679391603353072,-0.31678855476167234,,pixel_masking,
architecture,HHH,balanced,standardized_reconstruction_mse_increase,0.02144621682536845,balanced,0.02144621682536845,0.0,0.0,,pixel_masking,
architecture,HHH,late_heavy,standardized_reconstruction_mse_increase,0.02126212224726774,balanced,0.02144621682536845,-0.00018409457810071236,-0.008584011790572091,,pixel_masking,
architecture,HHH,early_heavy,representation_cosine,0.9999428272247315,balanced,0.9999394893646241,3.337860107421875e-06,3.338062095676871e-06,,pixel_masking,
architecture,HHH,balanced,representation_cosine,0.9999394893646241,balanced,0.9999394893646241,0.0,0.0,,pixel_masking,
architecture,HHH,late_heavy,representation_cosine,0.9994501352310181,balanced,0.9999394893646241,-0.000489354133605957,-0.0004893837465269127,,pixel_masking,
architecture,HHH,early_heavy,prediction_js_divergence,0.06627721711993217,balanced,0.0711817428469658,-0.004904525727033621,-0.06890145605888014,,pixel_masking,
architecture,HHH,balanced,prediction_js_divergence,0.0711817428469658,balanced,0.0711817428469658,0.0,0.0,,pixel_masking,
architecture,HHH,late_heavy,prediction_js_divergence,0.13467516601085663,balanced,0.0711817428469658,0.06349342316389084,0.8919902860415186,,pixel_masking,
architecture,HHH,early_heavy,accuracy,0.25934,balanced,0.28472,-0.025379999999999958,-0.08914020792326083,,salt_pepper,
architecture,HHH,balanced,accuracy,0.28472,balanced,0.28472,0.0,0.0,,salt_pepper,
architecture,HHH,late_heavy,accuracy,0.20874,balanced,0.28472,-0.07597999999999996,-0.2668586681642776,,salt_pepper,
architecture,HHH,early_heavy,accuracy_absolute_degradation,0.6379199999999999,balanced,0.60938,0.0285399999999999,0.046834487511820316,,salt_pepper,
architecture,HHH,balanced,accuracy_absolute_degradation,0.60938,balanced,0.60938,0.0,0.0,,salt_pepper,
architecture,HHH,late_heavy,accuracy_absolute_degradation,0.62882,balanced,0.60938,0.019440000000000013,0.031901276707420836,,salt_pepper,
architecture,HHH,early_heavy,system_reconstruction_mse_increase,0.08557596056879783,balanced,0.08135996836681755,0.0042159922019802815,0.051819000013868535,,salt_pepper,
architecture,HHH,balanced,system_reconstruction_mse_increase,0.08135996836681755,balanced,0.08135996836681755,0.0,0.0,,salt_pepper,
architecture,HHH,late_heavy,system_reconstruction_mse_increase,0.07978486989430018,balanced,0.08135996836681755,-0.0015750984725173695,-0.01935962493737165,,salt_pepper,
architecture,HHH,early_heavy,standardized_reconstruction_mse_increase,0.08376093974989288,balanced,0.07981991257492377,0.003941027174969108,0.04937398510954831,,salt_pepper,
architecture,HHH,balanced,standardized_reconstruction_mse_increase,0.07981991257492377,balanced,0.07981991257492377,0.0,0.0,,salt_pepper,
architecture,HHH,late_heavy,standardized_reconstruction_mse_increase,0.08037161094548753,balanced,0.07981991257492377,0.0005516983705637635,0.006911788709853502,,salt_pepper,
architecture,HHH,early_heavy,representation_cosine,0.9994084358215332,balanced,0.9995957851409912,-0.00018734931945807443,-0.0001874250794599556,,salt_pepper,
architecture,HHH,balanced,representation_cosine,0.9995957851409912,balanced,0.9995957851409912,0.0,0.0,,salt_pepper,
architecture,HHH,late_heavy,representation_cosine,0.9986352801322937,balanced,0.9995957851409912,-0.0009605050086974876,-0.0009608934160932353,,salt_pepper,
architecture,HHH,early_heavy,prediction_js_divergence,0.44858479499816895,balanced,0.4243484318256378,0.02423636317253114,0.057114298898676266,,salt_pepper,
architecture,HHH,balanced,prediction_js_divergence,0.4243484318256378,balanced,0.4243484318256378,0.0,0.0,,salt_pepper,
architecture,HHH,late_heavy,prediction_js_divergence,0.46699969172477723,balanced,0.4243484318256378,0.042651259899139427,0.100509997681726,,salt_pepper,
dimension,BBB,L16,accuracy,0.284,L64,0.59344,-0.30944,-0.5214343488802214,,gaussian,
dimension,BBB,L32,accuracy,0.48762,L64,0.59344,-0.10581999999999997,-0.17831625775111495,,gaussian,
dimension,BBB,L64,accuracy,0.59344,L64,0.59344,0.0,0.0,,gaussian,
dimension,BBB,L128,accuracy,0.33327999999999997,L64,0.59344,-0.26016,-0.43839309786930714,,gaussian,
dimension,BBB,L16,accuracy_absolute_degradation,0.5964400000000001,L64,0.3224,0.27404000000000006,0.8499999999973638,,gaussian,
dimension,BBB,L32,accuracy_absolute_degradation,0.43662,L64,0.3224,0.11421999999999999,0.3542803970212336,,gaussian,
dimension,BBB,L64,accuracy_absolute_degradation,0.3224,L64,0.3224,0.0,0.0,,gaussian,
dimension,BBB,L128,accuracy_absolute_degradation,0.5912999999999999,L64,0.3224,0.2688999999999999,0.8340570719577105,,gaussian,
dimension,BBB,L16,system_reconstruction_mse_increase,0.04578885607291241,L64,0.030363823951750385,0.015425032121162023,0.5080069014088988,,gaussian,
dimension,BBB,L32,system_reconstruction_mse_increase,0.037898933695287115,L64,0.030363823951750385,0.00753510974353673,0.248160763784635,,gaussian,
dimension,BBB,L64,system_reconstruction_mse_increase,0.030363823951750385,L64,0.030363823951750385,0.0,0.0,,gaussian,
dimension,BBB,L128,system_reconstruction_mse_increase,0.027522426197090926,L64,0.030363823951750385,-0.002841397754659459,-0.09357838983261799,,gaussian,
dimension,BBB,L16,standardized_reconstruction_mse_increase,0.04459625752721514,L64,0.03018314378028013,0.014413113746935009,0.4775219523644902,,gaussian,
dimension,BBB,L32,standardized_reconstruction_mse_increase,0.03690212886528093,L64,0.03018314378028013,0.006718985085000798,0.22260719869637888,,gaussian,
dimension,BBB,L64,standardized_reconstruction_mse_increase,0.03018314378028013,L64,0.03018314378028013,0.0,0.0,,gaussian,
dimension,BBB,L128,standardized_reconstruction_mse_increase,0.028543457717360284,L64,0.03018314378028013,-0.0016396860629198477,-0.05432456190785522,,gaussian,
dimension,BBB,L16,representation_cosine,0.9263700485229492,L64,0.9280662655830383,-0.0016962170600890447,-0.00182768959824394,,gaussian,
dimension,BBB,L32,representation_cosine,0.928823447227478,L64,0.9280662655830383,0.0007571816444397195,0.0008158702374158811,,gaussian,
dimension,BBB,L64,representation_cosine,0.9280662655830383,L64,0.9280662655830383,0.0,0.0,,gaussian,
dimension,BBB,L128,representation_cosine,0.9008347392082214,L64,0.9280662655830383,-0.02723152637481685,-0.029342221977737625,,gaussian,
dimension,BBB,L16,prediction_js_divergence,0.37213521599769595,L64,0.20266295671463014,0.1694722592830658,0.8362271133785124,,gaussian,
dimension,BBB,L32,prediction_js_divergence,0.27685924172401427,L64,0.20266295671463014,0.07419628500938413,0.36610679234041704,,gaussian,
dimension,BBB,L64,prediction_js_divergence,0.20266295671463014,L64,0.20266295671463014,0.0,0.0,,gaussian,
dimension,BBB,L128,prediction_js_divergence,0.3912081241607666,L64,0.20266295671463014,0.18854516744613647,0.9303385803785381,,gaussian,
dimension,BBB,L16,accuracy,0.77348,L64,0.84526,-0.07178000000000007,-0.08492061614167848,,pixel_masking,
dimension,BBB,L32,accuracy,0.84364,L64,0.84526,-0.0016200000000000658,-0.00191657004945005,,pixel_masking,
dimension,BBB,L64,accuracy,0.84526,L64,0.84526,0.0,0.0,,pixel_masking,
dimension,BBB,L128,accuracy,0.8411199999999999,L64,0.84526,-0.0041400000000001436,-0.004897901237483432,,pixel_masking,
dimension,BBB,L16,accuracy_absolute_degradation,0.10695999999999999,L64,0.07058000000000002,0.03637999999999997,0.5154434683973436,,pixel_masking,
dimension,BBB,L32,accuracy_absolute_degradation,0.0806,L64,0.07058000000000002,0.010019999999999987,0.14196656276364433,,pixel_masking,
dimension,BBB,L64,accuracy_absolute_degradation,0.07058000000000002,L64,0.07058000000000002,0.0,0.0,,pixel_masking,
dimension,BBB,L128,accuracy_absolute_degradation,0.08346,L64,0.07058000000000002,0.012879999999999989,0.18248795692572253,,pixel_masking,
dimension,BBB,L16,system_reconstruction_mse_increase,0.02011704601385155,L64,0.024808106879750075,-0.004691060865898523,-0.1890938671156148,,pixel_masking,
dimension,BBB,L32,system_reconstruction_mse_increase,0.022779940477974558,L64,0.024808106879750075,-0.002028166401775517,-0.08175417864509762,,pixel_masking,
dimension,BBB,L64,system_reconstruction_mse_increase,0.024808106879750075,L64,0.024808106879750075,0.0,0.0,,pixel_masking,
dimension,BBB,L128,system_reconstruction_mse_increase,0.028432431832722253,L64,0.024808106879750075,0.0036243249529721785,0.14609437835760392,,pixel_masking,
dimension,BBB,L16,standardized_reconstruction_mse_increase,0.02105105410264463,L64,0.026577339460703786,-0.0055262853580591575,-0.20793222609893572,,pixel_masking,
dimension,BBB,L32,standardized_reconstruction_mse_increase,0.023976955186785488,L64,0.026577339460703786,-0.0026003842739182985,-0.09784215901916303,,pixel_masking,
dimension,BBB,L64,standardized_reconstruction_mse_increase,0.026577339460703786,L64,0.026577339460703786,0.0,0.0,,pixel_masking,
dimension,BBB,L128,standardized_reconstruction_mse_increase,0.0318843957996855,L64,0.026577339460703786,0.005307056338981715,0.19968350656877593,,pixel_masking,
dimension,BBB,L16,representation_cosine,0.9876515507698059,L64,0.973806631565094,0.01384491920471198,0.014217318670798456,,pixel_masking,
dimension,BBB,L32,representation_cosine,0.9835415244102478,L64,0.973806631565094,0.00973489284515383,0.00999674116975153,,pixel_masking,
dimension,BBB,L64,representation_cosine,0.973806631565094,L64,0.973806631565094,0.0,0.0,,pixel_masking,
dimension,BBB,L128,representation_cosine,0.9585764169692993,L64,0.973806631565094,-0.015230214595794656,-0.015639875620174347,,pixel_masking,
dimension,BBB,L16,prediction_js_divergence,0.06844354197382926,L64,0.05024620294570923,0.018197339028120034,0.3621634663104793,,pixel_masking,
dimension,BBB,L32,prediction_js_divergence,0.05810521915555,L64,0.05024620294570923,0.007859016209840773,0.15641015139344938,,pixel_masking,
dimension,BBB,L64,prediction_js_divergence,0.05024620294570923,L64,0.05024620294570923,0.0,0.0,,pixel_masking,
dimension,BBB,L128,prediction_js_divergence,0.06087147817015648,L64,0.05024620294570923,0.010625275224447249,0.21146424209837988,,pixel_masking,
dimension,BBB,L16,accuracy,0.18031999999999998,L64,0.3562,-0.17588000000000004,-0.49376754632090475,,salt_pepper,
dimension,BBB,L32,accuracy,0.27832,L64,0.3562,-0.07788,-0.21864121280118295,,salt_pepper,
dimension,BBB,L64,accuracy,0.3562,L64,0.3562,0.0,0.0,,salt_pepper,
dimension,BBB,L128,accuracy,0.21738,L64,0.3562,-0.13882000000000003,-0.3897248736653855,,salt_pepper,
dimension,BBB,L16,accuracy_absolute_degradation,0.7001200000000001,L64,0.5596400000000001,0.14047999999999994,0.25101851190005875,,salt_pepper,
dimension,BBB,L32,accuracy_absolute_degradation,0.64592,L64,0.5596400000000001,0.08627999999999991,0.15417053820285492,,salt_pepper,
dimension,BBB,L64,accuracy_absolute_degradation,0.5596400000000001,L64,0.5596400000000001,0.0,0.0,,salt_pepper,
dimension,BBB,L128,accuracy_absolute_degradation,0.7072,L64,0.5596400000000001,0.1475599999999999,0.2636695018221289,,salt_pepper,
dimension,BBB,L16,system_reconstruction_mse_increase,0.0717523608018914,L64,0.05738937523077945,0.014362985571111951,0.25027255503486345,,salt_pepper,
dimension,BBB,L32,system_reconstruction_mse_increase,0.0700810503493523,L64,0.05738937523077945,0.012691675118572852,0.22115025764463836,,salt_pepper,
dimension,BBB,L64,system_reconstruction_mse_increase,0.05738937523077945,L64,0.05738937523077945,0.0,0.0,,salt_pepper,
dimension,BBB,L128,system_reconstruction_mse_increase,0.05694393243653434,L64,0.05738937523077945,-0.0004454427942451114,-0.007761764132229947,,salt_pepper,
dimension,BBB,L16,standardized_reconstruction_mse_increase,0.0705149064206104,L64,0.05762233668375989,0.012892569736850504,0.22374257065247347,,salt_pepper,
dimension,BBB,L32,standardized_reconstruction_mse_increase,0.06813823318354936,L64,0.05762233668375989,0.01051589649978947,0.18249687716275384,,salt_pepper,
dimension,BBB,L64,standardized_reconstruction_mse_increase,0.05762233668375989,L64,0.05762233668375989,0.0,0.0,,salt_pepper,
dimension,BBB,L128,standardized_reconstruction_mse_increase,0.05862902918236597,L64,0.05762233668375989,0.0010066924986060766,0.017470525433799865,,salt_pepper,
dimension,BBB,L16,representation_cosine,0.8716099619865417,L64,0.8851604223251343,-0.01355046033859253,-0.015308479679856168,,salt_pepper,
dimension,BBB,L32,representation_cosine,0.866549301147461,L64,0.8851604223251343,-0.018611121177673273,-0.02102570416418378,,salt_pepper,
dimension,BBB,L64,representation_cosine,0.8851604223251343,L64,0.8851604223251343,0.0,0.0,,salt_pepper,
dimension,BBB,L128,representation_cosine,0.8530260443687439,L64,0.8851604223251343,-0.0321343779563904,-0.03630345092920411,,salt_pepper,
dimension,BBB,L16,prediction_js_divergence,0.47353569269180296,L64,0.3603508293628693,0.11318486332893368,0.314096303118658,,salt_pepper,
dimension,BBB,L32,prediction_js_divergence,0.4232052743434906,L64,0.3603508293628693,0.06285444498062132,0.17442569812196315,,salt_pepper,
dimension,BBB,L64,prediction_js_divergence,0.3603508293628693,L64,0.3603508293628693,0.0,0.0,,salt_pepper,
dimension,BBB,L128,prediction_js_divergence,0.4915375292301178,L64,0.3603508293628693,0.1311866998672485,0.3640527207855568,,salt_pepper,
dimension,HBB,L16,accuracy,0.35658,L64,0.67516,-0.31858,-0.47185852242361537,,gaussian,
dimension,HBB,L32,accuracy,0.41374000000000005,L64,0.67516,-0.26141999999999993,-0.3871971088328881,,gaussian,
dimension,HBB,L64,accuracy,0.67516,L64,0.67516,0.0,0.0,,gaussian,
dimension,HBB,L128,accuracy,0.32582,L64,0.67516,-0.34934,-0.5174180934881845,,gaussian,
dimension,HBB,L16,accuracy_absolute_degradation,0.51016,L64,0.24122,0.26893999999999996,1.1149158444527196,,gaussian,
dimension,HBB,L32,accuracy_absolute_degradation,0.5044199999999999,L64,0.24122,0.2631999999999999,1.0911201392874088,,gaussian,
dimension,HBB,L64,accuracy_absolute_degradation,0.24122,L64,0.24122,0.0,0.0,,gaussian,
dimension,HBB,L128,accuracy_absolute_degradation,0.60046,L64,0.24122,0.35924,1.4892629135167512,,gaussian,
dimension,HBB,L16,system_reconstruction_mse_increase,0.039108114429201396,L64,0.029048188658003904,0.010059925771197492,0.3463185222765783,,gaussian,
dimension,HBB,L32,system_reconstruction_mse_increase,0.03815882043332469,L64,0.029048188658003904,0.009110631775320788,0.3136385501440489,,gaussian,
dimension,HBB,L64,system_reconstruction_mse_increase,0.029048188658003904,L64,0.029048188658003904,0.0,0.0,,gaussian,
dimension,HBB,L128,system_reconstruction_mse_increase,0.025869799618331753,L64,0.029048188658003904,-0.003178389039672151,-0.10941780490973795,,gaussian,
dimension,HBB,L16,standardized_reconstruction_mse_increase,0.03773913186053841,L64,0.028708221731575168,0.009030910128963239,0.31457574116183873,,gaussian,
dimension,HBB,L32,standardized_reconstruction_mse_increase,0.03818162166021307,L64,0.028708221731575168,0.009473399928637903,0.3299890887316247,,gaussian,
dimension,HBB,L64,standardized_reconstruction_mse_increase,0.028708221731575168,L64,0.028708221731575168,0.0,0.0,,gaussian,
dimension,HBB,L128,standardized_reconstruction_mse_increase,0.025975171367489565,L64,0.028708221731575168,-0.0027330503640856027,-0.09520096331792002,,gaussian,
dimension,HBB,L16,representation_cosine,0.9305413722991943,L64,0.9341599464416503,-0.0036185741424560325,-0.003873613031939368,,gaussian,
dimension,HBB,L32,representation_cosine,0.9271828055381774,L64,0.9341599464416503,-0.0069771409034729,-0.007468893234014545,,gaussian,
dimension,HBB,L64,representation_cosine,0.9341599464416503,L64,0.9341599464416503,0.0,0.0,,gaussian,
dimension,HBB,L128,representation_cosine,0.9090594053268433,L64,0.9341599464416503,-0.025100541114807084,-0.02686963962690949,,gaussian,
dimension,HBB,L16,prediction_js_divergence,0.31516988277435304,L64,0.15505194365978242,0.16011793911457062,1.0326728922848682,,gaussian,
dimension,HBB,L32,prediction_js_divergence,0.31658868193626405,L64,0.15505194365978242,0.16153673827648163,1.0418233687536766,,gaussian,
dimension,HBB,L64,prediction_js_divergence,0.15505194365978242,L64,0.15505194365978242,0.0,0.0,,gaussian,
dimension,HBB,L128,prediction_js_divergence,0.39824482798576355,L64,0.15505194365978242,0.24319288432598113,1.568460727316199,,gaussian,
dimension,HBB,L16,accuracy,0.7757,L64,0.84752,-0.0718200000000001,-0.0847413630355807,,pixel_masking,
dimension,HBB,L32,accuracy,0.83862,L64,0.84752,-0.008900000000000019,-0.010501227109672358,,pixel_masking,
dimension,HBB,L64,accuracy,0.84752,L64,0.84752,0.0,0.0,,pixel_masking,
dimension,HBB,L128,accuracy,0.84182,L64,0.84752,-0.005700000000000038,-0.006725505002823901,,pixel_masking,
dimension,HBB,L16,accuracy_absolute_degradation,0.09103999999999997,L64,0.06885999999999999,0.022179999999999978,0.3221028173058071,,pixel_masking,
dimension,HBB,L32,accuracy_absolute_degradation,0.07953999999999997,L64,0.06885999999999999,0.010679999999999981,0.1550972988650143,,pixel_masking,
dimension,HBB,L64,accuracy_absolute_degradation,0.06885999999999999,L64,0.06885999999999999,0.0,0.0,,pixel_masking,
dimension,HBB,L128,accuracy_absolute_degradation,0.08446000000000001,L64,0.06885999999999999,0.015600000000000017,0.22654661631968445,,pixel_masking,
dimension,HBB,L16,system_reconstruction_mse_increase,0.020063575156659498,L64,0.0275888919760743,-0.0075253168194148005,-0.27276618523383095,,pixel_masking,
dimension,HBB,L32,system_reconstruction_mse_increase,0.023339091645844127,L64,0.0275888919760743,-0.004249800330230171,-0.15404026858931677,,pixel_masking,
dimension,HBB,L64,system_reconstruction_mse_increase,0.0275888919760743,L64,0.0275888919760743,0.0,0.0,,pixel_masking,
dimension,HBB,L128,system_reconstruction_mse_increase,0.029576904598644798,L64,0.0275888919760743,0.0019880126225704994,0.07205844381943609,,pixel_masking,
dimension,HBB,L16,standardized_reconstruction_mse_increase,0.02063777106927366,L64,0.029475752484263207,-0.008837981414989548,-0.2998390429356541,,pixel_masking,
dimension,HBB,L32,standardized_reconstruction_mse_increase,0.023293155445663297,L64,0.029475752484263207,-0.0061825970385999095,-0.20975196618613828,,pixel_masking,
dimension,HBB,L64,standardized_reconstruction_mse_increase,0.029475752484263207,L64,0.029475752484263207,0.0,0.0,,pixel_masking,
dimension,HBB,L128,standardized_reconstruction_mse_increase,0.03196907828700786,L64,0.029475752484263207,0.002493325802744653,0.08458904667459209,,pixel_masking,
dimension,HBB,L16,representation_cosine,0.9886613488197327,L64,0.9727904438972473,0.01587090492248533,0.016314824042561633,,pixel_masking,
dimension,HBB,L32,representation_cosine,0.9841226696968078,L64,0.9727904438972473,0.011332225799560502,0.011649195230731357,,pixel_masking,
dimension,HBB,L64,representation_cosine,0.9727904438972473,L64,0.9727904438972473,0.0,0.0,,pixel_masking,
dimension,HBB,L128,representation_cosine,0.9590451836585998,L64,0.9727904438972473,-0.013745260238647528,-0.01412972374971774,,pixel_masking,
dimension,HBB,L16,prediction_js_divergence,0.058847620338201526,L64,0.05067480504512787,0.008172815293073656,0.1612796593027673,,pixel_masking,
dimension,HBB,L32,prediction_js_divergence,0.056495829671621325,L64,0.05067480504512787,0.005821024626493455,0.11487019281464898,,pixel_masking,
dimension,HBB,L64,prediction_js_divergence,0.05067480504512787,L64,0.05067480504512787,0.0,0.0,,pixel_masking,
dimension,HBB,L128,prediction_js_divergence,0.06053750738501549,L64,0.05067480504512787,0.009862702339887619,0.19462733662043444,,pixel_masking,
dimension,HBB,L16,accuracy,0.21322000000000002,L64,0.4015600000000001,-0.18834000000000006,-0.46902081880548613,,salt_pepper,
dimension,HBB,L32,accuracy,0.2612,L64,0.4015600000000001,-0.1403600000000001,-0.3495368064539559,,salt_pepper,
dimension,HBB,L64,accuracy,0.4015600000000001,L64,0.4015600000000001,0.0,0.0,,salt_pepper,
dimension,HBB,L128,accuracy,0.20092000000000004,L64,0.4015600000000001,-0.20064000000000004,-0.49965135969593677,,salt_pepper,
dimension,HBB,L16,accuracy_absolute_degradation,0.65352,L64,0.51482,0.13869999999999993,0.2694145526586584,,salt_pepper,
dimension,HBB,L32,accuracy_absolute_degradation,0.65696,L64,0.51482,0.14213999999999993,0.2760964997469481,,salt_pepper,
dimension,HBB,L64,accuracy_absolute_degradation,0.51482,L64,0.51482,0.0,0.0,,salt_pepper,
dimension,HBB,L128,accuracy_absolute_degradation,0.72536,L64,0.51482,0.21053999999999995,0.4089584709210811,,salt_pepper,
dimension,HBB,L16,system_reconstruction_mse_increase,0.05995228691081611,L64,0.05610331153874495,0.003848975372071163,0.0686051369595974,,salt_pepper,
dimension,HBB,L32,system_reconstruction_mse_increase,0.0654049416413599,L64,0.05610331153874495,0.009301630102614956,0.16579467142550858,,salt_pepper,
dimension,HBB,L64,system_reconstruction_mse_increase,0.05610331153874495,L64,0.05610331153874495,0.0,0.0,,salt_pepper,
dimension,HBB,L128,system_reconstruction_mse_increase,0.05421347209511971,L64,0.05610331153874495,-0.001889839443625238,-0.033684989205787434,,salt_pepper,
dimension,HBB,L16,standardized_reconstruction_mse_increase,0.059079798977910256,L64,0.056986248437725776,0.00209355054018448,0.03673782004505107,,salt_pepper,
dimension,HBB,L32,standardized_reconstruction_mse_increase,0.06570156534593934,L64,0.056986248437725776,0.00871531690821356,0.1529371935684566,,salt_pepper,
dimension,HBB,L64,standardized_reconstruction_mse_increase,0.056986248437725776,L64,0.056986248437725776,0.0,0.0,,salt_pepper,
dimension,HBB,L128,standardized_reconstruction_mse_increase,0.05518280491926233,L64,0.056986248437725776,-0.0018034435184634476,-0.03164699498340538,,salt_pepper,
dimension,HBB,L16,representation_cosine,0.8810771465301513,L64,0.895839536190033,-0.014762389659881636,-0.016478832495659842,,salt_pepper,
dimension,HBB,L32,representation_cosine,0.8776408910751343,L64,0.895839536190033,-0.01819864511489866,-0.020314625978974314,,salt_pepper,
dimension,HBB,L64,representation_cosine,0.895839536190033,L64,0.895839536190033,0.0,0.0,,salt_pepper,
dimension,HBB,L128,representation_cosine,0.863033390045166,L64,0.895839536190033,-0.03280614614486699,-0.036620560736081706,,salt_pepper,
dimension,HBB,L16,prediction_js_divergence,0.4322234809398651,L64,0.33091185986995697,0.10131162106990815,0.3061589303853172,,salt_pepper,
dimension,HBB,L32,prediction_js_divergence,0.43560458421707154,L64,0.33091185986995697,0.10469272434711457,0.31637646468138303,,salt_pepper,
dimension,HBB,L64,prediction_js_divergence,0.33091185986995697,L64,0.33091185986995697,0.0,0.0,,salt_pepper,
dimension,HBB,L128,prediction_js_divergence,0.5050480306148529,L64,0.33091185986995697,0.17413617074489596,0.5262312774549768,,salt_pepper,
dimension,HHB,L16,accuracy,0.30508,L64,0.49168,-0.1866,-0.37951513179226426,,gaussian,
dimension,HHB,L32,accuracy,0.44576000000000005,L64,0.49168,-0.04591999999999996,-0.09339407744855713,,gaussian,
dimension,HHB,L64,accuracy,0.49168,L64,0.49168,0.0,0.0,,gaussian,
dimension,HHB,L128,accuracy,0.19749999999999998,L64,0.49168,-0.29418,-0.5983159778705697,,gaussian,
dimension,HHB,L16,accuracy_absolute_degradation,0.42862,L64,0.42817999999999995,0.00044000000000005146,0.0010276052127587089,,gaussian,
dimension,HHB,L32,accuracy_absolute_degradation,0.46264000000000005,L64,0.42817999999999995,0.0344600000000001,0.08048017189013879,,gaussian,
dimension,HHB,L64,accuracy_absolute_degradation,0.42817999999999995,L64,0.42817999999999995,0.0,0.0,,gaussian,
dimension,HHB,L128,accuracy_absolute_degradation,0.7366999999999999,L64,0.42817999999999995,0.30851999999999996,0.7205380914551812,,gaussian,
dimension,HHB,L16,system_reconstruction_mse_increase,0.06228756011709875,L64,0.04750289347736203,0.014784666639736724,0.31123718066713696,,gaussian,
dimension,HHB,L32,system_reconstruction_mse_increase,0.07553677250005761,L64,0.04750289347736203,0.02803387902269558,0.5901509775497202,,gaussian,
dimension,HHB,L64,system_reconstruction_mse_increase,0.04750289347736203,L64,0.04750289347736203,0.0,0.0,,gaussian,
dimension,HHB,L128,system_reconstruction_mse_increase,0.047470020277451494,L64,0.04750289347736203,-3.287319991053528e-05,-0.0006920252115907277,,gaussian,
dimension,HHB,L16,standardized_reconstruction_mse_increase,0.0625479203010092,L64,0.05355925853242679,0.008988661768582408,0.16782647883320692,,gaussian,
dimension,HHB,L32,standardized_reconstruction_mse_increase,0.07275601409230914,L64,0.05355925853242679,0.01919675555988235,0.35842086103379295,,gaussian,
dimension,HHB,L64,standardized_reconstruction_mse_increase,0.05355925853242679,L64,0.05355925853242679,0.0,0.0,,gaussian,
dimension,HHB,L128,standardized_reconstruction_mse_increase,0.05039471613407135,L64,0.05355925853242679,-0.0031645423983554383,-0.05908488065383542,,gaussian,
dimension,HHB,L16,representation_cosine,0.9328058004379273,L64,0.9102998733520508,0.02250592708587651,0.02472364079649587,,gaussian,
dimension,HHB,L32,representation_cosine,0.9191253662109375,L64,0.9102998733520508,0.008825492858886785,0.009695148947322665,,gaussian,
dimension,HHB,L64,representation_cosine,0.9102998733520508,L64,0.9102998733520508,0.0,0.0,,gaussian,
dimension,HHB,L128,representation_cosine,0.8708785533905029,L64,0.9102998733520508,-0.03942131996154785,-0.043305861195323585,,gaussian,
dimension,HHB,L16,prediction_js_divergence,0.28831138610839846,L64,0.2709861546754837,0.017325231432914756,0.06393400966775757,,gaussian,
dimension,HHB,L32,prediction_js_divergence,0.2972098648548126,L64,0.2709861546754837,0.026223710179328896,0.09677140225350636,,gaussian,
dimension,HHB,L64,prediction_js_divergence,0.2709861546754837,L64,0.2709861546754837,0.0,0.0,,gaussian,
dimension,HHB,L128,prediction_js_divergence,0.5138678133487702,L64,0.2709861546754837,0.24288165867328648,0.8962880740650765,,gaussian,
dimension,HHB,L16,accuracy,0.66368,L64,0.8270800000000001,-0.1634000000000001,-0.19756250906780784,,pixel_masking,
dimension,HHB,L32,accuracy,0.8232199999999998,L64,0.8270800000000001,-0.0038600000000003076,-0.004667021328040383,,pixel_masking,
dimension,HHB,L64,accuracy,0.8270800000000001,L64,0.8270800000000001,0.0,0.0,,pixel_masking,
dimension,HHB,L128,accuracy,0.8375199999999999,L64,0.8270800000000001,0.010439999999999783,0.012622720897600182,,pixel_masking,
dimension,HHB,L16,accuracy_absolute_degradation,0.07002,L64,0.09277999999999997,-0.022759999999999975,-0.24531148954251636,,pixel_masking,
dimension,HHB,L32,accuracy_absolute_degradation,0.08517999999999996,L64,0.09277999999999997,-0.0076000000000000095,-0.08191420564688615,,pixel_masking,
dimension,HHB,L64,accuracy_absolute_degradation,0.09277999999999997,L64,0.09277999999999997,0.0,0.0,,pixel_masking,
dimension,HHB,L128,accuracy_absolute_degradation,0.09667999999999999,L64,0.09277999999999997,0.0039000000000000146,0.04203492131879694,,pixel_masking,
dimension,HHB,L16,system_reconstruction_mse_increase,0.017202920948534595,L64,0.02859697769388861,-0.011394056745354014,-0.3984356971887479,,pixel_masking,
dimension,HHB,L32,system_reconstruction_mse_increase,0.022647545620859886,L64,0.02859697769388861,-0.005949432073028723,-0.20804408551509687,,pixel_masking,
dimension,HHB,L64,system_reconstruction_mse_increase,0.02859697769388861,L64,0.02859697769388861,0.0,0.0,,pixel_masking,
dimension,HHB,L128,system_reconstruction_mse_increase,0.02879246623097633,L64,0.02859697769388861,0.00019548853708772213,0.006835985927375239,,pixel_masking,
dimension,HHB,L16,standardized_reconstruction_mse_increase,0.017554322465390577,L64,0.028316838641069368,-0.01076251617567879,-0.38007477853439775,,pixel_masking,
dimension,HHB,L32,standardized_reconstruction_mse_increase,0.02375888511832879,L64,0.028316838641069368,-0.0045579535227405765,-0.16096265477774696,,pixel_masking,
dimension,HHB,L64,standardized_reconstruction_mse_increase,0.028316838641069368,L64,0.028316838641069368,0.0,0.0,,pixel_masking,
dimension,HHB,L128,standardized_reconstruction_mse_increase,0.030079045054863907,L64,0.028316838641069368,0.001762206413794539,0.06223174966913463,,pixel_masking,
dimension,HHB,L16,representation_cosine,0.9924044132232666,L64,0.9737095713615418,0.018694841861724765,0.019199607779930208,,pixel_masking,
dimension,HHB,L32,representation_cosine,0.9868245005607605,L64,0.9737095713615418,0.01311492919921875,0.013469035927074872,,pixel_masking,
dimension,HHB,L64,representation_cosine,0.9737095713615418,L64,0.9737095713615418,0.0,0.0,,pixel_masking,
dimension,HHB,L128,representation_cosine,0.9625824451446533,L64,0.9737095713615418,-0.011127126216888494,-0.011427561712593586,,pixel_masking,
dimension,HHB,L16,prediction_js_divergence,0.047895117104053496,L64,0.0637996718287468,-0.0159045547246933,-0.24928897388587742,,pixel_masking,
dimension,HHB,L32,prediction_js_divergence,0.059521840512752534,L64,0.0637996718287468,-0.004277831315994261,-0.06705099247861192,,pixel_masking,
dimension,HHB,L64,prediction_js_divergence,0.0637996718287468,L64,0.0637996718287468,0.0,0.0,,pixel_masking,
dimension,HHB,L128,prediction_js_divergence,0.07025745213031769,L64,0.0637996718287468,0.0064577803015708896,0.1012196476308508,,pixel_masking,
dimension,HHB,L16,accuracy,0.22510000000000002,L64,0.35302,-0.12791999999999998,-0.3623590731393055,,salt_pepper,
dimension,HHB,L32,accuracy,0.29884000000000005,L64,0.35302,-0.05417999999999995,-0.15347572375459317,,salt_pepper,
dimension,HHB,L64,accuracy,0.35302,L64,0.35302,0.0,0.0,,salt_pepper,
dimension,HHB,L128,accuracy,0.15678,L64,0.35302,-0.19624,-0.5558891847471648,,salt_pepper,
dimension,HHB,L16,accuracy_absolute_degradation,0.5086,L64,0.56684,-0.05823999999999996,-0.10274504269264204,,salt_pepper,
dimension,HHB,L32,accuracy_absolute_degradation,0.60956,L64,0.56684,0.04271999999999998,0.07536518241465778,,salt_pepper,
dimension,HHB,L64,accuracy_absolute_degradation,0.56684,L64,0.56684,0.0,0.0,,salt_pepper,
dimension,HHB,L128,accuracy_absolute_degradation,0.77742,L64,0.56684,0.21058,0.37149812998311427,,salt_pepper,
dimension,HHB,L16,system_reconstruction_mse_increase,0.0846170936232197,L64,0.07130634225173874,0.013310751371480967,0.18666995039939419,,salt_pepper,
dimension,HHB,L32,system_reconstruction_mse_increase,0.1041698713732739,L64,0.07130634225173874,0.03286352912153516,0.46087806614807725,,salt_pepper,
dimension,HHB,L64,system_reconstruction_mse_increase,0.07130634225173874,L64,0.07130634225173874,0.0,0.0,,salt_pepper,
dimension,HHB,L128,system_reconstruction_mse_increase,0.07087195618960322,L64,0.07130634225173874,-0.0004343860621355139,-0.006091829259673321,,salt_pepper,
dimension,HHB,L16,standardized_reconstruction_mse_increase,0.0849758942966072,L64,0.0784105404108398,0.0065653538857674,0.08373050168107307,,salt_pepper,
dimension,HHB,L32,standardized_reconstruction_mse_increase,0.10178486605371748,L64,0.0784105404108398,0.023374325642877683,0.2981018306991316,,salt_pepper,
dimension,HHB,L64,standardized_reconstruction_mse_increase,0.0784105404108398,L64,0.0784105404108398,0.0,0.0,,salt_pepper,
dimension,HHB,L128,standardized_reconstruction_mse_increase,0.07539192733813306,L64,0.0784105404108398,-0.003018613072706733,-0.03849754199948008,,salt_pepper,
dimension,HHB,L16,representation_cosine,0.9066322088241577,L64,0.8786177635192871,0.028014445304870628,0.03188467894460431,,salt_pepper,
dimension,HHB,L32,representation_cosine,0.8902766823768615,L64,0.8786177635192871,0.011658918857574418,0.013269614321091763,,salt_pepper,
dimension,HHB,L64,representation_cosine,0.8786177635192871,L64,0.8786177635192871,0.0,0.0,,salt_pepper,
dimension,HHB,L128,representation_cosine,0.8315295577049255,L64,0.8786177635192871,-0.04708820581436157,-0.05359350535515814,,salt_pepper,
dimension,HHB,L16,prediction_js_divergence,0.3524958312511444,L64,0.3800286591053009,-0.027532827854156505,-0.07244934610696051,,salt_pepper,
dimension,HHB,L32,prediction_js_divergence,0.40902031064033506,L64,0.3800286591053009,0.028991651535034135,0.07628806628219227,,salt_pepper,
dimension,HHB,L64,prediction_js_divergence,0.3800286591053009,L64,0.3800286591053009,0.0,0.0,,salt_pepper,
dimension,HHB,L128,prediction_js_divergence,0.5514759659767151,L64,0.3800286591053009,0.17144730687141418,0.4511430987194502,,salt_pepper,
dimension,HHH,L16,accuracy,0.29002,L64,0.37901999999999997,-0.08899999999999997,-0.23481610469042574,,gaussian,
dimension,HHH,L32,accuracy,0.38408,L64,0.37901999999999997,0.005060000000000009,0.013350218985770301,,gaussian,
dimension,HHH,L64,accuracy,0.37901999999999997,L64,0.37901999999999997,0.0,0.0,,gaussian,
dimension,HHH,L128,accuracy,0.36688,L64,0.37901999999999997,-0.012139999999999984,-0.03202997203305355,,gaussian,
dimension,HHH,L16,accuracy_absolute_degradation,0.39008000000000004,L64,0.51508,-0.12499999999999994,-0.24268074862110212,,gaussian,
dimension,HHH,L32,accuracy_absolute_degradation,0.42607999999999996,L64,0.51508,-0.08900000000000002,-0.17278869301822483,,gaussian,
dimension,HHH,L64,accuracy_absolute_degradation,0.51508,L64,0.51508,0.0,0.0,,gaussian,
dimension,HHH,L128,accuracy_absolute_degradation,0.56212,L64,0.51508,0.04703999999999997,0.09132561932109313,,gaussian,
dimension,HHH,L16,system_reconstruction_mse_increase,0.035840418937838806,L64,0.05300173214114441,-0.017161313203305606,-0.3237877803178391,,gaussian,
dimension,HHH,L32,system_reconstruction_mse_increase,0.04523302337646484,L64,0.05300173214114441,-0.007768708764679569,-0.14657462031325327,,gaussian,
dimension,HHH,L64,system_reconstruction_mse_increase,0.05300173214114441,L64,0.05300173214114441,0.0,0.0,,gaussian,
dimension,HHH,L128,system_reconstruction_mse_increase,0.06215411437910431,L64,0.05300173214114441,0.009152382237959895,0.17268081377820413,,gaussian,
dimension,HHH,L16,standardized_reconstruction_mse_increase,0.037488728650929976,L64,0.05139116678666096,-0.013902438135730985,-0.2705219399507576,,gaussian,
dimension,HHH,L32,standardized_reconstruction_mse_increase,0.04657676973498598,L64,0.05139116678666096,-0.004814397051674982,-0.09368141166296541,,gaussian,
dimension,HHH,L64,standardized_reconstruction_mse_increase,0.05139116678666096,L64,0.05139116678666096,0.0,0.0,,gaussian,
dimension,HHH,L128,standardized_reconstruction_mse_increase,0.06323822714980767,L64,0.05139116678666096,0.011847060363146714,0.23052717234649744,,gaussian,
dimension,HHH,L16,representation_cosine,0.9997158050537109,L64,0.9997284889221192,-1.2683868408247534e-05,-1.2687313154304783e-05,,gaussian,
dimension,HHH,L32,representation_cosine,0.9997511625289917,L64,0.9997284889221192,2.2673606872469776e-05,2.2679764679801394e-05,,gaussian,
dimension,HHH,L64,representation_cosine,0.9997284889221192,L64,0.9997284889221192,0.0,0.0,,gaussian,
dimension,HHH,L128,representation_cosine,0.9996451139450073,L64,0.9997284889221192,-8.337497711186082e-05,-8.339762048960925e-05,,gaussian,
dimension,HHH,L16,prediction_js_divergence,0.2925270050764084,L64,0.34637546837329863,-0.05384846329689025,-0.15546269356090997,,gaussian,
dimension,HHH,L32,prediction_js_divergence,0.30058349668979645,L64,0.34637546837329863,-0.045791971683502186,-0.13220327611082053,,gaussian,
dimension,HHH,L64,prediction_js_divergence,0.34637546837329863,L64,0.34637546837329863,0.0,0.0,,gaussian,
dimension,HHH,L128,prediction_js_divergence,0.3832890748977661,L64,0.34637546837329863,0.03691360652446746,0.10657107646139088,,gaussian,
dimension,HHH,L16,accuracy,0.5335,L64,0.8023,-0.26880000000000004,-0.3350367692878786,,pixel_masking,
dimension,HHH,L32,accuracy,0.6859200000000001,L64,0.8023,-0.11637999999999993,-0.14505795836950625,,pixel_masking,
dimension,HHH,L64,accuracy,0.8023,L64,0.8023,0.0,0.0,,pixel_masking,
dimension,HHH,L128,accuracy,0.84202,L64,0.8023,0.03971999999999998,0.0495076654617356,,pixel_masking,
dimension,HHH,L16,accuracy_absolute_degradation,0.1466,L64,0.09179999999999999,0.054800000000000015,0.5969498910610356,,pixel_masking,
dimension,HHH,L32,accuracy_absolute_degradation,0.12423999999999999,L64,0.09179999999999999,0.03244,0.35337690631423335,,pixel_masking,
dimension,HHH,L64,accuracy_absolute_degradation,0.09179999999999999,L64,0.09179999999999999,0.0,0.0,,pixel_masking,
dimension,HHH,L128,accuracy_absolute_degradation,0.08698000000000002,L64,0.09179999999999999,-0.004819999999999977,-0.052505446622521476,,pixel_masking,
dimension,HHH,L16,system_reconstruction_mse_increase,0.01618614268555933,L64,0.021220813138533613,-0.005034670452974285,-0.23725153319383763,,pixel_masking,
dimension,HHH,L32,system_reconstruction_mse_increase,0.018429310737921267,L64,0.021220813138533613,-0.0027915024006123466,-0.13154549650182246,,pixel_masking,
dimension,HHH,L64,system_reconstruction_mse_increase,0.021220813138533613,L64,0.021220813138533613,0.0,0.0,,pixel_masking,
dimension,HHH,L128,system_reconstruction_mse_increase,0.023195372602501693,L64,0.021220813138533613,0.00197455946396808,0.09304824706691124,,pixel_masking,
dimension,HHH,L16,standardized_reconstruction_mse_increase,0.015551876939267528,L64,0.02144621682536845,-0.005894339886100924,-0.274842874798027,,pixel_masking,
dimension,HHH,L32,standardized_reconstruction_mse_increase,0.018477354244699283,L64,0.02144621682536845,-0.002968862580669168,-0.13843292757438255,,pixel_masking,
dimension,HHH,L64,standardized_reconstruction_mse_increase,0.02144621682536845,L64,0.02144621682536845,0.0,0.0,,pixel_masking,
dimension,HHH,L128,standardized_reconstruction_mse_increase,0.022706359745726296,L64,0.02144621682536845,0.0012601429203578443,0.05875828499544402,,pixel_masking,
dimension,HHH,L16,representation_cosine,0.9999485015869141,L64,0.9999394893646241,9.012222289994654e-06,9.01276765828314e-06,,pixel_masking,
dimension,HHH,L32,representation_cosine,0.9999464631080628,L64,0.9999394893646241,6.973743438720703e-06,6.974165449896319e-06,,pixel_masking,
dimension,HHH,L64,representation_cosine,0.9999394893646241,L64,0.9999394893646241,0.0,0.0,,pixel_masking,
dimension,HHH,L128,representation_cosine,0.9999351978302002,L64,0.9999394893646241,-4.291534423828125e-06,-4.29179412301312e-06,,pixel_masking,
dimension,HHH,L16,prediction_js_divergence,0.09924130439758301,L64,0.0711817428469658,0.028059561550617215,0.3941960456145123,,pixel_masking,
dimension,HHH,L32,prediction_js_divergence,0.08643583208322525,L64,0.0711817428469658,0.015254089236259455,0.2142977767324417,,pixel_masking,
dimension,HHH,L64,prediction_js_divergence,0.0711817428469658,L64,0.0711817428469658,0.0,0.0,,pixel_masking,
dimension,HHH,L128,prediction_js_divergence,0.06781966835260392,L64,0.0711817428469658,-0.0033620744943618774,-0.047232258720368736,,pixel_masking,
dimension,HHH,L16,accuracy,0.20396,L64,0.28472,-0.08075999999999997,-0.2836470918787452,,salt_pepper,
dimension,HHH,L32,accuracy,0.2754,L64,0.28472,-0.009319999999999995,-0.03273391402067738,,salt_pepper,
dimension,HHH,L64,accuracy,0.28472,L64,0.28472,0.0,0.0,,salt_pepper,
dimension,HHH,L128,accuracy,0.26058000000000003,L64,0.28472,-0.02413999999999994,-0.08478505198059552,,salt_pepper,
dimension,HHH,L16,accuracy_absolute_degradation,0.47614,L64,0.60938,-0.13324000000000003,-0.21864846237123203,,salt_pepper,
dimension,HHH,L32,accuracy_absolute_degradation,0.53476,L64,0.60938,-0.07462000000000002,-0.12245232859607727,,salt_pepper,
dimension,HHH,L64,accuracy_absolute_degradation,0.60938,L64,0.60938,0.0,0.0,,salt_pepper,
dimension,HHH,L128,accuracy_absolute_degradation,0.66842,L64,0.60938,0.05903999999999998,0.09688535888920394,,salt_pepper,
dimension,HHH,L16,system_reconstruction_mse_increase,0.05715663660166215,L64,0.08135996836681755,-0.024203331765155406,-0.2974845277192756,,salt_pepper,
dimension,HHH,L32,system_reconstruction_mse_increase,0.06964762218397491,L64,0.08135996836681755,-0.011712346182842642,-0.1439571132807315,,salt_pepper,
dimension,HHH,L64,system_reconstruction_mse_increase,0.08135996836681755,L64,0.08135996836681755,0.0,0.0,,salt_pepper,
dimension,HHH,L128,system_reconstruction_mse_increase,0.09635625071545037,L64,0.08135996836681755,0.014996282348632817,0.18432015952656994,,salt_pepper,
dimension,HHH,L16,standardized_reconstruction_mse_increase,0.05938944817757119,L64,0.07981991257492377,-0.020430464397352577,-0.2559569878997218,,salt_pepper,
dimension,HHH,L32,standardized_reconstruction_mse_increase,0.07168906599122651,L64,0.07981991257492377,-0.008130846583697254,-0.10186488961589989,,salt_pepper,
dimension,HHH,L64,standardized_reconstruction_mse_increase,0.07981991257492377,L64,0.07981991257492377,0.0,0.0,,salt_pepper,
dimension,HHH,L128,standardized_reconstruction_mse_increase,0.09781356427718182,L64,0.07981991257492377,0.017993651702258057,0.22542810586446965,,salt_pepper,
dimension,HHH,L16,representation_cosine,0.9995752096176147,L64,0.9995957851409912,-2.0575523376531457e-05,-2.05838436719786e-05,,salt_pepper,
dimension,HHH,L32,representation_cosine,0.9996275186538697,L64,0.9995957851409912,3.173351287844017e-05,3.174634522286673e-05,,salt_pepper,
dimension,HHH,L64,representation_cosine,0.9995957851409912,L64,0.9995957851409912,0.0,0.0,,salt_pepper,
dimension,HHH,L128,representation_cosine,0.9994628310203553,L64,0.9995957851409912,-0.00013295412063596412,-0.00013300788439907053,,salt_pepper,
dimension,HHH,L16,prediction_js_divergence,0.38949544429779054,L64,0.4243484318256378,-0.03485298752784727,-0.0821329476294283,,salt_pepper,
dimension,HHH,L32,prediction_js_divergence,0.39354113340377805,L64,0.4243484318256378,-0.030807298421859752,-0.07259906273070825,,salt_pepper,
dimension,HHH,L64,prediction_js_divergence,0.4243484318256378,L64,0.4243484318256378,0.0,0.0,,salt_pepper,
dimension,HHH,L128,prediction_js_divergence,0.46851842403411864,L64,0.4243484318256378,0.044169992208480835,0.10408897240022305,,salt_pepper,
architecture,BBB,early_heavy,alignment,1.0,balanced,1.0,0.0,0.0,enc1,,bp_raw
architecture,BBB,balanced,alignment,1.0,balanced,1.0,0.0,0.0,enc1,,bp_raw
architecture,BBB,late_heavy,alignment,1.0,balanced,1.0,0.0,0.0,enc1,,bp_raw
architecture,BBB,early_heavy,norm_ratio,1.0,balanced,1.0,0.0,0.0,enc1,,bp_raw
architecture,BBB,balanced,norm_ratio,1.0,balanced,1.0,0.0,0.0,enc1,,bp_raw
architecture,BBB,late_heavy,norm_ratio,1.0,balanced,1.0,0.0,0.0,enc1,,bp_raw
architecture,BBB,early_heavy,alpha_star,1.0,balanced,1.0,0.0,0.0,enc1,,bp_raw
architecture,BBB,balanced,alpha_star,1.0,balanced,1.0,0.0,0.0,enc1,,bp_raw
architecture,BBB,late_heavy,alpha_star,1.0,balanced,1.0,0.0,0.0,enc1,,bp_raw
architecture,BBB,early_heavy,scale_matched_bias,0.0,balanced,0.0,0.0,0.0,enc1,,bp_raw
architecture,BBB,balanced,scale_matched_bias,0.0,balanced,0.0,0.0,0.0,enc1,,bp_raw
architecture,BBB,late_heavy,scale_matched_bias,0.0,balanced,0.0,0.0,0.0,enc1,,bp_raw
architecture,BBB,early_heavy,update_snr_linear,20.53954968692993,balanced,17.483897284288965,3.055652402640966,0.17476952380557634,enc1,,bp_raw
architecture,BBB,balanced,update_snr_linear,17.483897284288965,balanced,17.483897284288965,0.0,0.0,enc1,,bp_raw
architecture,BBB,late_heavy,update_snr_linear,19.06424429068793,balanced,17.483897284288965,1.5803470063989664,0.09038871486730687,enc1,,bp_raw
architecture,BBB,early_heavy,matched_bp_snr_linear,20.53954968692993,balanced,17.483897284288965,3.055652402640966,0.17476952380557634,enc1,,bp_raw
architecture,BBB,balanced,matched_bp_snr_linear,17.483897284288965,balanced,17.483897284288965,0.0,0.0,enc1,,bp_raw
architecture,BBB,late_heavy,matched_bp_snr_linear,19.06424429068793,balanced,17.483897284288965,1.5803470063989664,0.09038871486730687,enc1,,bp_raw
architecture,BBB,early_heavy,alignment,1.0,balanced,1.0,0.0,0.0,enc2,,bp_raw
architecture,BBB,balanced,alignment,1.0,balanced,1.0,0.0,0.0,enc2,,bp_raw
architecture,BBB,late_heavy,alignment,1.0,balanced,1.0,0.0,0.0,enc2,,bp_raw
architecture,BBB,early_heavy,norm_ratio,1.0,balanced,1.0,0.0,0.0,enc2,,bp_raw
architecture,BBB,balanced,norm_ratio,1.0,balanced,1.0,0.0,0.0,enc2,,bp_raw
architecture,BBB,late_heavy,norm_ratio,1.0,balanced,1.0,0.0,0.0,enc2,,bp_raw
architecture,BBB,early_heavy,alpha_star,1.0,balanced,1.0,0.0,0.0,enc2,,bp_raw
architecture,BBB,balanced,alpha_star,1.0,balanced,1.0,0.0,0.0,enc2,,bp_raw
architecture,BBB,late_heavy,alpha_star,1.0,balanced,1.0,0.0,0.0,enc2,,bp_raw
architecture,BBB,early_heavy,scale_matched_bias,0.0,balanced,0.0,0.0,0.0,enc2,,bp_raw
architecture,BBB,balanced,scale_matched_bias,0.0,balanced,0.0,0.0,0.0,enc2,,bp_raw
architecture,BBB,late_heavy,scale_matched_bias,0.0,balanced,0.0,0.0,0.0,enc2,,bp_raw
architecture,BBB,early_heavy,update_snr_linear,11.013988251676768,balanced,6.921942380439956,4.092045871236812,0.5911701725226052,enc2,,bp_raw
architecture,BBB,balanced,update_snr_linear,6.921942380439956,balanced,6.921942380439956,0.0,0.0,enc2,,bp_raw
architecture,BBB,late_heavy,update_snr_linear,10.385792735347385,balanced,6.921942380439956,3.4638503549074295,0.500415947508475,enc2,,bp_raw
architecture,BBB,early_heavy,matched_bp_snr_linear,11.013988251676768,balanced,6.921942380439956,4.092045871236812,0.5911701725226052,enc2,,bp_raw
architecture,BBB,balanced,matched_bp_snr_linear,6.921942380439956,balanced,6.921942380439956,0.0,0.0,enc2,,bp_raw
architecture,BBB,late_heavy,matched_bp_snr_linear,10.385792735347385,balanced,6.921942380439956,3.4638503549074295,0.500415947508475,enc2,,bp_raw
architecture,BBB,early_heavy,alignment,1.0,balanced,1.0,0.0,0.0,enc3,,bp_raw
architecture,BBB,balanced,alignment,1.0,balanced,1.0,0.0,0.0,enc3,,bp_raw
architecture,BBB,late_heavy,alignment,1.0,balanced,1.0,0.0,0.0,enc3,,bp_raw
architecture,BBB,early_heavy,norm_ratio,1.0,balanced,1.0,0.0,0.0,enc3,,bp_raw
architecture,BBB,balanced,norm_ratio,1.0,balanced,1.0,0.0,0.0,enc3,,bp_raw
architecture,BBB,late_heavy,norm_ratio,1.0,balanced,1.0,0.0,0.0,enc3,,bp_raw
architecture,BBB,early_heavy,alpha_star,1.0,balanced,1.0,0.0,0.0,enc3,,bp_raw
architecture,BBB,balanced,alpha_star,1.0,balanced,1.0,0.0,0.0,enc3,,bp_raw
architecture,BBB,late_heavy,alpha_star,1.0,balanced,1.0,0.0,0.0,enc3,,bp_raw
architecture,BBB,early_heavy,scale_matched_bias,0.0,balanced,0.0,0.0,0.0,enc3,,bp_raw
architecture,BBB,balanced,scale_matched_bias,0.0,balanced,0.0,0.0,0.0,enc3,,bp_raw
architecture,BBB,late_heavy,scale_matched_bias,0.0,balanced,0.0,0.0,0.0,enc3,,bp_raw
architecture,BBB,early_heavy,update_snr_linear,5.883068641639554,balanced,5.736492502147075,0.1465761394924785,0.025551526379157977,enc3,,bp_raw
architecture,BBB,balanced,update_snr_linear,5.736492502147075,balanced,5.736492502147075,0.0,0.0,enc3,,bp_raw
architecture,BBB,late_heavy,update_snr_linear,3.8627729602173893,balanced,5.736492502147075,-1.873719541929686,-0.3266315681974755,enc3,,bp_raw
architecture,BBB,early_heavy,matched_bp_snr_linear,5.883068641639554,balanced,5.736492502147075,0.1465761394924785,0.025551526379157977,enc3,,bp_raw
architecture,BBB,balanced,matched_bp_snr_linear,5.736492502147075,balanced,5.736492502147075,0.0,0.0,enc3,,bp_raw
architecture,BBB,late_heavy,matched_bp_snr_linear,3.8627729602173893,balanced,5.736492502147075,-1.873719541929686,-0.3266315681974755,enc3,,bp_raw
architecture,HBB,early_heavy,alignment,0.279680516205764,balanced,0.368008968796854,-0.08832845259109001,-0.2400171193643069,enc1,,hebbian_effective
architecture,HBB,balanced,alignment,0.368008968796854,balanced,0.368008968796854,0.0,0.0,enc1,,hebbian_effective
architecture,HBB,late_heavy,alignment,0.7961097731002559,balanced,0.368008968796854,0.42810080430340186,1.163289051627859,enc1,,hebbian_effective
architecture,HBB,early_heavy,norm_ratio,0.07917983921922016,balanced,0.045466787561505226,0.03371305165771493,0.7414874343468426,enc1,,hebbian_effective
architecture,HBB,balanced,norm_ratio,0.045466787561505226,balanced,0.045466787561505226,0.0,0.0,enc1,,hebbian_effective
architecture,HBB,late_heavy,norm_ratio,0.017541869932313804,balanced,0.045466787561505226,-0.02792491762919142,-0.6141827722225105,enc1,,hebbian_effective
architecture,HBB,early_heavy,alpha_star,3.7878465473791487,balanced,8.2832925313338,-4.495445983954651,-0.5427124500250191,enc1,,hebbian_effective
architecture,HBB,balanced,alpha_star,8.2832925313338,balanced,8.2832925313338,0.0,0.0,enc1,,hebbian_effective
architecture,HBB,late_heavy,alpha_star,276.64171631780846,balanced,8.2832925313338,268.35842378647465,32.397554809431604,enc1,,hebbian_effective
architecture,HBB,early_heavy,scale_matched_bias,0.9579412804939078,balanced,0.9213720664684695,0.036569214025438335,0.03968995301275512,enc1,,hebbian_effective
architecture,HBB,balanced,scale_matched_bias,0.9213720664684695,balanced,0.9213720664684695,0.0,0.0,enc1,,hebbian_effective
architecture,HBB,late_heavy,scale_matched_bias,0.49489289736138103,balanced,0.9213720664684695,-0.42647916910708844,-0.46287399480350994,enc1,,hebbian_effective
architecture,HBB,early_heavy,update_snr_linear,461.6771976753463,balanced,453.0917662156218,8.585431459724475,0.018948548836878965,enc1,,hebbian_effective
architecture,HBB,balanced,update_snr_linear,453.0917662156218,balanced,453.0917662156218,0.0,0.0,enc1,,hebbian_effective
architecture,HBB,late_heavy,update_snr_linear,549.0510712878232,balanced,453.0917662156218,95.9593050722014,0.2117877927327753,enc1,,hebbian_effective
architecture,HBB,early_heavy,matched_bp_snr_linear,1.503484280942698,balanced,1.4489482500719357,0.05453603087076231,0.0376383565582947,enc1,,hebbian_effective
architecture,HBB,balanced,matched_bp_snr_linear,1.4489482500719357,balanced,1.4489482500719357,0.0,0.0,enc1,,hebbian_effective
architecture,HBB,late_heavy,matched_bp_snr_linear,9.21560640677404,balanced,1.4489482500719357,7.766658156702103,5.360203966091372,enc1,,hebbian_effective
architecture,HBB,early_heavy,alignment,0.27967926040668994,balanced,0.3679905119718899,-0.08831125156519998,-0.23998241446971308,enc1,,hebbian_raw
architecture,HBB,balanced,alignment,0.3679905119718899,balanced,0.3679905119718899,0.0,0.0,enc1,,hebbian_raw
architecture,HBB,late_heavy,alignment,0.7960968098131682,balanced,0.3679905119718899,0.4281062978412783,1.1633623256917482,enc1,,hebbian_raw
architecture,HBB,early_heavy,norm_ratio,158.35916452942985,balanced,90.93345682411692,67.42570770531293,0.7414840484479402,enc1,,hebbian_raw
architecture,HBB,balanced,norm_ratio,90.93345682411692,balanced,90.93345682411692,0.0,0.0,enc1,,hebbian_raw
architecture,HBB,late_heavy,norm_ratio,35.083581652755996,balanced,90.93345682411692,-55.84987517136092,-0.6141840101755385,enc1,,hebbian_raw
architecture,HBB,early_heavy,alpha_star,0.0018940460000459625,balanced,0.004141543933313947,-0.002247497933267985,-0.5426715178962084,enc1,,hebbian_raw
architecture,HBB,balanced,alpha_star,0.004141543933313947,balanced,0.004141543933313947,0.0,0.0,enc1,,hebbian_raw
architecture,HBB,late_heavy,alpha_star,0.13835586910881506,balanced,0.004141543933313947,0.1342143251755011,32.406833611855404,enc1,,hebbian_raw
architecture,HBB,early_heavy,scale_matched_bias,0.9579429608928273,balanced,0.9213713643702464,0.03657159652258091,0.039692569073424326,enc1,,hebbian_raw
architecture,HBB,balanced,scale_matched_bias,0.9213713643702464,balanced,0.9213713643702464,0.0,0.0,enc1,,hebbian_raw
architecture,HBB,late_heavy,scale_matched_bias,0.4951379145637166,balanced,0.9213713643702464,-0.4262334498065298,-0.4626076588536003,enc1,,hebbian_raw
architecture,HBB,early_heavy,update_snr_linear,463.85740336304053,balanced,459.96452632063085,3.8928770424096797,0.008463428850806714,enc1,,hebbian_raw
architecture,HBB,balanced,update_snr_linear,459.96452632063085,balanced,459.96452632063085,0.0,0.0,enc1,,hebbian_raw
architecture,HBB,late_heavy,update_snr_linear,632.5207915651415,balanced,459.96452632063085,172.55626524451066,0.3751512461728955,enc1,,hebbian_raw
architecture,HBB,early_heavy,matched_bp_snr_linear,1.503484280942698,balanced,1.4489482500719357,0.05453603087076231,0.0376383565582947,enc1,,hebbian_raw
architecture,HBB,balanced,matched_bp_snr_linear,1.4489482500719357,balanced,1.4489482500719357,0.0,0.0,enc1,,hebbian_raw
architecture,HBB,late_heavy,matched_bp_snr_linear,9.21560640677404,balanced,1.4489482500719357,7.766658156702103,5.360203966091372,enc1,,hebbian_raw
architecture,HBB,early_heavy,alignment,1.0,balanced,1.0,0.0,0.0,enc2,,bp_raw
architecture,HBB,balanced,alignment,1.0,balanced,1.0,0.0,0.0,enc2,,bp_raw
architecture,HBB,late_heavy,alignment,1.0,balanced,1.0,0.0,0.0,enc2,,bp_raw
architecture,HBB,early_heavy,norm_ratio,1.0,balanced,1.0,0.0,0.0,enc2,,bp_raw
architecture,HBB,balanced,norm_ratio,1.0,balanced,1.0,0.0,0.0,enc2,,bp_raw
architecture,HBB,late_heavy,norm_ratio,1.0,balanced,1.0,0.0,0.0,enc2,,bp_raw
architecture,HBB,early_heavy,alpha_star,1.0,balanced,1.0,0.0,0.0,enc2,,bp_raw
architecture,HBB,balanced,alpha_star,1.0,balanced,1.0,0.0,0.0,enc2,,bp_raw
architecture,HBB,late_heavy,alpha_star,1.0,balanced,1.0,0.0,0.0,enc2,,bp_raw
architecture,HBB,early_heavy,scale_matched_bias,0.0,balanced,0.0,0.0,0.0,enc2,,bp_raw
architecture,HBB,balanced,scale_matched_bias,0.0,balanced,0.0,0.0,0.0,enc2,,bp_raw
architecture,HBB,late_heavy,scale_matched_bias,0.0,balanced,0.0,0.0,0.0,enc2,,bp_raw
architecture,HBB,early_heavy,update_snr_linear,7.1258204236737175,balanced,6.368264004861709,0.7575564188120083,0.11895807369693684,enc2,,bp_raw
architecture,HBB,balanced,update_snr_linear,6.368264004861709,balanced,6.368264004861709,0.0,0.0,enc2,,bp_raw
architecture,HBB,late_heavy,update_snr_linear,3.20111133901099,balanced,6.368264004861709,-3.167152665850719,-0.4973337574309623,enc2,,bp_raw
architecture,HBB,early_heavy,matched_bp_snr_linear,7.1258204236737175,balanced,6.368264004861709,0.7575564188120083,0.11895807369693684,enc2,,bp_raw
architecture,HBB,balanced,matched_bp_snr_linear,6.368264004861709,balanced,6.368264004861709,0.0,0.0,enc2,,bp_raw
architecture,HBB,late_heavy,matched_bp_snr_linear,3.20111133901099,balanced,6.368264004861709,-3.167152665850719,-0.4973337574309623,enc2,,bp_raw
architecture,HBB,early_heavy,alignment,1.0,balanced,1.0,0.0,0.0,enc3,,bp_raw
architecture,HBB,balanced,alignment,1.0,balanced,1.0,0.0,0.0,enc3,,bp_raw
architecture,HBB,late_heavy,alignment,1.0,balanced,1.0,0.0,0.0,enc3,,bp_raw
architecture,HBB,early_heavy,norm_ratio,1.0,balanced,1.0,0.0,0.0,enc3,,bp_raw
architecture,HBB,balanced,norm_ratio,1.0,balanced,1.0,0.0,0.0,enc3,,bp_raw
architecture,HBB,late_heavy,norm_ratio,1.0,balanced,1.0,0.0,0.0,enc3,,bp_raw
architecture,HBB,early_heavy,alpha_star,1.0,balanced,1.0,0.0,0.0,enc3,,bp_raw
architecture,HBB,balanced,alpha_star,1.0,balanced,1.0,0.0,0.0,enc3,,bp_raw
architecture,HBB,late_heavy,alpha_star,1.0,balanced,1.0,0.0,0.0,enc3,,bp_raw
architecture,HBB,early_heavy,scale_matched_bias,0.0,balanced,0.0,0.0,0.0,enc3,,bp_raw
architecture,HBB,balanced,scale_matched_bias,0.0,balanced,0.0,0.0,0.0,enc3,,bp_raw
architecture,HBB,late_heavy,scale_matched_bias,0.0,balanced,0.0,0.0,0.0,enc3,,bp_raw
architecture,HBB,early_heavy,update_snr_linear,6.158250984718562,balanced,5.146659604481828,1.0115913802367338,0.1965529990278783,enc3,,bp_raw
architecture,HBB,balanced,update_snr_linear,5.146659604481828,balanced,5.146659604481828,0.0,0.0,enc3,,bp_raw
architecture,HBB,late_heavy,update_snr_linear,2.309912059898343,balanced,5.146659604481828,-2.836747544583485,-0.5511822740545401,enc3,,bp_raw
architecture,HBB,early_heavy,matched_bp_snr_linear,6.158250984718562,balanced,5.146659604481828,1.0115913802367338,0.1965529990278783,enc3,,bp_raw
architecture,HBB,balanced,matched_bp_snr_linear,5.146659604481828,balanced,5.146659604481828,0.0,0.0,enc3,,bp_raw
architecture,HBB,late_heavy,matched_bp_snr_linear,2.309912059898343,balanced,5.146659604481828,-2.836747544583485,-0.5511822740545401,enc3,,bp_raw
architecture,HHB,early_heavy,alignment,0.279680516205764,balanced,0.368008968796854,-0.08832845259109001,-0.2400171193643069,enc1,,hebbian_effective
architecture,HHB,balanced,alignment,0.368008968796854,balanced,0.368008968796854,0.0,0.0,enc1,,hebbian_effective
architecture,HHB,late_heavy,alignment,0.7961097731002559,balanced,0.368008968796854,0.42810080430340186,1.163289051627859,enc1,,hebbian_effective
architecture,HHB,early_heavy,norm_ratio,0.07917983921922016,balanced,0.045466787561505226,0.03371305165771493,0.7414874343468426,enc1,,hebbian_effective
architecture,HHB,balanced,norm_ratio,0.045466787561505226,balanced,0.045466787561505226,0.0,0.0,enc1,,hebbian_effective
architecture,HHB,late_heavy,norm_ratio,0.017541869932313804,balanced,0.045466787561505226,-0.02792491762919142,-0.6141827722225105,enc1,,hebbian_effective
architecture,HHB,early_heavy,alpha_star,3.7878465473791487,balanced,8.2832925313338,-4.495445983954651,-0.5427124500250191,enc1,,hebbian_effective
architecture,HHB,balanced,alpha_star,8.2832925313338,balanced,8.2832925313338,0.0,0.0,enc1,,hebbian_effective
architecture,HHB,late_heavy,alpha_star,276.64171631780846,balanced,8.2832925313338,268.35842378647465,32.397554809431604,enc1,,hebbian_effective
architecture,HHB,early_heavy,scale_matched_bias,0.9579412804939078,balanced,0.9213720664684695,0.036569214025438335,0.03968995301275512,enc1,,hebbian_effective
architecture,HHB,balanced,scale_matched_bias,0.9213720664684695,balanced,0.9213720664684695,0.0,0.0,enc1,,hebbian_effective
architecture,HHB,late_heavy,scale_matched_bias,0.49489289736138103,balanced,0.9213720664684695,-0.42647916910708844,-0.46287399480350994,enc1,,hebbian_effective
architecture,HHB,early_heavy,update_snr_linear,461.6771976753463,balanced,453.0917662156218,8.585431459724475,0.018948548836878965,enc1,,hebbian_effective
architecture,HHB,balanced,update_snr_linear,453.0917662156218,balanced,453.0917662156218,0.0,0.0,enc1,,hebbian_effective
architecture,HHB,late_heavy,update_snr_linear,549.0510712878232,balanced,453.0917662156218,95.9593050722014,0.2117877927327753,enc1,,hebbian_effective
architecture,HHB,early_heavy,matched_bp_snr_linear,1.503484280942698,balanced,1.4489482500719357,0.05453603087076231,0.0376383565582947,enc1,,hebbian_effective
architecture,HHB,balanced,matched_bp_snr_linear,1.4489482500719357,balanced,1.4489482500719357,0.0,0.0,enc1,,hebbian_effective
architecture,HHB,late_heavy,matched_bp_snr_linear,9.21560640677404,balanced,1.4489482500719357,7.766658156702103,5.360203966091372,enc1,,hebbian_effective
architecture,HHB,early_heavy,alignment,0.27967926040668994,balanced,0.3679905119718899,-0.08831125156519998,-0.23998241446971308,enc1,,hebbian_raw
architecture,HHB,balanced,alignment,0.3679905119718899,balanced,0.3679905119718899,0.0,0.0,enc1,,hebbian_raw
architecture,HHB,late_heavy,alignment,0.7960968098131682,balanced,0.3679905119718899,0.4281062978412783,1.1633623256917482,enc1,,hebbian_raw
architecture,HHB,early_heavy,norm_ratio,158.35916452942985,balanced,90.93345682411692,67.42570770531293,0.7414840484479402,enc1,,hebbian_raw
architecture,HHB,balanced,norm_ratio,90.93345682411692,balanced,90.93345682411692,0.0,0.0,enc1,,hebbian_raw
architecture,HHB,late_heavy,norm_ratio,35.083581652755996,balanced,90.93345682411692,-55.84987517136092,-0.6141840101755385,enc1,,hebbian_raw
architecture,HHB,early_heavy,alpha_star,0.0018940460000459625,balanced,0.004141543933313947,-0.002247497933267985,-0.5426715178962084,enc1,,hebbian_raw
architecture,HHB,balanced,alpha_star,0.004141543933313947,balanced,0.004141543933313947,0.0,0.0,enc1,,hebbian_raw
architecture,HHB,late_heavy,alpha_star,0.13835586910881506,balanced,0.004141543933313947,0.1342143251755011,32.406833611855404,enc1,,hebbian_raw
architecture,HHB,early_heavy,scale_matched_bias,0.9579429608928273,balanced,0.9213713643702464,0.03657159652258091,0.039692569073424326,enc1,,hebbian_raw
architecture,HHB,balanced,scale_matched_bias,0.9213713643702464,balanced,0.9213713643702464,0.0,0.0,enc1,,hebbian_raw
architecture,HHB,late_heavy,scale_matched_bias,0.4951379145637166,balanced,0.9213713643702464,-0.4262334498065298,-0.4626076588536003,enc1,,hebbian_raw
architecture,HHB,early_heavy,update_snr_linear,463.85740336304053,balanced,459.96452632063085,3.8928770424096797,0.008463428850806714,enc1,,hebbian_raw
architecture,HHB,balanced,update_snr_linear,459.96452632063085,balanced,459.96452632063085,0.0,0.0,enc1,,hebbian_raw
architecture,HHB,late_heavy,update_snr_linear,632.5207915651415,balanced,459.96452632063085,172.55626524451066,0.3751512461728955,enc1,,hebbian_raw
architecture,HHB,early_heavy,matched_bp_snr_linear,1.503484280942698,balanced,1.4489482500719357,0.05453603087076231,0.0376383565582947,enc1,,hebbian_raw
architecture,HHB,balanced,matched_bp_snr_linear,1.4489482500719357,balanced,1.4489482500719357,0.0,0.0,enc1,,hebbian_raw
architecture,HHB,late_heavy,matched_bp_snr_linear,9.21560640677404,balanced,1.4489482500719357,7.766658156702103,5.360203966091372,enc1,,hebbian_raw
architecture,HHB,early_heavy,alignment,0.02058866447146138,balanced,0.0356259011114371,-0.015037236639975717,-0.42208719416015494,enc2,,hebbian_effective
architecture,HHB,balanced,alignment,0.0356259011114371,balanced,0.0356259011114371,0.0,0.0,enc2,,hebbian_effective
architecture,HHB,late_heavy,alignment,0.344341433506111,balanced,0.0356259011114371,0.3087155323946739,8.66547996695866,enc2,,hebbian_effective
architecture,HHB,early_heavy,norm_ratio,0.005269947399586511,balanced,0.002242040328236028,0.003027907071350483,1.350514097300934,enc2,,hebbian_effective
architecture,HHB,balanced,norm_ratio,0.002242040328236028,balanced,0.002242040328236028,0.0,0.0,enc2,,hebbian_effective
architecture,HHB,late_heavy,norm_ratio,0.03722443463875901,balanced,0.002242040328236028,0.03498239431052298,15.60292821424991,enc2,,hebbian_effective
architecture,HHB,early_heavy,alpha_star,2.4622064377638773,balanced,14.563299517331922,-12.101093079568045,-0.8309307286556585,enc2,,hebbian_effective
architecture,HHB,balanced,alpha_star,14.563299517331922,balanced,14.563299517331922,0.0,0.0,enc2,,hebbian_effective
architecture,HHB,late_heavy,alpha_star,43.430096380406255,balanced,14.563299517331922,28.866796863074335,1.982160486963665,enc2,,hebbian_effective
architecture,HHB,early_heavy,scale_matched_bias,0.9994399424990175,balanced,0.998687049986666,0.0007528925123514441,0.0007538823221556166,enc2,,hebbian_effective
architecture,HHB,balanced,scale_matched_bias,0.998687049986666,balanced,0.998687049986666,0.0,0.0,enc2,,hebbian_effective
architecture,HHB,late_heavy,scale_matched_bias,0.8934794761320533,balanced,0.998687049986666,-0.10520757385461277,-0.10534588773921931,enc2,,hebbian_effective
architecture,HHB,early_heavy,update_snr_linear,0.0223795987135802,balanced,0.01806393224828931,0.004315666465290888,0.23891068709365204,enc2,,hebbian_effective
architecture,HHB,balanced,update_snr_linear,0.01806393224828931,balanced,0.01806393224828931,0.0,0.0,enc2,,hebbian_effective
architecture,HHB,late_heavy,update_snr_linear,174.85932740780325,balanced,0.01806393224828931,174.84126347555497,9679.025644177433,enc2,,hebbian_effective
architecture,HHB,early_heavy,matched_bp_snr_linear,1.4542124178889355,balanced,0.8872811065814439,0.5669313113074916,0.638953435502702,enc2,,hebbian_effective
architecture,HHB,balanced,matched_bp_snr_linear,0.8872811065814439,balanced,0.8872811065814439,0.0,0.0,enc2,,hebbian_effective
architecture,HHB,late_heavy,matched_bp_snr_linear,0.9874828833423954,balanced,0.8872811065814439,0.10020177676095154,0.11293126385492472,enc2,,hebbian_effective
architecture,HHB,early_heavy,alignment,0.02057804380946844,balanced,0.0363428992533642,-0.01576485544389576,-0.43378089715840856,enc2,,hebbian_raw
architecture,HHB,balanced,alignment,0.0363428992533642,balanced,0.0363428992533642,0.0,0.0,enc2,,hebbian_raw
architecture,HHB,late_heavy,alignment,0.3443385146296086,balanced,0.0363428992533642,0.3079956153762444,8.474712301310388,enc2,,hebbian_raw
architecture,HHB,early_heavy,norm_ratio,10.539676297343812,balanced,4.483744743227666,6.055931554116146,1.3506414617517624,enc2,,hebbian_raw
architecture,HHB,balanced,norm_ratio,4.483744743227666,balanced,4.483744743227666,0.0,0.0,enc2,,hebbian_raw
architecture,HHB,late_heavy,norm_ratio,74.44888787759605,balanced,4.483744743227666,69.96514313436839,15.604176227924098,enc2,,hebbian_raw
architecture,HHB,early_heavy,alpha_star,0.0012193925820503126,balanced,0.007530789724061819,-0.0063113971420115066,-0.838079055773888,enc2,,hebbian_raw
architecture,HHB,balanced,alpha_star,0.007530789724061819,balanced,0.007530789724061819,0.0,0.0,enc2,,hebbian_raw
architecture,HHB,late_heavy,alpha_star,0.021733319638814856,balanced,0.007530789724061819,0.014202529914753037,1.8859283598754912,enc2,,hebbian_raw
architecture,HHB,early_heavy,scale_matched_bias,0.9994365255328445,balanced,0.9986569993879296,0.0007795261449148327,0.0007805744568874184,enc2,,hebbian_raw
architecture,HHB,balanced,scale_matched_bias,0.9986569993879296,balanced,0.9986569993879296,0.0,0.0,enc2,,hebbian_raw
architecture,HHB,late_heavy,scale_matched_bias,0.8934677432199791,balanced,0.9986569993879296,-0.1051892561679505,-0.10533071538307445,enc2,,hebbian_raw
architecture,HHB,early_heavy,update_snr_linear,0.02237892511609219,balanced,0.018063520445803376,0.004315404670288812,0.23890164062966426,enc2,,hebbian_raw
architecture,HHB,balanced,update_snr_linear,0.018063520445803376,balanced,0.018063520445803376,0.0,0.0,enc2,,hebbian_raw
architecture,HHB,late_heavy,update_snr_linear,179.64649960194657,balanced,0.018063520445803376,179.62843608150078,9944.265106599907,enc2,,hebbian_raw
architecture,HHB,early_heavy,matched_bp_snr_linear,1.4542124178889355,balanced,0.8872811065814439,0.5669313113074916,0.638953435502702,enc2,,hebbian_raw
architecture,HHB,balanced,matched_bp_snr_linear,0.8872811065814439,balanced,0.8872811065814439,0.0,0.0,enc2,,hebbian_raw
architecture,HHB,late_heavy,matched_bp_snr_linear,0.9874828833423954,balanced,0.8872811065814439,0.10020177676095154,0.11293126385492472,enc2,,hebbian_raw
architecture,HHB,early_heavy,alignment,1.0,balanced,1.0,0.0,0.0,enc3,,bp_raw
architecture,HHB,balanced,alignment,1.0,balanced,1.0,0.0,0.0,enc3,,bp_raw
architecture,HHB,late_heavy,alignment,1.0,balanced,1.0,0.0,0.0,enc3,,bp_raw
architecture,HHB,early_heavy,norm_ratio,1.0,balanced,1.0,0.0,0.0,enc3,,bp_raw
architecture,HHB,balanced,norm_ratio,1.0,balanced,1.0,0.0,0.0,enc3,,bp_raw
architecture,HHB,late_heavy,norm_ratio,1.0,balanced,1.0,0.0,0.0,enc3,,bp_raw
architecture,HHB,early_heavy,alpha_star,1.0,balanced,1.0,0.0,0.0,enc3,,bp_raw
architecture,HHB,balanced,alpha_star,1.0,balanced,1.0,0.0,0.0,enc3,,bp_raw
architecture,HHB,late_heavy,alpha_star,1.0,balanced,1.0,0.0,0.0,enc3,,bp_raw
architecture,HHB,early_heavy,scale_matched_bias,0.0,balanced,0.0,0.0,0.0,enc3,,bp_raw
architecture,HHB,balanced,scale_matched_bias,0.0,balanced,0.0,0.0,0.0,enc3,,bp_raw
architecture,HHB,late_heavy,scale_matched_bias,0.0,balanced,0.0,0.0,0.0,enc3,,bp_raw
architecture,HHB,early_heavy,update_snr_linear,10.573256786126379,balanced,8.522779702007862,2.0504770841185174,0.24058783117850738,enc3,,bp_raw
architecture,HHB,balanced,update_snr_linear,8.522779702007862,balanced,8.522779702007862,0.0,0.0,enc3,,bp_raw
architecture,HHB,late_heavy,update_snr_linear,2.3602490852927187,balanced,8.522779702007862,-6.162530616715143,-0.7230658109422451,enc3,,bp_raw
architecture,HHB,early_heavy,matched_bp_snr_linear,10.573256786126379,balanced,8.522779702007862,2.0504770841185174,0.24058783117850738,enc3,,bp_raw
architecture,HHB,balanced,matched_bp_snr_linear,8.522779702007862,balanced,8.522779702007862,0.0,0.0,enc3,,bp_raw
architecture,HHB,late_heavy,matched_bp_snr_linear,2.3602490852927187,balanced,8.522779702007862,-6.162530616715143,-0.7230658109422451,enc3,,bp_raw
architecture,HHH,early_heavy,alignment,0.279680516205764,balanced,0.368008968796854,-0.08832845259109001,-0.2400171193643069,enc1,,hebbian_effective
architecture,HHH,balanced,alignment,0.368008968796854,balanced,0.368008968796854,0.0,0.0,enc1,,hebbian_effective
architecture,HHH,late_heavy,alignment,0.7961097731002559,balanced,0.368008968796854,0.42810080430340186,1.163289051627859,enc1,,hebbian_effective
architecture,HHH,early_heavy,norm_ratio,0.07917983921922016,balanced,0.045466787561505226,0.03371305165771493,0.7414874343468426,enc1,,hebbian_effective
architecture,HHH,balanced,norm_ratio,0.045466787561505226,balanced,0.045466787561505226,0.0,0.0,enc1,,hebbian_effective
architecture,HHH,late_heavy,norm_ratio,0.017541869932313804,balanced,0.045466787561505226,-0.02792491762919142,-0.6141827722225105,enc1,,hebbian_effective
architecture,HHH,early_heavy,alpha_star,3.7878465473791487,balanced,8.2832925313338,-4.495445983954651,-0.5427124500250191,enc1,,hebbian_effective
architecture,HHH,balanced,alpha_star,8.2832925313338,balanced,8.2832925313338,0.0,0.0,enc1,,hebbian_effective
architecture,HHH,late_heavy,alpha_star,276.64171631780846,balanced,8.2832925313338,268.35842378647465,32.397554809431604,enc1,,hebbian_effective
architecture,HHH,early_heavy,scale_matched_bias,0.9579412804939078,balanced,0.9213720664684695,0.036569214025438335,0.03968995301275512,enc1,,hebbian_effective
architecture,HHH,balanced,scale_matched_bias,0.9213720664684695,balanced,0.9213720664684695,0.0,0.0,enc1,,hebbian_effective
architecture,HHH,late_heavy,scale_matched_bias,0.49489289736138103,balanced,0.9213720664684695,-0.42647916910708844,-0.46287399480350994,enc1,,hebbian_effective
architecture,HHH,early_heavy,update_snr_linear,461.6771976753463,balanced,453.0917662156218,8.585431459724475,0.018948548836878965,enc1,,hebbian_effective
architecture,HHH,balanced,update_snr_linear,453.0917662156218,balanced,453.0917662156218,0.0,0.0,enc1,,hebbian_effective
architecture,HHH,late_heavy,update_snr_linear,549.0510712878232,balanced,453.0917662156218,95.9593050722014,0.2117877927327753,enc1,,hebbian_effective
architecture,HHH,early_heavy,matched_bp_snr_linear,1.503484280942698,balanced,1.4489482500719357,0.05453603087076231,0.0376383565582947,enc1,,hebbian_effective
architecture,HHH,balanced,matched_bp_snr_linear,1.4489482500719357,balanced,1.4489482500719357,0.0,0.0,enc1,,hebbian_effective
architecture,HHH,late_heavy,matched_bp_snr_linear,9.21560640677404,balanced,1.4489482500719357,7.766658156702103,5.360203966091372,enc1,,hebbian_effective
architecture,HHH,early_heavy,alignment,0.27967926040668994,balanced,0.3679905119718899,-0.08831125156519998,-0.23998241446971308,enc1,,hebbian_raw
architecture,HHH,balanced,alignment,0.3679905119718899,balanced,0.3679905119718899,0.0,0.0,enc1,,hebbian_raw
architecture,HHH,late_heavy,alignment,0.7960968098131682,balanced,0.3679905119718899,0.4281062978412783,1.1633623256917482,enc1,,hebbian_raw
architecture,HHH,early_heavy,norm_ratio,158.35916452942985,balanced,90.93345682411692,67.42570770531293,0.7414840484479402,enc1,,hebbian_raw
architecture,HHH,balanced,norm_ratio,90.93345682411692,balanced,90.93345682411692,0.0,0.0,enc1,,hebbian_raw
architecture,HHH,late_heavy,norm_ratio,35.083581652755996,balanced,90.93345682411692,-55.84987517136092,-0.6141840101755385,enc1,,hebbian_raw
architecture,HHH,early_heavy,alpha_star,0.0018940460000459625,balanced,0.004141543933313947,-0.002247497933267985,-0.5426715178962084,enc1,,hebbian_raw
architecture,HHH,balanced,alpha_star,0.004141543933313947,balanced,0.004141543933313947,0.0,0.0,enc1,,hebbian_raw
architecture,HHH,late_heavy,alpha_star,0.13835586910881506,balanced,0.004141543933313947,0.1342143251755011,32.406833611855404,enc1,,hebbian_raw
architecture,HHH,early_heavy,scale_matched_bias,0.9579429608928273,balanced,0.9213713643702464,0.03657159652258091,0.039692569073424326,enc1,,hebbian_raw
architecture,HHH,balanced,scale_matched_bias,0.9213713643702464,balanced,0.9213713643702464,0.0,0.0,enc1,,hebbian_raw
architecture,HHH,late_heavy,scale_matched_bias,0.4951379145637166,balanced,0.9213713643702464,-0.4262334498065298,-0.4626076588536003,enc1,,hebbian_raw
architecture,HHH,early_heavy,update_snr_linear,463.85740336304053,balanced,459.96452632063085,3.8928770424096797,0.008463428850806714,enc1,,hebbian_raw
architecture,HHH,balanced,update_snr_linear,459.96452632063085,balanced,459.96452632063085,0.0,0.0,enc1,,hebbian_raw
architecture,HHH,late_heavy,update_snr_linear,632.5207915651415,balanced,459.96452632063085,172.55626524451066,0.3751512461728955,enc1,,hebbian_raw
architecture,HHH,early_heavy,matched_bp_snr_linear,1.503484280942698,balanced,1.4489482500719357,0.05453603087076231,0.0376383565582947,enc1,,hebbian_raw
architecture,HHH,balanced,matched_bp_snr_linear,1.4489482500719357,balanced,1.4489482500719357,0.0,0.0,enc1,,hebbian_raw
architecture,HHH,late_heavy,matched_bp_snr_linear,9.21560640677404,balanced,1.4489482500719357,7.766658156702103,5.360203966091372,enc1,,hebbian_raw
architecture,HHH,early_heavy,alignment,0.02058866447146138,balanced,0.0356259011114371,-0.015037236639975717,-0.42208719416015494,enc2,,hebbian_effective
architecture,HHH,balanced,alignment,0.0356259011114371,balanced,0.0356259011114371,0.0,0.0,enc2,,hebbian_effective
architecture,HHH,late_heavy,alignment,0.344341433506111,balanced,0.0356259011114371,0.3087155323946739,8.66547996695866,enc2,,hebbian_effective
architecture,HHH,early_heavy,norm_ratio,0.005269947399586511,balanced,0.002242040328236028,0.003027907071350483,1.350514097300934,enc2,,hebbian_effective
architecture,HHH,balanced,norm_ratio,0.002242040328236028,balanced,0.002242040328236028,0.0,0.0,enc2,,hebbian_effective
architecture,HHH,late_heavy,norm_ratio,0.03722443463875901,balanced,0.002242040328236028,0.03498239431052298,15.60292821424991,enc2,,hebbian_effective
architecture,HHH,early_heavy,alpha_star,2.4622064377638773,balanced,14.563299517331922,-12.101093079568045,-0.8309307286556585,enc2,,hebbian_effective
architecture,HHH,balanced,alpha_star,14.563299517331922,balanced,14.563299517331922,0.0,0.0,enc2,,hebbian_effective
architecture,HHH,late_heavy,alpha_star,43.430096380406255,balanced,14.563299517331922,28.866796863074335,1.982160486963665,enc2,,hebbian_effective
architecture,HHH,early_heavy,scale_matched_bias,0.9994399424990175,balanced,0.998687049986666,0.0007528925123514441,0.0007538823221556166,enc2,,hebbian_effective
architecture,HHH,balanced,scale_matched_bias,0.998687049986666,balanced,0.998687049986666,0.0,0.0,enc2,,hebbian_effective
architecture,HHH,late_heavy,scale_matched_bias,0.8934794761320533,balanced,0.998687049986666,-0.10520757385461277,-0.10534588773921931,enc2,,hebbian_effective
architecture,HHH,early_heavy,update_snr_linear,0.0223795987135802,balanced,0.01806393224828931,0.004315666465290888,0.23891068709365204,enc2,,hebbian_effective
architecture,HHH,balanced,update_snr_linear,0.01806393224828931,balanced,0.01806393224828931,0.0,0.0,enc2,,hebbian_effective
architecture,HHH,late_heavy,update_snr_linear,174.85932740780325,balanced,0.01806393224828931,174.84126347555497,9679.025644177433,enc2,,hebbian_effective
architecture,HHH,early_heavy,matched_bp_snr_linear,1.4542124178889355,balanced,0.8872811065814439,0.5669313113074916,0.638953435502702,enc2,,hebbian_effective
architecture,HHH,balanced,matched_bp_snr_linear,0.8872811065814439,balanced,0.8872811065814439,0.0,0.0,enc2,,hebbian_effective
architecture,HHH,late_heavy,matched_bp_snr_linear,0.9874828833423954,balanced,0.8872811065814439,0.10020177676095154,0.11293126385492472,enc2,,hebbian_effective
architecture,HHH,early_heavy,alignment,0.02057804380946844,balanced,0.0363428992533642,-0.01576485544389576,-0.43378089715840856,enc2,,hebbian_raw
architecture,HHH,balanced,alignment,0.0363428992533642,balanced,0.0363428992533642,0.0,0.0,enc2,,hebbian_raw
architecture,HHH,late_heavy,alignment,0.3443385146296086,balanced,0.0363428992533642,0.3079956153762444,8.474712301310388,enc2,,hebbian_raw
architecture,HHH,early_heavy,norm_ratio,10.539676297343812,balanced,4.483744743227666,6.055931554116146,1.3506414617517624,enc2,,hebbian_raw
architecture,HHH,balanced,norm_ratio,4.483744743227666,balanced,4.483744743227666,0.0,0.0,enc2,,hebbian_raw
architecture,HHH,late_heavy,norm_ratio,74.44888787759605,balanced,4.483744743227666,69.96514313436839,15.604176227924098,enc2,,hebbian_raw
architecture,HHH,early_heavy,alpha_star,0.0012193925820503126,balanced,0.007530789724061819,-0.0063113971420115066,-0.838079055773888,enc2,,hebbian_raw
architecture,HHH,balanced,alpha_star,0.007530789724061819,balanced,0.007530789724061819,0.0,0.0,enc2,,hebbian_raw
architecture,HHH,late_heavy,alpha_star,0.021733319638814856,balanced,0.007530789724061819,0.014202529914753037,1.8859283598754912,enc2,,hebbian_raw
architecture,HHH,early_heavy,scale_matched_bias,0.9994365255328445,balanced,0.9986569993879296,0.0007795261449148327,0.0007805744568874184,enc2,,hebbian_raw
architecture,HHH,balanced,scale_matched_bias,0.9986569993879296,balanced,0.9986569993879296,0.0,0.0,enc2,,hebbian_raw
architecture,HHH,late_heavy,scale_matched_bias,0.8934677432199791,balanced,0.9986569993879296,-0.1051892561679505,-0.10533071538307445,enc2,,hebbian_raw
architecture,HHH,early_heavy,update_snr_linear,0.02237892511609219,balanced,0.018063520445803376,0.004315404670288812,0.23890164062966426,enc2,,hebbian_raw
architecture,HHH,balanced,update_snr_linear,0.018063520445803376,balanced,0.018063520445803376,0.0,0.0,enc2,,hebbian_raw
architecture,HHH,late_heavy,update_snr_linear,179.64649960194657,balanced,0.018063520445803376,179.62843608150078,9944.265106599907,enc2,,hebbian_raw
architecture,HHH,early_heavy,matched_bp_snr_linear,1.4542124178889355,balanced,0.8872811065814439,0.5669313113074916,0.638953435502702,enc2,,hebbian_raw
architecture,HHH,balanced,matched_bp_snr_linear,0.8872811065814439,balanced,0.8872811065814439,0.0,0.0,enc2,,hebbian_raw
architecture,HHH,late_heavy,matched_bp_snr_linear,0.9874828833423954,balanced,0.8872811065814439,0.10020177676095154,0.11293126385492472,enc2,,hebbian_raw
architecture,HHH,early_heavy,alignment,6.395320882563088e-05,balanced,4.5907426600572196e-05,1.804578222505868e-05,0.3930906863714959,enc3,,hebbian_effective
architecture,HHH,balanced,alignment,4.5907426600572196e-05,balanced,4.5907426600572196e-05,0.0,0.0,enc3,,hebbian_effective
architecture,HHH,late_heavy,alignment,-0.0001456631479174652,balanced,4.5907426600572196e-05,-0.0001915705745180374,-4.172975584361639,enc3,,hebbian_effective
architecture,HHH,early_heavy,norm_ratio,4.856594142487327,balanced,0.5687118577582264,4.2878822847291005,7.53963932038225,enc3,,hebbian_effective
architecture,HHH,balanced,norm_ratio,0.5687118577582264,balanced,0.5687118577582264,0.0,0.0,enc3,,hebbian_effective
architecture,HHH,late_heavy,norm_ratio,0.0926385169979708,balanced,0.5687118577582264,-0.47607334076025565,-0.8371081669301315,enc3,,hebbian_effective
architecture,HHH,early_heavy,alpha_star,3.4487011261734164e-05,balanced,0.000146210455023356,-0.00011172344376162182,-0.7641275925148259,enc3,,hebbian_effective
architecture,HHH,balanced,alpha_star,0.000146210455023356,balanced,0.000146210455023356,0.0,0.0,enc3,,hebbian_effective
architecture,HHH,late_heavy,alpha_star,-0.10071287572060492,balanced,0.000146210455023356,-0.10085908617562828,-689.821295403913,enc3,,hebbian_effective
architecture,HHH,early_heavy,scale_matched_bias,0.999999870591739,balanced,0.9999999685537009,-9.796196187572548e-08,-9.796196495616878e-08,enc3,,hebbian_effective
architecture,HHH,balanced,scale_matched_bias,0.9999999685537009,balanced,0.9999999685537009,0.0,0.0,enc3,,hebbian_effective
architecture,HHH,late_heavy,scale_matched_bias,0.9999996216694322,balanced,0.9999999685537009,-3.4688426864271094e-07,-3.4688427955059085e-07,enc3,,hebbian_effective
architecture,HHH,early_heavy,update_snr_linear,13.217316724629338,balanced,1.2933289955107004,11.923987729118638,9.21960906350898,enc3,,hebbian_effective
architecture,HHH,balanced,update_snr_linear,1.2933289955107004,balanced,1.2933289955107004,0.0,0.0,enc3,,hebbian_effective
architecture,HHH,late_heavy,update_snr_linear,0.13572198766813443,balanced,1.2933289955107004,-1.157607007842566,-0.895059966845144,enc3,,hebbian_effective
architecture,HHH,early_heavy,matched_bp_snr_linear,3.7816485516449037,balanced,3.5005385495500816,0.28111000209482206,0.08030478685368923,enc3,,hebbian_effective
architecture,HHH,balanced,matched_bp_snr_linear,3.5005385495500816,balanced,3.5005385495500816,0.0,0.0,enc3,,hebbian_effective
architecture,HHH,late_heavy,matched_bp_snr_linear,1.231422369511435,balanced,3.5005385495500816,-2.2691161800386466,-0.6482191662564734,enc3,,hebbian_effective
architecture,HHH,early_heavy,alignment,2.7574511764070836e-05,balanced,-8.250900635166726e-05,0.0001100835181157381,1.3342000061465247,enc3,,hebbian_raw
architecture,HHH,balanced,alignment,-8.250900635166726e-05,balanced,-8.250900635166726e-05,0.0,0.0,enc3,,hebbian_raw
architecture,HHH,late_heavy,alignment,-0.00014966137737474554,balanced,-8.250900635166726e-05,-6.715237102307828e-05,-0.8138792742574588,enc3,,hebbian_raw
architecture,HHH,early_heavy,norm_ratio,10197.503234679985,balanced,1138.3326435640477,9059.170591115937,7.958280597798055,enc3,,hebbian_raw
architecture,HHH,balanced,norm_ratio,1138.3326435640477,balanced,1138.3326435640477,0.0,0.0,enc3,,hebbian_raw
architecture,HHH,late_heavy,norm_ratio,185.2847856814323,balanced,1138.3326435640477,-953.0478578826153,-0.8372314220021678,enc3,,hebbian_raw
architecture,HHH,early_heavy,alpha_star,1.6386583874254048e-08,balanced,-1.6536644685081313e-08,3.2923228559335364e-08,1.990805171248815,enc3,,hebbian_raw
architecture,HHH,balanced,alpha_star,-1.6536644685081313e-08,balanced,-1.6536644685081313e-08,0.0,0.0,enc3,,hebbian_raw
architecture,HHH,late_heavy,alpha_star,-4.9294615159108134e-05,balanced,-1.6536644685081313e-08,-4.927807851442305e-05,-2979.751920711964,enc3,,hebbian_raw
architecture,HHH,early_heavy,scale_matched_bias,0.9999979525224993,balanced,0.999999876328056,-1.9238055566361822e-06,-1.923805794555061e-06,enc3,,hebbian_raw
architecture,HHH,balanced,scale_matched_bias,0.999999876328056,balanced,0.999999876328056,0.0,0.0,enc3,,hebbian_raw
architecture,HHH,late_heavy,scale_matched_bias,0.9999996029232212,balanced,0.999999876328056,-2.7340483477189537e-07,-2.734048685841336e-07,enc3,,hebbian_raw
architecture,HHH,early_heavy,update_snr_linear,12.528004204646658,balanced,1.2918032138889737,11.236200990757684,8.698074807324872,enc3,,hebbian_raw
architecture,HHH,balanced,update_snr_linear,1.2918032138889737,balanced,1.2918032138889737,0.0,0.0,enc3,,hebbian_raw
architecture,HHH,late_heavy,update_snr_linear,0.13566281864256877,balanced,1.2918032138889737,-1.1561403952464049,-0.8949818229395398,enc3,,hebbian_raw
architecture,HHH,early_heavy,matched_bp_snr_linear,3.7816485516449037,balanced,3.5005385495500816,0.28111000209482206,0.08030478685368923,enc3,,hebbian_raw
architecture,HHH,balanced,matched_bp_snr_linear,3.5005385495500816,balanced,3.5005385495500816,0.0,0.0,enc3,,hebbian_raw
architecture,HHH,late_heavy,matched_bp_snr_linear,1.231422369511435,balanced,3.5005385495500816,-2.2691161800386466,-0.6482191662564734,enc3,,hebbian_raw
