sweep,case,seed,method_id,method,layer,layer_rule,channel_observation_axis,channel_feature_axis,activation_sparsity,active_neuron_ratio,dead_unit_ratio,winner_coverage_ratio,winner_entropy,max_winner_share,effective_rank,stable_rank,rank_ratio,numerical_rank,pca_components,pca_explained_variance_ratio_sum,linear_probe_cv_accuracy,knn_cv_accuracy,within_class_mean_distance,between_class_mean_centroid_distance,between_within_scatter_ratio,silhouette_score,closest_centroid_class_a,closest_centroid_class_b,closest_centroid_distance,within_class_covariance_participation_rank,between_class_covariance_participation_rank,source_shape,sample_geometry_shape,channel_observation_shape,per_class_effective_rank,spectrum
dimension,L64,0,full_bp,BBB,z,bp,sample_x_spatial_location,channel,0.1465234375,0.859375,0.140625,0.859375,0.8964696946312127,0.08242857142857143,20.10801888670681,7.01333736476586,0.3141877951047939,55,50,0.9859779756516218,0.8615,0.9225,6.570674906509049,3.317256027511374,0.110656124251281,-0.03251736266961936,4,9,2.5609590598865988,47.057081175054854,8.186750667132298,"[2000, 64, 1, 1]","[2000, 64]","[2000, 64]","{""0"": 19.30884766882825, ""1"": 8.689962486949176, ""2"": 24.156556167243306, ""3"": 23.074927199923422, ""4"": 21.59958382530557, ""5"": 20.50899668636074, ""6"": 19.127610994179697, ""7"": 18.83489967067179, ""8"": 23.82750711457913, ""9"": 19.332062585685172}","[166.13938330429676, 97.8351066421319, 77.10476823675364, 71.89713682496685, 53.92236404850964, 51.65616962226864, 43.52392307305254, 40.424156132610186, 36.96760811571648, 32.456732909597946, 29.070415359142388, 26.88271128823505, 25.338734336627496, 24.62320254083749, 22.885865773778033, 21.31132952246409, 20.030974565852766, 19.274902074007798, 17.59953673497518, 16.51914635047158, 15.801030698872127, 14.9166166216527, 14.185422373332088, 13.821180144355859, 12.715215463452308, 11.951765086382487, 11.565358327926738, 11.154853537568668, 10.785278276690141, 9.961248581297692, 9.464967218131745, 8.992425109609707, 8.769995773943016, 8.440549723889761, 8.087518871134915, 7.498389970889507, 7.159644738186843, 7.095929068612711, 6.5125325409589365, 6.190065689315603, 5.825140980215713, 5.55758143235302, 5.4011822794076805, 5.1940437653760725, 4.925366329027053, 4.764550564069009, 4.619965884395658, 4.212346186593025, 4.055688588652882, 3.763169590121426, 3.6038741071467304, 3.407838753571237, 3.354991079736423, 3.1513245215564005, 2.8203253524592307, 8.42729136149032e-15, 1.469681360672014e-15, 6.043805268584227e-16, 3.159570052521601e-16, 3.833474965201831e-32, 0.0, 0.0, 0.0, 0.0]"
dimension,L64,0,full_hebbian,HHH,z,hebbian,sample_x_spatial_location,channel,0.518578125,0.984375,0.015625,0.109375,0.4678924870096007,0.14285714285714285,1.0157807634039004,1.0078632044563647,0.015871574428185944,57,50,0.9999971815412891,0.8594999999999999,0.8405000000000001,6.40456971295408,3.239151244505933,0.10498307896334617,-0.05065034301176971,4,9,2.4834304396691556,47.34690114370303,8.217996248362605,"[2000, 64, 1, 1]","[2000, 64]","[2000, 64]","{""0"": 15.59521360306376, ""1"": 6.115159111741896, ""2"": 22.281905030885017, ""3"": 20.70231871749731, ""4"": 16.19271381835646, ""5"": 21.21621681994498, ""6"": 16.34367890774408, ""7"": 14.984677417128589, ""8"": 22.160142286445605, ""9"": 16.60313319657432}","[705.9224373208435, 1.3588709170581974, 0.8283735253759823, 0.6925993204115868, 0.6023005865809627, 0.3077625643847085, 0.2661348184925787, 0.19043994571785272, 0.14963898608264106, 0.13361241164216134, 0.10479760141258634, 0.08623636795279946, 0.07642317874879387, 0.06521629965579322, 0.0597005301420636, 0.05145767551977221, 0.04824979156188717, 0.04306404539546916, 0.040316883831674276, 0.03765805022803527, 0.03493500510399064, 0.03426825845532814, 0.029790139725186123, 0.024455519583938667, 0.0237125253920634, 0.02307411647750102, 0.021109254794689572, 0.020813607963988835, 0.01798131405851484, 0.0162602852018615, 0.015287962258478989, 0.014622522856999425, 0.013917449506981623, 0.01328527422122555, 0.012512599925139178, 0.011885335051661087, 0.011160500145545389, 0.010024195915119294, 0.009454230936908939, 0.009043491079962074, 0.008467752325136024, 0.007092700686796873, 0.00602780494455908, 0.004820486931593924, 0.0026780869925558844, 0.002603833365912807, 0.0023821764353381143, 0.0016773955445586438, 0.0014464418911452092, 0.0011041591697301357, 0.0007180447847706793, 0.0005131317614994572, 0.00045541299839804445, 0.00019788860677324898, 0.00015199361261233592, 2.4683521948666085e-05, 3.372565031879261e-06, 2.480005756234713e-18, 6.138500059447215e-19, 0.0, 0.0, 0.0, 0.0, 0.0]"
dimension,L64,0,hybrid_hhb,HHB,z,bp,sample_x_spatial_location,channel,0.2561328125,0.765625,0.234375,0.765625,0.857835240168876,0.07871428571428571,11.822025073827069,4.256696633180105,0.18471914177854795,49,50,1.0000001029984693,0.884,0.921,6.520161628487515,3.3259097552876664,0.11145496954415127,-0.009002305371653804,4,9,2.4466998847342105,46.98016071848088,8.097789459873164,"[2000, 64, 1, 1]","[2000, 64]","[2000, 64]","{""0"": 17.660846683661855, ""1"": 7.351508122295591, ""2"": 23.087578974390016, ""3"": 22.28215262975004, ""4"": 20.49966929761654, ""5"": 20.080861725740483, ""6"": 17.386785573324623, ""7"": 14.963875083404828, ""8"": 23.16696444381788, ""9"": 18.358868149674702}","[135.50092766203835, 50.67245056483898, 42.42517480901033, 34.925935223525826, 30.271991348150618, 23.82939463446663, 22.000620539463828, 20.90013939469436, 16.019807790704732, 14.933319671661748, 13.755821360095116, 12.304490518221696, 10.84866748837466, 10.645999391831063, 9.01058126703645, 8.763953247512351, 8.313862397972613, 8.157788241473403, 7.215876444164683, 6.930196867475859, 6.312797865384911, 6.155444091360266, 5.625808323074277, 5.137461803666553, 4.724391451894395, 4.639145350417636, 4.36631862091999, 4.0531216348404415, 3.9437170521651503, 3.70439796132823, 3.487799201538972, 3.2913373754754978, 3.00468107237588, 2.929815338263267, 2.785181424828768, 2.663688693629127, 2.62881781686345, 2.293321291258522, 2.1513183750311446, 2.0341025445773697, 1.969095240138184, 1.8287773683289472, 1.73728602354428, 1.723859505010079, 1.6645885946653092, 1.4764271641116364, 1.430388222533666, 1.338259880880149, 0.2579944209601253, 2.604622986985548e-15, 1.5925748788675646e-15, 1.2844885937873265e-15, 6.671528048805799e-16, 3.6640895306121957e-16, 9.329844625218051e-17, 2.759449649071499e-32, 0.0, 0.0, 0.0, 0.0, 0.0, 0.0, 0.0, 0.0]"
dimension,L64,0,hybrid_hbb,HBB,z,bp,sample_x_spatial_location,channel,0.177578125,0.828125,0.171875,0.828125,0.8855149297459567,0.07,18.079015880433367,6.204387656413004,0.28248462313177136,53,50,0.9920709221623838,0.85,0.9185000000000001,6.572248508972843,3.2937311041548805,0.10895731966087135,-0.036384930245503544,4,9,2.518949945969319,47.12562073397083,8.146288930773904,"[2000, 64, 1, 1]","[2000, 64]","[2000, 64]","{""0"": 19.589727078695496, ""1"": 8.45962895299504, ""2"": 23.803332657638197, ""3"": 23.603785962203027, ""4"": 21.455864821138803, ""5"": 20.64041973764915, ""6"": 19.038474238318393, ""7"": 19.10054787441966, ""8"": 23.49545874457755, ""9"": 19.094722401418355}","[101.89126022783628, 50.68254023959729, 47.147234648147986, 37.21100913908677, 30.430708179115364, 27.91150974840276, 24.211185536615233, 21.07235913520616, 18.052567297219245, 17.75337961702612, 16.720219269319756, 14.53664845140397, 13.455640419505025, 12.920992982530684, 11.62806266381686, 10.794715777843011, 10.570017620400158, 10.326851498101043, 9.669971956113626, 8.882147030719908, 8.310176264481997, 8.196468103020157, 7.599181082616809, 7.370823674279364, 6.792067937045354, 6.449632760707798, 5.89839161049637, 5.812412186540098, 5.567910436405928, 5.02267495673781, 4.698143790175441, 4.619760875037248, 4.313452942134987, 4.201588354107434, 4.06375375925465, 3.7743458024961742, 3.6514403545736003, 3.4415777197253123, 3.3557909581912186, 3.069225962471926, 2.9700117940262714, 2.8460432869844308, 2.756065167167222, 2.708863552917283, 2.6210423014557227, 2.5362559186760265, 2.3688293107844154, 2.257424119889405, 2.076157901923986, 1.9419345351289503, 1.7624176434169307, 1.647186879794097, 1.602803873280916, 2.6399133882105733e-15, 1.9245300508565043e-15, 1.0645712039570577e-15, 6.909542179568092e-16, 2.663290013918702e-16, 9.14002595311463e-32, 0.0, 0.0, 0.0, 0.0, 0.0]"
dimension,L64,1,full_bp,BBB,z,bp,sample_x_spatial_location,channel,0.1617421875,0.84375,0.15625,0.84375,0.9021154829593594,0.07271428571428572,21.026661413267036,7.423101398931031,0.32854158458229743,54,50,0.9882348475512117,0.859,0.929,6.567727702177979,3.301115978250193,0.10948729422232385,-0.03323071516763314,4,9,2.4977592261367207,47.09326127760554,8.131451978797674,"[2000, 64, 1, 1]","[2000, 64]","[2000, 64]","{""0"": 19.39232042174153, ""1"": 8.882777772018638, ""2"": 23.78703697094833, ""3"": 23.215190830300543, ""4"": 21.705258083707793, ""5"": 20.698633194837658, ""6"": 19.10444443954438, ""7"": 19.453370442981466, ""8"": 23.657509585369407, ""9"": 19.030869658591072}","[169.51991867629408, 98.25652258804368, 84.55993200761003, 76.58780250227767, 59.494246925319, 57.07186295113743, 51.616719278864466, 45.05174911263179, 39.672498400080904, 36.007696288257094, 34.893189587483334, 30.37086971732175, 28.896157401301185, 27.034400690876602, 25.2809402705888, 22.980310006384915, 22.09858892043769, 20.540921389081202, 19.455100422231673, 18.03901286879935, 17.556607400904202, 17.205574858774323, 15.497694497162549, 14.938338421480477, 14.198492832403511, 13.496640994384773, 13.175122031010456, 11.971264781421885, 10.878173312345654, 10.668544660051467, 10.509954189708163, 9.472734828759616, 9.224872717622741, 9.08235515539167, 8.595834670048099, 8.212321773751281, 7.605852650755447, 7.195895668371563, 6.997385276371879, 6.6220442689307335, 6.346922116174959, 6.118297046679521, 5.6889332884057255, 5.574352688128358, 5.489523268199258, 5.258892748360963, 5.1115744512901795, 4.609998151884138, 4.496280692184868, 4.32988422067196, 4.012272909460612, 3.867116716525104, 3.681114216561693, 3.244237963472655, 7.140335485622573e-15, 8.705638369675965e-16, 6.129469271617848e-16, 4.510240437476234e-16, 0.0, 0.0, 0.0, 0.0, 0.0, 0.0]"
dimension,L64,1,full_hebbian,HHH,z,hebbian,sample_x_spatial_location,channel,0.4353671875,0.953125,0.046875,0.109375,0.4678924870096007,0.14285714285714285,1.0164628614639042,1.0082016161395155,0.015882232210373503,55,50,0.9999963364020914,0.8555000000000001,0.841,6.407592133624692,3.27584666338005,0.10777686242614083,-0.05541297715314707,4,9,2.247604946569263,47.155912825836054,8.07460844621592,"[2000, 64, 1, 1]","[2000, 64]","[2000, 64]","{""0"": 17.970084941221444, ""1"": 7.319587251337795, ""2"": 22.308471744179723, ""3"": 20.299178732588427, ""4"": 18.86188715463739, ""5"": 21.524586663617775, ""6"": 17.207189564681343, ""7"": 18.23794164470657, ""8"": 24.96942622267709, ""9"": 18.643878578346023}","[738.8132285489423, 1.3886975789909828, 0.8477452828785721, 0.8420625384454913, 0.5938605120997771, 0.35136244404126227, 0.2711976650214529, 0.23646210164422107, 0.18897520287773484, 0.17379636746686294, 0.13274673687684238, 0.1130806715792222, 0.09045335930133745, 0.08262339460458129, 0.07387102175675588, 0.06666534149225095, 0.058512374729656834, 0.05198374669682531, 0.04711795900690025, 0.04538331224123089, 0.037642633491339145, 0.0353359442558805, 0.027702439786926554, 0.02572636663991692, 0.023464788921198132, 0.020815537891905146, 0.019482628201807742, 0.017141852536976847, 0.016454124446578764, 0.015197655996278535, 0.014467373968962095, 0.013727402573747745, 0.013155931070409318, 0.012653416070615197, 0.011509488022405204, 0.010274393111372567, 0.009668250564856465, 0.008792622568117948, 0.008432285144380235, 0.008223749960069117, 0.007580093660575004, 0.007304403158260272, 0.006869000184310329, 0.0060489941995737935, 0.005950210883599505, 0.004762313733740157, 0.003640516662268541, 0.0029508922943164554, 0.002611026570703148, 0.0025523405057139965, 0.0016982121778071715, 0.0004960295070194215, 0.00028281602538212806, 0.0002207199063741017, 2.8432909240951422e-05, 1.0311312236205512e-16, 1.745090949379035e-17, 1.1098940528640953e-18, 1.0671544351599595e-19, 0.0, 0.0, 0.0, 0.0, 0.0]"
dimension,L64,1,hybrid_hhb,HHB,z,bp,sample_x_spatial_location,channel,0.2724609375,0.734375,0.265625,0.734375,0.8127149411680655,0.07907142857142857,11.603221924223355,4.331180521602378,0.18130034256598992,47,50,1.0000001485459655,0.8724999999999999,0.9165000000000001,6.407759731365222,3.296491361166294,0.1091409372857402,-0.03672904514621535,4,9,2.464532213171374,47.1102902641946,8.130768815954163,"[2000, 64, 1, 1]","[2000, 64]","[2000, 64]","{""0"": 18.193863290059912, ""1"": 7.8618866605527655, ""2"": 22.143276738347083, ""3"": 22.291445927871074, ""4"": 15.782734148157125, ""5"": 16.400160883914282, ""6"": 17.381852773551785, ""7"": 17.17302560200387, ""8"": 22.746694256612294, ""9"": 12.451501515361517}","[108.0429540297988, 45.029751758077005, 35.78019138903435, 32.31033300832571, 26.733681575899507, 19.61056666177342, 17.339561706414575, 16.5468897653595, 13.673071920682542, 13.293070639667665, 11.209191238438546, 9.85762299263624, 9.395387294965735, 7.908739433385321, 7.575616463619635, 7.243002501051473, 6.7509839532459885, 6.435952478036524, 5.962021739383862, 5.148406551713594, 4.8767748397158615, 4.59992695608369, 4.058949876279173, 3.879862615426235, 3.497022449814178, 3.395009284184079, 2.979844250867095, 2.7908647119342143, 2.7271004294052417, 2.6160129635629077, 2.542340763945959, 2.274549743471099, 2.191189499141099, 2.0434977063495166, 1.9058632251929895, 1.8463654973043855, 1.710415889928471, 1.6426494122487332, 1.526203301842327, 1.435137393268826, 1.3335989804383164, 1.2869038085086866, 1.1731222802212862, 1.0941934161938378, 1.0618029204340265, 0.9515974473929605, 0.6657412255805789, 3.3460372281429413e-15, 7.518403682102894e-16, 6.156654091343743e-16, 1.8770600991485112e-16, 1.1194415123717075e-16, 1.7623752786692982e-17, 2.743008035928285e-32, 4.187816422909913e-33, 0.0, 0.0, 0.0, 0.0, 0.0, 0.0, 0.0, 0.0, 0.0]"
dimension,L64,1,hybrid_hbb,HBB,z,bp,sample_x_spatial_location,channel,0.1305390625,0.875,0.125,0.875,0.8891700726256357,0.07742857142857143,20.169725838392964,6.8323194058273256,0.31515196622489006,56,50,0.983581178355962,0.8625,0.9255000000000001,6.5678189655009644,3.303385973740213,0.10962860172898423,-0.03454350270824722,4,9,2.5070995365630306,47.09978617098016,8.165320560512813,"[2000, 64, 1, 1]","[2000, 64]","[2000, 64]","{""0"": 19.323317366166652, ""1"": 8.607123626671099, ""2"": 23.5154920290467, ""3"": 23.040544825000687, ""4"": 21.422905779271115, ""5"": 20.418166784691362, ""6"": 18.382431746211118, ""7"": 18.34683492725519, ""8"": 23.43739273522189, ""9"": 18.8536155735598}","[93.2563751066275, 48.35173632383278, 43.16313460006306, 38.40364778436023, 30.853556174089, 26.45432315769433, 23.336950546211657, 22.15790251699867, 19.71605817086335, 18.209390875393016, 16.27174533716405, 15.540205051256002, 14.031438211718077, 13.263795096930368, 12.306098156085211, 11.342364008333766, 10.894484651098011, 10.373058528008562, 9.594100219459428, 9.504179076271711, 8.755202882458535, 8.353524550240548, 7.6591642748297915, 7.500222477002494, 7.165171624239864, 6.857640915459694, 6.386578993500887, 6.037360642145152, 5.883531272143037, 5.562018237197525, 5.311207973380793, 5.108434621988986, 4.721672437594501, 4.457773631191501, 4.247684957814829, 4.077273882177012, 3.8365872418063254, 3.778279034250024, 3.505335543594106, 3.4099487887596713, 3.2855884797798476, 3.125899171544508, 3.0411951226884892, 2.8984029315040756, 2.8103541853592495, 2.6842346654961426, 2.5712830660575015, 2.324991072107243, 2.1963706059105155, 2.1187617517533655, 2.0645691214663575, 1.8274565167078447, 1.752528692136148, 1.689673655919443, 1.6234741337203387, 1.5034006117381984, 3.2858418480442594e-15, 9.97975435202341e-16, 2.2390884233498636e-16, 0.0, 0.0, 0.0, 0.0, 0.0]"
dimension,L64,2,full_bp,BBB,z,bp,sample_x_spatial_location,channel,0.0386015625,0.984375,0.015625,0.9375,0.9199348921012727,0.05735714285714286,22.98700624363303,7.943472504644544,0.3591719725567661,63,50,0.9652905196417123,0.858,0.9164999999999999,6.574748829433871,3.297365605471381,0.10929439917282523,-0.029560860669581204,4,9,2.4893956231189796,47.09575341307209,8.113654790083814,"[2000, 64, 1, 1]","[2000, 64]","[2000, 64]","{""0"": 18.618349875290377, ""1"": 8.633716903289077, ""2"": 23.369610405977337, ""3"": 22.942387923299833, ""4"": 21.758187937460775, ""5"": 20.261665627660715, ""6"": 18.74250616344161, ""7"": 18.307543053579025, ""8"": 23.612712961007713, ""9"": 18.975135942037177}","[139.32749134609338, 84.11057773575197, 67.40272544436894, 65.4953579432246, 54.32637314064855, 51.492303636405474, 39.922191573291435, 37.78427914822152, 34.0552906785563, 30.59923293058403, 28.44102035750079, 26.26769508450056, 24.50072261589353, 23.452237336706748, 21.332799793793132, 19.76906233266011, 19.688869935099, 17.837425170525066, 16.284525362326463, 15.49645655410291, 15.331807726533576, 14.853798338044328, 13.888747971732508, 12.866069562945812, 12.540197377773135, 12.038331141133437, 11.563273901137926, 10.121365347667613, 9.91238011793431, 9.593703417514268, 9.431460369588327, 9.1999667866682, 8.688036377428512, 8.247219564773049, 7.763594648918802, 7.538927349698432, 7.413546357380124, 6.869407836030586, 6.616234047509446, 5.991581253713242, 5.896252337280139, 5.864101625052541, 5.6565269047550855, 5.270598743778149, 5.037655479649184, 4.9000150822101185, 4.7101855341359, 4.44726769549753, 4.343134176020498, 4.187643007008668, 3.9318322025188617, 3.7870118726434634, 3.7637770189617537, 3.6938974401845415, 3.5137703506071656, 3.358848639756445, 3.082388394914181, 2.968664763525258, 2.7942098535690216, 2.571343783412111, 2.4374037089996627, 2.065020838742621, 0.40625958119038785, 0.0]"
dimension,L64,2,full_hebbian,HHH,z,hebbian,sample_x_spatial_location,channel,0.5177734375,0.953125,0.046875,0.109375,0.4678924870096007,0.14285714285714285,1.013705139950528,1.0068318638105054,0.015839142811727,55,50,0.9999987856615462,0.827,0.807,6.360797698031122,3.2065690411845114,0.10302534639830359,-0.03780809585195115,4,9,2.2508157792716066,47.356207001380376,7.987580524744197,"[2000, 64, 1, 1]","[2000, 64]","[2000, 64]","{""0"": 14.0670990715506, ""1"": 8.22128807463206, ""2"": 20.332713332073126, ""3"": 20.843153277122642, ""4"": 14.346938218713918, ""5"": 18.85247702713564, ""6"": 16.91951901374236, ""7"": 15.365066521820964, ""8"": 23.18823154285418, ""9"": 16.385193776517152}","[680.0496726127308, 0.9246764227925564, 0.7953068071354847, 0.645237391915723, 0.4430790820540731, 0.35547572584584874, 0.28168504671788364, 0.1894018358634515, 0.13109852466161392, 0.09409458731833759, 0.08188721688927579, 0.07759596885966874, 0.06069750649140613, 0.05536545770858978, 0.04956319273469137, 0.04341277951146386, 0.03836099189996768, 0.0379482653747946, 0.03212874782963396, 0.027664771780391593, 0.025355661304402494, 0.023233793471746558, 0.02222584598527698, 0.020307123033818823, 0.01820541007425038, 0.0169139940865932, 0.016201309894057905, 0.014739398681249868, 0.013932810078271761, 0.013433447611468148, 0.012164269808781589, 0.010518154836223717, 0.009104863273129208, 0.00831674384821346, 0.008266817072445249, 0.007679953449391912, 0.007204380634952184, 0.005598012378570636, 0.005146548887169681, 0.004754301886602471, 0.00429902488955258, 0.003995482915123409, 0.0022238625093238783, 0.002094737776062386, 0.001316256698486249, 0.0009691247966952351, 0.0007464150918262165, 0.0007159202333869374, 0.0005758083354736195, 0.0005049775432998263, 0.0003785636930250138, 0.0001957799454673535, 6.034770512276868e-06, 1.5525938870328786e-06, 4.219526995600739e-08, 1.0687194406733048e-13, 1.7354075132476563e-15, 4.202410410274575e-16, 7.176853078506136e-18, 9.348404496180594e-25, 0.0, 0.0, 0.0, 0.0]"
dimension,L64,2,hybrid_hhb,HHB,z,bp,sample_x_spatial_location,channel,0.1877734375,0.859375,0.140625,0.828125,0.8793630324337918,0.05607142857142857,12.443805695085741,4.468921129779233,0.1944344639857147,55,50,0.9943981845863163,0.8785000000000001,0.9179999999999999,6.556807607436203,3.300330192292882,0.10945710726836984,-0.033362679393292335,4,9,2.4342610659790176,47.08613355861814,8.110012865624652,"[2000, 64, 1, 1]","[2000, 64]","[2000, 64]","{""0"": 18.669307952762953, ""1"": 7.9252613909968375, ""2"": 23.425622872425862, ""3"": 23.150791313781824, ""4"": 21.30188857021697, ""5"": 20.360947529615807, ""6"": 18.161420265319894, ""7"": 18.051921913898788, ""8"": 23.754550650725903, ""9"": 18.389974999804117}","[107.30173580048012, 47.227117946660414, 32.21612574287051, 29.010096310263805, 24.623037261807795, 20.040580069099672, 17.895948280253076, 15.74310726188501, 13.547822060804833, 12.4483650841922, 12.080699593923676, 10.52932525452503, 9.359690305406557, 8.663600735405122, 8.049120766179088, 8.000967219893193, 7.129524657210308, 6.765871133696314, 5.91042116556476, 5.511856816137594, 5.020743745200266, 4.753998896428334, 4.676730548757277, 4.085070567830666, 4.004325945031085, 3.8605094702534304, 3.531024973306943, 3.3379891569129874, 3.2288327503445715, 3.010132223913475, 2.810273698661384, 2.733891428596532, 2.5203396251935732, 2.326072298396642, 2.2402763740361786, 2.214359640672355, 1.9613386171061793, 1.8207154877054073, 1.7413433182419344, 1.6604622987751745, 1.6434663512374499, 1.5379931330697194, 1.5296648915535498, 1.4372971314402447, 1.3860165607178911, 1.2923214843142654, 1.1825600027487029, 1.1485250898388872, 1.0775971068414814, 1.0078584537332305, 0.9338492225970131, 0.7986402206964933, 0.41508879356468825, 0.28681153338281795, 0.2518598733944433, 5.553485294702131e-16, 2.714339997524242e-16, 2.5862967131964615e-16, 7.686245470154666e-17, 3.6224289916236584e-17, 8.6707181000851e-34, 0.0, 0.0, 0.0]"
dimension,L64,2,hybrid_hbb,HBB,z,bp,sample_x_spatial_location,channel,0.0065859375,1,0,0.984375,0.9149002938537752,0.07807142857142857,22.321971991952694,7.843634246433911,0.34878081237426084,64,50,0.9619391190353781,0.8654999999999999,0.9209999999999999,6.574209132097573,3.292920345330244,0.10885488815134281,-0.03256836336576586,4,9,2.515010142067874,47.13977055764098,8.169184952177169,"[2000, 64, 1, 1]","[2000, 64]","[2000, 64]","{""0"": 18.89521431914322, ""1"": 8.375965354002684, ""2"": 23.721740381055092, ""3"": 22.848630956227204, ""4"": 21.628368030535697, ""5"": 20.10759635233491, ""6"": 18.347925362856405, ""7"": 18.498302967721884, ""8"": 23.380544792153515, ""9"": 18.80029988182326}","[74.51716886806429, 48.95417731140107, 37.87658570343187, 34.74743421978448, 26.721281883609336, 26.12997890040938, 20.322066140491305, 19.428906347236307, 17.976576529525662, 16.43259983426147, 14.929169550349172, 13.548860064024877, 12.863850251356546, 12.106785733230257, 10.707614889958045, 10.351345479419674, 9.816931018914056, 9.056544085394785, 8.722554064710206, 7.874536438272273, 7.634544050818728, 7.395837389550124, 7.124539634322005, 6.951541209296571, 6.511234339075059, 6.265259061005932, 5.65668819685813, 5.512680623683081, 5.3670200408038315, 4.966309276317885, 4.938392384442662, 4.623486785868539, 4.48055031104196, 4.154031808919709, 3.88379613672438, 3.7963838277256428, 3.5615453414237335, 3.5321981431369363, 3.4696682019826763, 3.294373073826304, 3.1076808444514272, 2.995193215089681, 2.9173397406188073, 2.7145480088833676, 2.6345248704250706, 2.4878250679533336, 2.4682298086619707, 2.3103829374584826, 2.241192726672191, 2.204757474428706, 2.1422205967301884, 1.9959062544602093, 1.8946652095467056, 1.8692644907374534, 1.7799130575611022, 1.688573685593455, 1.6000788550508633, 1.5360366968308559, 1.4812125674713374, 1.405021245711085, 1.349020527003984, 1.2474352195277711, 1.1495026677003293, 1.0598447616105993]"
dimension,L64,3,full_bp,BBB,z,bp,sample_x_spatial_location,channel,0.05346875,0.953125,0.046875,0.953125,0.90421904349602,0.0565,21.513318046362755,7.401716331461516,0.33614559447441805,61,50,0.968280149390921,0.857,0.9219999999999999,6.5715511644901845,3.309446628290287,0.11006711170719673,-0.03184596937641547,4,9,2.54434807581457,47.083467250002336,8.17917246692279,"[2000, 64, 1, 1]","[2000, 64]","[2000, 64]","{""0"": 18.83725113553211, ""1"": 8.34121430719008, ""2"": 23.264734067084486, ""3"": 23.191649406114223, ""4"": 21.727250248729245, ""5"": 20.93059850678683, ""6"": 18.942120749470778, ""7"": 18.812467877033377, ""8"": 23.868198521663764, ""9"": 19.11047217721746}","[131.75590417242285, 74.50022036724674, 67.6651315421161, 57.36525352656827, 47.7002202446899, 41.533208320737344, 34.534357552074155, 32.73852833649327, 30.564657496350858, 28.001870217869385, 25.21627610147641, 24.30300212948826, 23.06578593772983, 19.75138005942535, 18.649708131066745, 16.973466008424715, 15.974154505432566, 15.658320144575217, 14.059245277229474, 13.296086490635677, 12.657046543911193, 12.131672185845341, 11.459098008733205, 10.765620399863122, 10.396713949381196, 9.905164776715779, 9.724255713845855, 9.272561755593578, 8.622129917975201, 8.319647466596567, 7.663524985886223, 7.463929412997962, 7.320764060779625, 6.907660445978883, 6.486691250880839, 6.115902768155994, 6.087858645476913, 5.884792682217893, 5.384373261636082, 5.201529570859163, 5.095892097355979, 4.876361072761024, 4.812554811163061, 4.562085281439501, 4.254308977415472, 4.1467039490333155, 4.102036746681395, 4.047836139184167, 3.7590841476512096, 3.5762482498937573, 3.4514677778301515, 3.365620515973562, 3.239962369729007, 3.045719837159584, 2.9756150230600196, 2.861130021294126, 2.675943353231941, 2.6350203699897237, 2.4330368321484315, 2.141292066748235, 2.084193674373209, 1.661387397063407e-16, 0.0, 0.0]"
dimension,L64,3,full_hebbian,HHH,z,hebbian,sample_x_spatial_location,channel,0.5300078125,0.953125,0.046875,0.109375,0.4678924870096007,0.14285714285714285,1.013859982719699,1.0069085638391078,0.015841562229995297,55,50,0.9999962663948736,0.8344999999999999,0.8170000000000002,6.422257430713544,3.2272594328979003,0.10465082527202595,-0.0248329372227515,4,9,2.06694614878465,47.2598579187649,7.9438996391470456,"[2000, 64, 1, 1]","[2000, 64]","[2000, 64]","{""0"": 14.444991184764662, ""1"": 7.806893784003203, ""2"": 20.017091460163176, ""3"": 18.276770725020068, ""4"": 18.740406868959013, ""5"": 17.88275077784613, ""6"": 18.367829953456816, ""7"": 17.052227458088698, ""8"": 21.48176771958343, ""9"": 18.31038070507708}","[428.8319785597608, 0.5501851189108461, 0.48620207929154846, 0.3810392601458151, 0.27334361494410964, 0.24808967077143934, 0.12063114786971606, 0.11504888677706869, 0.10063498065968951, 0.07703384793968998, 0.06929444787534822, 0.06212817671316731, 0.04307134022746377, 0.03779736599957541, 0.03494107698635557, 0.034306000094780624, 0.03205521843147248, 0.02742304880412175, 0.02235694840623309, 0.0212678252019471, 0.01892732160171854, 0.0177182591418415, 0.015475597503947253, 0.014857846015904737, 0.012633917201928377, 0.011949562513304876, 0.011866052224318515, 0.01094474971395489, 0.010314333643320446, 0.009814474400429226, 0.009308907626992345, 0.008706342394962168, 0.007904982332907378, 0.0076543603084122626, 0.006753252768341492, 0.006612561937082944, 0.006041566909697727, 0.005497386969414006, 0.005149050833217857, 0.004890037741178277, 0.003651168011573589, 0.0029952835046830177, 0.00277990308671337, 0.002537458645258993, 0.0022067645133446775, 0.0017835871191671277, 0.0013591773717881177, 0.0013265262367411449, 0.0012980547757321832, 0.0011859483637643624, 0.0010342458805308989, 0.0002783819340645697, 0.00025395104728772786, 5.202619226754809e-05, 3.614795011737123e-09, 5.511490758778194e-15, 1.9643458612557076e-15, 9.746693356587445e-18, 6.128455673112128e-18, 2.662764300608359e-18, 0.0, 0.0, 0.0, 0.0]"
dimension,L64,3,hybrid_hhb,HHB,z,bp,sample_x_spatial_location,channel,0.1753671875,0.84375,0.15625,0.84375,0.8627925024841373,0.07814285714285714,11.51100340441283,4.103986953265723,0.17985942819395048,54,50,0.9938080955762416,0.8714999999999999,0.9155000000000001,6.561016376440002,3.306604770498489,0.10991625063419964,-0.03268458585664599,4,9,2.453079665618304,47.07263448897006,8.133572282315093,"[2000, 64, 1, 1]","[2000, 64]","[2000, 64]","{""0"": 18.802598010055583, ""1"": 7.938751514143322, ""2"": 23.256490686048807, ""3"": 22.72418627601199, ""4"": 21.35366364888688, ""5"": 20.117689400764988, ""6"": 17.833164116348474, ""7"": 17.65356972701616, ""8"": 23.894594088216706, ""9"": 18.877059028014557}","[98.58612089430602, 34.13028478564543, 27.606557379723515, 24.20719488444225, 23.297318539697752, 15.401218605978807, 13.351644241758313, 12.730556080196246, 11.872530518102892, 10.075506476526632, 9.760961072811142, 8.213988314800424, 7.49357666167904, 7.247027864869636, 6.488231179264917, 5.991405981722174, 5.57235930939585, 5.183027306052645, 4.840287659316168, 4.470647318482624, 4.432403929031796, 4.070456570656388, 3.865205228835129, 3.643746793281805, 3.507970538689196, 3.3409829218663805, 2.9443587082413583, 2.8925729129198987, 2.8418351566522064, 2.7034660460850612, 2.5846469463938075, 2.23788114277061, 2.1989545296888617, 1.984343752409123, 1.9543873572652093, 1.9127522805283876, 1.7471310240420046, 1.6648439186270851, 1.6086320748755978, 1.5438482433947336, 1.517433536123793, 1.433055059172035, 1.3360304571681065, 1.2808359010515125, 1.2178925675723813, 1.185450350615998, 1.0288430009805893, 1.0131004085140336, 0.9894336301110216, 0.8880447525310163, 0.8722462879958606, 0.7046533514574734, 0.5573047971544911, 0.3709646718338698, 8.044982917659815e-16, 4.96528209604851e-16, 4.621907495244643e-16, 2.527620841256308e-16, 6.006026070769504e-17, 4.2003258890944925e-17, 0.0, 0.0, 0.0, 0.0]"
dimension,L64,3,hybrid_hbb,HBB,z,bp,sample_x_spatial_location,channel,0.036046875,0.984375,0.015625,0.96875,0.9194456461891355,0.0575,20.788990354627803,6.950423089379907,0.3248279742910594,63,50,0.966679967707023,0.86,0.9259999999999999,6.569059812515432,3.3042785618874877,0.1096918240150329,-0.03495694021580994,4,9,2.5287616315607626,47.10046665987622,8.174902032769886,"[2000, 64, 1, 1]","[2000, 64]","[2000, 64]","{""0"": 18.735454235263788, ""1"": 8.213427066193693, ""2"": 23.220003964151147, ""3"": 22.624278377450576, ""4"": 21.519099811365024, ""5"": 20.471939909276298, ""6"": 18.443720921678658, ""7"": 18.509823735255583, ""8"": 23.808111239339215, ""9"": 19.058283177098588}","[86.20459624636172, 44.779659334224256, 40.21301766621728, 36.183806802738026, 27.98128014499696, 25.9922318928528, 21.353293667227163, 20.414117210520747, 18.043824945887902, 16.72269862196491, 15.368499694609243, 13.981228165320207, 13.006023557355954, 11.926808481504041, 10.617740729371736, 10.22285182821455, 10.005380533132138, 9.65835286595969, 8.458924316144849, 8.056888839457558, 7.686539438246793, 7.51354189738723, 6.997170697731143, 6.688420560946162, 6.395984702263615, 6.144580226910831, 6.005907553649545, 5.69468418796011, 5.392879989786092, 5.074913615641231, 4.891180732588722, 4.722438291928973, 4.384634183943128, 4.23075706777225, 4.012211747786989, 3.885057435030393, 3.614498512491874, 3.511272317944148, 3.3851226528640073, 3.3303331008540202, 3.218494236534364, 3.08722813359111, 2.9325183332887033, 2.8419601104794654, 2.667137384362861, 2.552741772251612, 2.367525156722933, 2.3515528161483408, 2.2313857500795953, 2.2093708179704583, 2.1602878456914985, 2.0317225228028133, 1.94688283652739, 1.8875969975882139, 1.766018311190239, 1.6901712047764852, 1.652074861133891, 1.6481175098859164, 1.4646129221455129, 1.3496531592688654, 1.1733013972731343, 1.0042242617994235, 0.1704833620830939, 5.925639211068418e-16]"
dimension,L64,4,full_bp,BBB,z,bp,sample_x_spatial_location,channel,0.348078125,0.65625,0.34375,0.65625,0.8464390024338864,0.06778571428571428,15.708266059575005,5.790863504860992,0.24544165718085945,42,50,0.9999997497070723,0.867,0.931,6.172579301610924,3.2967393985222877,0.10915299447168211,-0.004912559379007968,4,9,2.591554166009843,47.099322885448004,8.104936017685903,"[2000, 64, 1, 1]","[2000, 64]","[2000, 64]","{""0"": 16.700427088270807, ""1"": 7.264541470116524, ""2"": 17.64397618793767, ""3"": 20.9105835152772, ""4"": 18.854608857594112, ""5"": 15.987738986250315, ""6"": 12.879488350841672, ""7"": 12.384403317474883, ""8"": 20.290831360008024, ""9"": 12.554008036161841}","[267.7008565883368, 136.93064037650223, 120.70687232219528, 108.84442707104152, 80.25816310617104, 68.48529426925793, 64.00199806910967, 55.82539667536148, 51.40509053196059, 47.99271990096372, 43.44435462657134, 38.129725487783865, 36.31829055812495, 32.62384249177815, 31.64048564383597, 28.049175442281193, 27.196756882986033, 23.89267733179582, 21.8102940545581, 21.023051163341503, 20.510863387395787, 18.871876804250004, 17.38600834242054, 15.750367080477867, 15.159905153662898, 14.60774317127206, 13.191876680331593, 12.650468929976867, 11.600654085389493, 11.380052580931043, 11.0805594911058, 10.139130201253352, 9.502379420758015, 8.952292349346378, 8.105951012764704, 7.9375182442970145, 7.109956961774688, 6.869581215274155, 6.526275657255737, 6.062848625326815, 5.746148220243999, 4.796550427959786, 2.0176138925136548e-14, 8.618083058815642e-15, 4.844229052398564e-15, 2.3926368747192534e-15, 9.377046621429296e-16, 8.735884129768498e-16, 1.1390578247981187e-16, 3.336755919495037e-31, 9.135501665655825e-32, 0.0, 0.0, 0.0, 0.0, 0.0, 0.0, 0.0, 0.0, 0.0, 0.0, 0.0, 0.0, 0.0]"
dimension,L64,4,full_hebbian,HHH,z,hebbian,sample_x_spatial_location,channel,0.4473359375,0.96875,0.03125,0.109375,0.4678924870096007,0.14285714285714285,1.0185098946747102,1.0092171320018515,0.015914217104292347,56,50,0.9999969173220506,0.8535,0.8154999999999999,6.444843441453527,3.219479531708491,0.10376099178733131,-0.04450806114795881,4,9,2.221792722285584,47.3469698800176,8.058622606415687,"[2000, 64, 1, 1]","[2000, 64]","[2000, 64]","{""0"": 16.158712267404706, ""1"": 7.104987299556595, ""2"": 21.56874690635328, ""3"": 20.44460260209804, ""4"": 17.864435884911405, ""5"": 19.21292239056305, ""6"": 19.01371190703064, ""7"": 19.623559410309984, ""8"": 24.01183148614903, ""9"": 17.095494881630295}","[861.2233987462463, 1.7909614575660764, 1.1437446021262265, 0.8833101646199939, 0.7580788288795792, 0.5505122316435986, 0.4898052422771993, 0.3405360008515747, 0.2985945647172094, 0.2239322577459628, 0.19446737424503424, 0.15944002617602, 0.10043053590599292, 0.09856719950681996, 0.08466549688958463, 0.0695556839298319, 0.06626182989104791, 0.05974657336540697, 0.05804631315373705, 0.05148379939363538, 0.04552053429392916, 0.04012112520457972, 0.03630647078730653, 0.03476897317407392, 0.030155646198588838, 0.029053654355101623, 0.025340564546944187, 0.024624367617414926, 0.02189858805678705, 0.021558011475574554, 0.01889441315270639, 0.018303438592507163, 0.016223083022804233, 0.015541607120341229, 0.01434992750057192, 0.013039918160453018, 0.012813021338692297, 0.012484563416959072, 0.012225041626358346, 0.0111733768045264, 0.009779099813969775, 0.008566133075700371, 0.007790143111209865, 0.006303687290160348, 0.0059762594003567445, 0.005391050352432035, 0.005106864753807001, 0.0040055798195040996, 0.0034970740413528224, 0.0023043897094884233, 0.000952412351245987, 0.0009408994214562957, 0.000773003925616917, 8.601621311850815e-05, 3.6210458466298296e-07, 2.646126315007153e-07, 1.1674504302826433e-16, 7.325429625231297e-18, 2.983763257025697e-18, 1.1966909115420678e-18, 5.476581248765161e-19, 0.0, 0.0, 0.0]"
dimension,L64,4,hybrid_hhb,HHB,z,bp,sample_x_spatial_location,channel,0.3347421875,0.671875,0.328125,0.671875,0.8479969731734538,0.07235714285714286,10.325556901814611,3.8332946139805646,0.1613368265908533,43,50,0.9999997082632239,0.8825000000000001,0.9205,6.21656291980325,3.2722330808134523,0.10743696016418512,-0.020073672204040535,4,9,2.4288089941769515,47.17187926420322,8.072256185401743,"[2000, 64, 1, 1]","[2000, 64]","[2000, 64]","{""0"": 17.34207011220274, ""1"": 6.479550307352983, ""2"": 17.48958299598623, ""3"": 16.242620172325086, ""4"": 19.123986505502163, ""5"": 15.593361465859873, ""6"": 17.070347554685235, ""7"": 12.667838870573565, ""8"": 21.307738701375495, ""9"": 11.909967497710621}","[194.79262133704464, 62.33843237838264, 54.658914850946886, 48.10855520218497, 40.94716679660452, 29.76728663470894, 27.036623880548166, 24.636929921512916, 20.055100881698884, 19.391726257876506, 19.061637296903864, 16.559872769302302, 14.346021775140477, 13.033982783866762, 12.741379111654341, 11.730261082723723, 10.890283029504673, 9.965258807077209, 8.995326455452737, 8.732987265037574, 8.248179975245343, 7.624215002566497, 6.769594595366629, 6.4779578005091825, 6.064305795373523, 5.744853587425389, 5.273303859481818, 5.02197234408305, 4.565094504129868, 4.250149186054022, 4.123606024388026, 3.9400186755357183, 3.7042615874740457, 3.6090437588107855, 3.4355952894544903, 3.0540986109481234, 2.9925632522878547, 2.6924070277067695, 2.6510370663260105, 2.4454472986606692, 2.258437369771373, 2.075426017304149, 1.8855690673728223, 4.106950609167286e-15, 2.6110468385003863e-15, 1.945927766447791e-15, 1.56383334779495e-15, 1.0750630049387812e-15, 4.565462958972023e-16, 2.208677568244187e-16, 1.5942418260226156e-16, 3.4690234046335175e-31, 6.671374350921899e-32, 0.0, 0.0, 0.0, 0.0, 0.0, 0.0, 0.0, 0.0, 0.0, 0.0, 0.0]"
dimension,L64,4,hybrid_hbb,HBB,z,bp,sample_x_spatial_location,channel,0.36346875,0.640625,0.359375,0.640625,0.8272289072958351,0.07228571428571429,15.887873608130187,6.340697680029515,0.24824802512703417,41,50,0.999999880092232,0.8789999999999999,0.9254999999999999,6.11936398325202,3.290691598502777,0.10871340557197726,-0.0035622276654153407,4,9,2.571511353659899,47.118300455828326,8.097496578567487,"[2000, 64, 1, 1]","[2000, 64]","[2000, 64]","{""0"": 12.793471123421204, ""1"": 8.05046623343417, ""2"": 15.581756028450297, ""3"": 19.134913879975954, ""4"": 18.93067872306772, ""5"": 14.30372755047409, ""6"": 15.6541800734107, ""7"": 17.006679624630735, ""8"": 15.54634044697595, ""9"": 10.88035221570639}","[132.05182347704113, 82.49071881633063, 73.20711803414335, 59.014334247100635, 50.81169067959121, 40.04349988115191, 32.55033519063995, 31.01196969587088, 27.118006566729427, 25.07857555337606, 22.72553979240852, 19.517672839149135, 19.098430546154148, 17.293111465294977, 14.978220286807286, 14.295751595976917, 13.425001565175029, 13.25671160946216, 11.880294335052458, 11.460667606004264, 10.370280279178353, 9.655886346423296, 8.991016243101747, 8.279529695715063, 8.017867922564761, 7.675652181834948, 7.315488354963927, 7.007340017951901, 6.058279788983853, 5.750769573006041, 5.6857074317955645, 5.42049601786194, 4.863884827439884, 4.628335252191749, 4.435878645690576, 4.120730151722621, 3.973605085628425, 3.781866504352686, 3.6616894452236517, 3.3556226787425163, 2.9412905367081277, 5.0523503529390465e-15, 4.080350451637893e-15, 1.1042093399883684e-15, 7.198200432577737e-16, 1.4497378233646729e-16, 2.434993439421076e-31, 1.8967701194745588e-31, 8.488535303196188e-32, 3.128407292014384e-32, 3.326437769015617e-33, 0.0, 0.0, 0.0, 0.0, 0.0, 0.0, 0.0, 0.0, 0.0, 0.0, 0.0, 0.0, 0.0]"
architecture,balanced,0,full_bp,BBB,z,bp,sample_x_spatial_location,channel,0.1465234375,0.859375,0.140625,0.859375,0.8964696946312127,0.08242857142857143,20.10801888670681,7.01333736476586,0.3141877951047939,55,50,0.9859779756516218,0.8615,0.9225,6.570674906509049,3.317256027511374,0.110656124251281,-0.03251736266961936,4,9,2.5609590598865988,47.057081175054854,8.186750667132298,"[2000, 64, 1, 1]","[2000, 64]","[2000, 64]","{""0"": 19.30884766882825, ""1"": 8.689962486949176, ""2"": 24.156556167243306, ""3"": 23.074927199923422, ""4"": 21.59958382530557, ""5"": 20.50899668636074, ""6"": 19.127610994179697, ""7"": 18.83489967067179, ""8"": 23.82750711457913, ""9"": 19.332062585685172}","[166.13938330429676, 97.8351066421319, 77.10476823675364, 71.89713682496685, 53.92236404850964, 51.65616962226864, 43.52392307305254, 40.424156132610186, 36.96760811571648, 32.456732909597946, 29.070415359142388, 26.88271128823505, 25.338734336627496, 24.62320254083749, 22.885865773778033, 21.31132952246409, 20.030974565852766, 19.274902074007798, 17.59953673497518, 16.51914635047158, 15.801030698872127, 14.9166166216527, 14.185422373332088, 13.821180144355859, 12.715215463452308, 11.951765086382487, 11.565358327926738, 11.154853537568668, 10.785278276690141, 9.961248581297692, 9.464967218131745, 8.992425109609707, 8.769995773943016, 8.440549723889761, 8.087518871134915, 7.498389970889507, 7.159644738186843, 7.095929068612711, 6.5125325409589365, 6.190065689315603, 5.825140980215713, 5.55758143235302, 5.4011822794076805, 5.1940437653760725, 4.925366329027053, 4.764550564069009, 4.619965884395658, 4.212346186593025, 4.055688588652882, 3.763169590121426, 3.6038741071467304, 3.407838753571237, 3.354991079736423, 3.1513245215564005, 2.8203253524592307, 8.42729136149032e-15, 1.469681360672014e-15, 6.043805268584227e-16, 3.159570052521601e-16, 3.833474965201831e-32, 0.0, 0.0, 0.0, 0.0]"
architecture,balanced,0,full_hebbian,HHH,z,hebbian,sample_x_spatial_location,channel,0.518578125,0.984375,0.015625,0.109375,0.4678924870096007,0.14285714285714285,1.0157807634039004,1.0078632044563647,0.015871574428185944,57,50,0.9999971815412891,0.8594999999999999,0.8405000000000001,6.40456971295408,3.239151244505933,0.10498307896334617,-0.05065034301176971,4,9,2.4834304396691556,47.34690114370303,8.217996248362605,"[2000, 64, 1, 1]","[2000, 64]","[2000, 64]","{""0"": 15.59521360306376, ""1"": 6.115159111741896, ""2"": 22.281905030885017, ""3"": 20.70231871749731, ""4"": 16.19271381835646, ""5"": 21.21621681994498, ""6"": 16.34367890774408, ""7"": 14.984677417128589, ""8"": 22.160142286445605, ""9"": 16.60313319657432}","[705.9224373208435, 1.3588709170581974, 0.8283735253759823, 0.6925993204115868, 0.6023005865809627, 0.3077625643847085, 0.2661348184925787, 0.19043994571785272, 0.14963898608264106, 0.13361241164216134, 0.10479760141258634, 0.08623636795279946, 0.07642317874879387, 0.06521629965579322, 0.0597005301420636, 0.05145767551977221, 0.04824979156188717, 0.04306404539546916, 0.040316883831674276, 0.03765805022803527, 0.03493500510399064, 0.03426825845532814, 0.029790139725186123, 0.024455519583938667, 0.0237125253920634, 0.02307411647750102, 0.021109254794689572, 0.020813607963988835, 0.01798131405851484, 0.0162602852018615, 0.015287962258478989, 0.014622522856999425, 0.013917449506981623, 0.01328527422122555, 0.012512599925139178, 0.011885335051661087, 0.011160500145545389, 0.010024195915119294, 0.009454230936908939, 0.009043491079962074, 0.008467752325136024, 0.007092700686796873, 0.00602780494455908, 0.004820486931593924, 0.0026780869925558844, 0.002603833365912807, 0.0023821764353381143, 0.0016773955445586438, 0.0014464418911452092, 0.0011041591697301357, 0.0007180447847706793, 0.0005131317614994572, 0.00045541299839804445, 0.00019788860677324898, 0.00015199361261233592, 2.4683521948666085e-05, 3.372565031879261e-06, 2.480005756234713e-18, 6.138500059447215e-19, 0.0, 0.0, 0.0, 0.0, 0.0]"
architecture,balanced,0,hybrid_hhb,HHB,z,bp,sample_x_spatial_location,channel,0.2561328125,0.765625,0.234375,0.765625,0.857835240168876,0.07871428571428571,11.822025073827069,4.256696633180105,0.18471914177854795,49,50,1.0000001029984693,0.884,0.921,6.520161628487515,3.3259097552876664,0.11145496954415127,-0.009002305371653804,4,9,2.4466998847342105,46.98016071848088,8.097789459873164,"[2000, 64, 1, 1]","[2000, 64]","[2000, 64]","{""0"": 17.660846683661855, ""1"": 7.351508122295591, ""2"": 23.087578974390016, ""3"": 22.28215262975004, ""4"": 20.49966929761654, ""5"": 20.080861725740483, ""6"": 17.386785573324623, ""7"": 14.963875083404828, ""8"": 23.16696444381788, ""9"": 18.358868149674702}","[135.50092766203835, 50.67245056483898, 42.42517480901033, 34.925935223525826, 30.271991348150618, 23.82939463446663, 22.000620539463828, 20.90013939469436, 16.019807790704732, 14.933319671661748, 13.755821360095116, 12.304490518221696, 10.84866748837466, 10.645999391831063, 9.01058126703645, 8.763953247512351, 8.313862397972613, 8.157788241473403, 7.215876444164683, 6.930196867475859, 6.312797865384911, 6.155444091360266, 5.625808323074277, 5.137461803666553, 4.724391451894395, 4.639145350417636, 4.36631862091999, 4.0531216348404415, 3.9437170521651503, 3.70439796132823, 3.487799201538972, 3.2913373754754978, 3.00468107237588, 2.929815338263267, 2.785181424828768, 2.663688693629127, 2.62881781686345, 2.293321291258522, 2.1513183750311446, 2.0341025445773697, 1.969095240138184, 1.8287773683289472, 1.73728602354428, 1.723859505010079, 1.6645885946653092, 1.4764271641116364, 1.430388222533666, 1.338259880880149, 0.2579944209601253, 2.604622986985548e-15, 1.5925748788675646e-15, 1.2844885937873265e-15, 6.671528048805799e-16, 3.6640895306121957e-16, 9.329844625218051e-17, 2.759449649071499e-32, 0.0, 0.0, 0.0, 0.0, 0.0, 0.0, 0.0, 0.0]"
architecture,balanced,0,hybrid_hbb,HBB,z,bp,sample_x_spatial_location,channel,0.177578125,0.828125,0.171875,0.828125,0.8855149297459567,0.07,18.079015880433367,6.204387656413004,0.28248462313177136,53,50,0.9920709221623838,0.85,0.9185000000000001,6.572248508972843,3.2937311041548805,0.10895731966087135,-0.036384930245503544,4,9,2.518949945969319,47.12562073397083,8.146288930773904,"[2000, 64, 1, 1]","[2000, 64]","[2000, 64]","{""0"": 19.589727078695496, ""1"": 8.45962895299504, ""2"": 23.803332657638197, ""3"": 23.603785962203027, ""4"": 21.455864821138803, ""5"": 20.64041973764915, ""6"": 19.038474238318393, ""7"": 19.10054787441966, ""8"": 23.49545874457755, ""9"": 19.094722401418355}","[101.89126022783628, 50.68254023959729, 47.147234648147986, 37.21100913908677, 30.430708179115364, 27.91150974840276, 24.211185536615233, 21.07235913520616, 18.052567297219245, 17.75337961702612, 16.720219269319756, 14.53664845140397, 13.455640419505025, 12.920992982530684, 11.62806266381686, 10.794715777843011, 10.570017620400158, 10.326851498101043, 9.669971956113626, 8.882147030719908, 8.310176264481997, 8.196468103020157, 7.599181082616809, 7.370823674279364, 6.792067937045354, 6.449632760707798, 5.89839161049637, 5.812412186540098, 5.567910436405928, 5.02267495673781, 4.698143790175441, 4.619760875037248, 4.313452942134987, 4.201588354107434, 4.06375375925465, 3.7743458024961742, 3.6514403545736003, 3.4415777197253123, 3.3557909581912186, 3.069225962471926, 2.9700117940262714, 2.8460432869844308, 2.756065167167222, 2.708863552917283, 2.6210423014557227, 2.5362559186760265, 2.3688293107844154, 2.257424119889405, 2.076157901923986, 1.9419345351289503, 1.7624176434169307, 1.647186879794097, 1.602803873280916, 2.6399133882105733e-15, 1.9245300508565043e-15, 1.0645712039570577e-15, 6.909542179568092e-16, 2.663290013918702e-16, 9.14002595311463e-32, 0.0, 0.0, 0.0, 0.0, 0.0]"
architecture,balanced,1,full_bp,BBB,z,bp,sample_x_spatial_location,channel,0.1617421875,0.84375,0.15625,0.84375,0.9021154829593594,0.07271428571428572,21.026661413267036,7.423101398931031,0.32854158458229743,54,50,0.9882348475512117,0.859,0.929,6.567727702177979,3.301115978250193,0.10948729422232385,-0.03323071516763314,4,9,2.4977592261367207,47.09326127760554,8.131451978797674,"[2000, 64, 1, 1]","[2000, 64]","[2000, 64]","{""0"": 19.39232042174153, ""1"": 8.882777772018638, ""2"": 23.78703697094833, ""3"": 23.215190830300543, ""4"": 21.705258083707793, ""5"": 20.698633194837658, ""6"": 19.10444443954438, ""7"": 19.453370442981466, ""8"": 23.657509585369407, ""9"": 19.030869658591072}","[169.51991867629408, 98.25652258804368, 84.55993200761003, 76.58780250227767, 59.494246925319, 57.07186295113743, 51.616719278864466, 45.05174911263179, 39.672498400080904, 36.007696288257094, 34.893189587483334, 30.37086971732175, 28.896157401301185, 27.034400690876602, 25.2809402705888, 22.980310006384915, 22.09858892043769, 20.540921389081202, 19.455100422231673, 18.03901286879935, 17.556607400904202, 17.205574858774323, 15.497694497162549, 14.938338421480477, 14.198492832403511, 13.496640994384773, 13.175122031010456, 11.971264781421885, 10.878173312345654, 10.668544660051467, 10.509954189708163, 9.472734828759616, 9.224872717622741, 9.08235515539167, 8.595834670048099, 8.212321773751281, 7.605852650755447, 7.195895668371563, 6.997385276371879, 6.6220442689307335, 6.346922116174959, 6.118297046679521, 5.6889332884057255, 5.574352688128358, 5.489523268199258, 5.258892748360963, 5.1115744512901795, 4.609998151884138, 4.496280692184868, 4.32988422067196, 4.012272909460612, 3.867116716525104, 3.681114216561693, 3.244237963472655, 7.140335485622573e-15, 8.705638369675965e-16, 6.129469271617848e-16, 4.510240437476234e-16, 0.0, 0.0, 0.0, 0.0, 0.0, 0.0]"
architecture,balanced,1,full_hebbian,HHH,z,hebbian,sample_x_spatial_location,channel,0.4353671875,0.953125,0.046875,0.109375,0.4678924870096007,0.14285714285714285,1.0164628614639042,1.0082016161395155,0.015882232210373503,55,50,0.9999963364020914,0.8555000000000001,0.841,6.407592133624692,3.27584666338005,0.10777686242614083,-0.05541297715314707,4,9,2.247604946569263,47.155912825836054,8.07460844621592,"[2000, 64, 1, 1]","[2000, 64]","[2000, 64]","{""0"": 17.970084941221444, ""1"": 7.319587251337795, ""2"": 22.308471744179723, ""3"": 20.299178732588427, ""4"": 18.86188715463739, ""5"": 21.524586663617775, ""6"": 17.207189564681343, ""7"": 18.23794164470657, ""8"": 24.96942622267709, ""9"": 18.643878578346023}","[738.8132285489423, 1.3886975789909828, 0.8477452828785721, 0.8420625384454913, 0.5938605120997771, 0.35136244404126227, 0.2711976650214529, 0.23646210164422107, 0.18897520287773484, 0.17379636746686294, 0.13274673687684238, 0.1130806715792222, 0.09045335930133745, 0.08262339460458129, 0.07387102175675588, 0.06666534149225095, 0.058512374729656834, 0.05198374669682531, 0.04711795900690025, 0.04538331224123089, 0.037642633491339145, 0.0353359442558805, 0.027702439786926554, 0.02572636663991692, 0.023464788921198132, 0.020815537891905146, 0.019482628201807742, 0.017141852536976847, 0.016454124446578764, 0.015197655996278535, 0.014467373968962095, 0.013727402573747745, 0.013155931070409318, 0.012653416070615197, 0.011509488022405204, 0.010274393111372567, 0.009668250564856465, 0.008792622568117948, 0.008432285144380235, 0.008223749960069117, 0.007580093660575004, 0.007304403158260272, 0.006869000184310329, 0.0060489941995737935, 0.005950210883599505, 0.004762313733740157, 0.003640516662268541, 0.0029508922943164554, 0.002611026570703148, 0.0025523405057139965, 0.0016982121778071715, 0.0004960295070194215, 0.00028281602538212806, 0.0002207199063741017, 2.8432909240951422e-05, 1.0311312236205512e-16, 1.745090949379035e-17, 1.1098940528640953e-18, 1.0671544351599595e-19, 0.0, 0.0, 0.0, 0.0, 0.0]"
architecture,balanced,1,hybrid_hhb,HHB,z,bp,sample_x_spatial_location,channel,0.2724609375,0.734375,0.265625,0.734375,0.8127149411680655,0.07907142857142857,11.603221924223355,4.331180521602378,0.18130034256598992,47,50,1.0000001485459655,0.8724999999999999,0.9165000000000001,6.407759731365222,3.296491361166294,0.1091409372857402,-0.03672904514621535,4,9,2.464532213171374,47.1102902641946,8.130768815954163,"[2000, 64, 1, 1]","[2000, 64]","[2000, 64]","{""0"": 18.193863290059912, ""1"": 7.8618866605527655, ""2"": 22.143276738347083, ""3"": 22.291445927871074, ""4"": 15.782734148157125, ""5"": 16.400160883914282, ""6"": 17.381852773551785, ""7"": 17.17302560200387, ""8"": 22.746694256612294, ""9"": 12.451501515361517}","[108.0429540297988, 45.029751758077005, 35.78019138903435, 32.31033300832571, 26.733681575899507, 19.61056666177342, 17.339561706414575, 16.5468897653595, 13.673071920682542, 13.293070639667665, 11.209191238438546, 9.85762299263624, 9.395387294965735, 7.908739433385321, 7.575616463619635, 7.243002501051473, 6.7509839532459885, 6.435952478036524, 5.962021739383862, 5.148406551713594, 4.8767748397158615, 4.59992695608369, 4.058949876279173, 3.879862615426235, 3.497022449814178, 3.395009284184079, 2.979844250867095, 2.7908647119342143, 2.7271004294052417, 2.6160129635629077, 2.542340763945959, 2.274549743471099, 2.191189499141099, 2.0434977063495166, 1.9058632251929895, 1.8463654973043855, 1.710415889928471, 1.6426494122487332, 1.526203301842327, 1.435137393268826, 1.3335989804383164, 1.2869038085086866, 1.1731222802212862, 1.0941934161938378, 1.0618029204340265, 0.9515974473929605, 0.6657412255805789, 3.3460372281429413e-15, 7.518403682102894e-16, 6.156654091343743e-16, 1.8770600991485112e-16, 1.1194415123717075e-16, 1.7623752786692982e-17, 2.743008035928285e-32, 4.187816422909913e-33, 0.0, 0.0, 0.0, 0.0, 0.0, 0.0, 0.0, 0.0, 0.0]"
architecture,balanced,1,hybrid_hbb,HBB,z,bp,sample_x_spatial_location,channel,0.1305390625,0.875,0.125,0.875,0.8891700726256357,0.07742857142857143,20.169725838392964,6.8323194058273256,0.31515196622489006,56,50,0.983581178355962,0.8625,0.9255000000000001,6.5678189655009644,3.303385973740213,0.10962860172898423,-0.03454350270824722,4,9,2.5070995365630306,47.09978617098016,8.165320560512813,"[2000, 64, 1, 1]","[2000, 64]","[2000, 64]","{""0"": 19.323317366166652, ""1"": 8.607123626671099, ""2"": 23.5154920290467, ""3"": 23.040544825000687, ""4"": 21.422905779271115, ""5"": 20.418166784691362, ""6"": 18.382431746211118, ""7"": 18.34683492725519, ""8"": 23.43739273522189, ""9"": 18.8536155735598}","[93.2563751066275, 48.35173632383278, 43.16313460006306, 38.40364778436023, 30.853556174089, 26.45432315769433, 23.336950546211657, 22.15790251699867, 19.71605817086335, 18.209390875393016, 16.27174533716405, 15.540205051256002, 14.031438211718077, 13.263795096930368, 12.306098156085211, 11.342364008333766, 10.894484651098011, 10.373058528008562, 9.594100219459428, 9.504179076271711, 8.755202882458535, 8.353524550240548, 7.6591642748297915, 7.500222477002494, 7.165171624239864, 6.857640915459694, 6.386578993500887, 6.037360642145152, 5.883531272143037, 5.562018237197525, 5.311207973380793, 5.108434621988986, 4.721672437594501, 4.457773631191501, 4.247684957814829, 4.077273882177012, 3.8365872418063254, 3.778279034250024, 3.505335543594106, 3.4099487887596713, 3.2855884797798476, 3.125899171544508, 3.0411951226884892, 2.8984029315040756, 2.8103541853592495, 2.6842346654961426, 2.5712830660575015, 2.324991072107243, 2.1963706059105155, 2.1187617517533655, 2.0645691214663575, 1.8274565167078447, 1.752528692136148, 1.689673655919443, 1.6234741337203387, 1.5034006117381984, 3.2858418480442594e-15, 9.97975435202341e-16, 2.2390884233498636e-16, 0.0, 0.0, 0.0, 0.0, 0.0]"
architecture,balanced,2,full_bp,BBB,z,bp,sample_x_spatial_location,channel,0.0386015625,0.984375,0.015625,0.9375,0.9199348921012727,0.05735714285714286,22.98700624363303,7.943472504644544,0.3591719725567661,63,50,0.9652905196417123,0.858,0.9164999999999999,6.574748829433871,3.297365605471381,0.10929439917282523,-0.029560860669581204,4,9,2.4893956231189796,47.09575341307209,8.113654790083814,"[2000, 64, 1, 1]","[2000, 64]","[2000, 64]","{""0"": 18.618349875290377, ""1"": 8.633716903289077, ""2"": 23.369610405977337, ""3"": 22.942387923299833, ""4"": 21.758187937460775, ""5"": 20.261665627660715, ""6"": 18.74250616344161, ""7"": 18.307543053579025, ""8"": 23.612712961007713, ""9"": 18.975135942037177}","[139.32749134609338, 84.11057773575197, 67.40272544436894, 65.4953579432246, 54.32637314064855, 51.492303636405474, 39.922191573291435, 37.78427914822152, 34.0552906785563, 30.59923293058403, 28.44102035750079, 26.26769508450056, 24.50072261589353, 23.452237336706748, 21.332799793793132, 19.76906233266011, 19.688869935099, 17.837425170525066, 16.284525362326463, 15.49645655410291, 15.331807726533576, 14.853798338044328, 13.888747971732508, 12.866069562945812, 12.540197377773135, 12.038331141133437, 11.563273901137926, 10.121365347667613, 9.91238011793431, 9.593703417514268, 9.431460369588327, 9.1999667866682, 8.688036377428512, 8.247219564773049, 7.763594648918802, 7.538927349698432, 7.413546357380124, 6.869407836030586, 6.616234047509446, 5.991581253713242, 5.896252337280139, 5.864101625052541, 5.6565269047550855, 5.270598743778149, 5.037655479649184, 4.9000150822101185, 4.7101855341359, 4.44726769549753, 4.343134176020498, 4.187643007008668, 3.9318322025188617, 3.7870118726434634, 3.7637770189617537, 3.6938974401845415, 3.5137703506071656, 3.358848639756445, 3.082388394914181, 2.968664763525258, 2.7942098535690216, 2.571343783412111, 2.4374037089996627, 2.065020838742621, 0.40625958119038785, 0.0]"
architecture,balanced,2,full_hebbian,HHH,z,hebbian,sample_x_spatial_location,channel,0.5177734375,0.953125,0.046875,0.109375,0.4678924870096007,0.14285714285714285,1.013705139950528,1.0068318638105054,0.015839142811727,55,50,0.9999987856615462,0.827,0.807,6.360797698031122,3.2065690411845114,0.10302534639830359,-0.03780809585195115,4,9,2.2508157792716066,47.356207001380376,7.987580524744197,"[2000, 64, 1, 1]","[2000, 64]","[2000, 64]","{""0"": 14.0670990715506, ""1"": 8.22128807463206, ""2"": 20.332713332073126, ""3"": 20.843153277122642, ""4"": 14.346938218713918, ""5"": 18.85247702713564, ""6"": 16.91951901374236, ""7"": 15.365066521820964, ""8"": 23.18823154285418, ""9"": 16.385193776517152}","[680.0496726127308, 0.9246764227925564, 0.7953068071354847, 0.645237391915723, 0.4430790820540731, 0.35547572584584874, 0.28168504671788364, 0.1894018358634515, 0.13109852466161392, 0.09409458731833759, 0.08188721688927579, 0.07759596885966874, 0.06069750649140613, 0.05536545770858978, 0.04956319273469137, 0.04341277951146386, 0.03836099189996768, 0.0379482653747946, 0.03212874782963396, 0.027664771780391593, 0.025355661304402494, 0.023233793471746558, 0.02222584598527698, 0.020307123033818823, 0.01820541007425038, 0.0169139940865932, 0.016201309894057905, 0.014739398681249868, 0.013932810078271761, 0.013433447611468148, 0.012164269808781589, 0.010518154836223717, 0.009104863273129208, 0.00831674384821346, 0.008266817072445249, 0.007679953449391912, 0.007204380634952184, 0.005598012378570636, 0.005146548887169681, 0.004754301886602471, 0.00429902488955258, 0.003995482915123409, 0.0022238625093238783, 0.002094737776062386, 0.001316256698486249, 0.0009691247966952351, 0.0007464150918262165, 0.0007159202333869374, 0.0005758083354736195, 0.0005049775432998263, 0.0003785636930250138, 0.0001957799454673535, 6.034770512276868e-06, 1.5525938870328786e-06, 4.219526995600739e-08, 1.0687194406733048e-13, 1.7354075132476563e-15, 4.202410410274575e-16, 7.176853078506136e-18, 9.348404496180594e-25, 0.0, 0.0, 0.0, 0.0]"
architecture,balanced,2,hybrid_hhb,HHB,z,bp,sample_x_spatial_location,channel,0.1877734375,0.859375,0.140625,0.828125,0.8793630324337918,0.05607142857142857,12.443805695085741,4.468921129779233,0.1944344639857147,55,50,0.9943981845863163,0.8785000000000001,0.9179999999999999,6.556807607436203,3.300330192292882,0.10945710726836984,-0.033362679393292335,4,9,2.4342610659790176,47.08613355861814,8.110012865624652,"[2000, 64, 1, 1]","[2000, 64]","[2000, 64]","{""0"": 18.669307952762953, ""1"": 7.9252613909968375, ""2"": 23.425622872425862, ""3"": 23.150791313781824, ""4"": 21.30188857021697, ""5"": 20.360947529615807, ""6"": 18.161420265319894, ""7"": 18.051921913898788, ""8"": 23.754550650725903, ""9"": 18.389974999804117}","[107.30173580048012, 47.227117946660414, 32.21612574287051, 29.010096310263805, 24.623037261807795, 20.040580069099672, 17.895948280253076, 15.74310726188501, 13.547822060804833, 12.4483650841922, 12.080699593923676, 10.52932525452503, 9.359690305406557, 8.663600735405122, 8.049120766179088, 8.000967219893193, 7.129524657210308, 6.765871133696314, 5.91042116556476, 5.511856816137594, 5.020743745200266, 4.753998896428334, 4.676730548757277, 4.085070567830666, 4.004325945031085, 3.8605094702534304, 3.531024973306943, 3.3379891569129874, 3.2288327503445715, 3.010132223913475, 2.810273698661384, 2.733891428596532, 2.5203396251935732, 2.326072298396642, 2.2402763740361786, 2.214359640672355, 1.9613386171061793, 1.8207154877054073, 1.7413433182419344, 1.6604622987751745, 1.6434663512374499, 1.5379931330697194, 1.5296648915535498, 1.4372971314402447, 1.3860165607178911, 1.2923214843142654, 1.1825600027487029, 1.1485250898388872, 1.0775971068414814, 1.0078584537332305, 0.9338492225970131, 0.7986402206964933, 0.41508879356468825, 0.28681153338281795, 0.2518598733944433, 5.553485294702131e-16, 2.714339997524242e-16, 2.5862967131964615e-16, 7.686245470154666e-17, 3.6224289916236584e-17, 8.6707181000851e-34, 0.0, 0.0, 0.0]"
architecture,balanced,2,hybrid_hbb,HBB,z,bp,sample_x_spatial_location,channel,0.0065859375,1,0,0.984375,0.9149002938537752,0.07807142857142857,22.321971991952694,7.843634246433911,0.34878081237426084,64,50,0.9619391190353781,0.8654999999999999,0.9209999999999999,6.574209132097573,3.292920345330244,0.10885488815134281,-0.03256836336576586,4,9,2.515010142067874,47.13977055764098,8.169184952177169,"[2000, 64, 1, 1]","[2000, 64]","[2000, 64]","{""0"": 18.89521431914322, ""1"": 8.375965354002684, ""2"": 23.721740381055092, ""3"": 22.848630956227204, ""4"": 21.628368030535697, ""5"": 20.10759635233491, ""6"": 18.347925362856405, ""7"": 18.498302967721884, ""8"": 23.380544792153515, ""9"": 18.80029988182326}","[74.51716886806429, 48.95417731140107, 37.87658570343187, 34.74743421978448, 26.721281883609336, 26.12997890040938, 20.322066140491305, 19.428906347236307, 17.976576529525662, 16.43259983426147, 14.929169550349172, 13.548860064024877, 12.863850251356546, 12.106785733230257, 10.707614889958045, 10.351345479419674, 9.816931018914056, 9.056544085394785, 8.722554064710206, 7.874536438272273, 7.634544050818728, 7.395837389550124, 7.124539634322005, 6.951541209296571, 6.511234339075059, 6.265259061005932, 5.65668819685813, 5.512680623683081, 5.3670200408038315, 4.966309276317885, 4.938392384442662, 4.623486785868539, 4.48055031104196, 4.154031808919709, 3.88379613672438, 3.7963838277256428, 3.5615453414237335, 3.5321981431369363, 3.4696682019826763, 3.294373073826304, 3.1076808444514272, 2.995193215089681, 2.9173397406188073, 2.7145480088833676, 2.6345248704250706, 2.4878250679533336, 2.4682298086619707, 2.3103829374584826, 2.241192726672191, 2.204757474428706, 2.1422205967301884, 1.9959062544602093, 1.8946652095467056, 1.8692644907374534, 1.7799130575611022, 1.688573685593455, 1.6000788550508633, 1.5360366968308559, 1.4812125674713374, 1.405021245711085, 1.349020527003984, 1.2474352195277711, 1.1495026677003293, 1.0598447616105993]"
architecture,balanced,3,full_bp,BBB,z,bp,sample_x_spatial_location,channel,0.05346875,0.953125,0.046875,0.953125,0.90421904349602,0.0565,21.513318046362755,7.401716331461516,0.33614559447441805,61,50,0.968280149390921,0.857,0.9219999999999999,6.5715511644901845,3.309446628290287,0.11006711170719673,-0.03184596937641547,4,9,2.54434807581457,47.083467250002336,8.17917246692279,"[2000, 64, 1, 1]","[2000, 64]","[2000, 64]","{""0"": 18.83725113553211, ""1"": 8.34121430719008, ""2"": 23.264734067084486, ""3"": 23.191649406114223, ""4"": 21.727250248729245, ""5"": 20.93059850678683, ""6"": 18.942120749470778, ""7"": 18.812467877033377, ""8"": 23.868198521663764, ""9"": 19.11047217721746}","[131.75590417242285, 74.50022036724674, 67.6651315421161, 57.36525352656827, 47.7002202446899, 41.533208320737344, 34.534357552074155, 32.73852833649327, 30.564657496350858, 28.001870217869385, 25.21627610147641, 24.30300212948826, 23.06578593772983, 19.75138005942535, 18.649708131066745, 16.973466008424715, 15.974154505432566, 15.658320144575217, 14.059245277229474, 13.296086490635677, 12.657046543911193, 12.131672185845341, 11.459098008733205, 10.765620399863122, 10.396713949381196, 9.905164776715779, 9.724255713845855, 9.272561755593578, 8.622129917975201, 8.319647466596567, 7.663524985886223, 7.463929412997962, 7.320764060779625, 6.907660445978883, 6.486691250880839, 6.115902768155994, 6.087858645476913, 5.884792682217893, 5.384373261636082, 5.201529570859163, 5.095892097355979, 4.876361072761024, 4.812554811163061, 4.562085281439501, 4.254308977415472, 4.1467039490333155, 4.102036746681395, 4.047836139184167, 3.7590841476512096, 3.5762482498937573, 3.4514677778301515, 3.365620515973562, 3.239962369729007, 3.045719837159584, 2.9756150230600196, 2.861130021294126, 2.675943353231941, 2.6350203699897237, 2.4330368321484315, 2.141292066748235, 2.084193674373209, 1.661387397063407e-16, 0.0, 0.0]"
architecture,balanced,3,full_hebbian,HHH,z,hebbian,sample_x_spatial_location,channel,0.5300078125,0.953125,0.046875,0.109375,0.4678924870096007,0.14285714285714285,1.013859982719699,1.0069085638391078,0.015841562229995297,55,50,0.9999962663948736,0.8344999999999999,0.8170000000000002,6.422257430713544,3.2272594328979003,0.10465082527202595,-0.0248329372227515,4,9,2.06694614878465,47.2598579187649,7.9438996391470456,"[2000, 64, 1, 1]","[2000, 64]","[2000, 64]","{""0"": 14.444991184764662, ""1"": 7.806893784003203, ""2"": 20.017091460163176, ""3"": 18.276770725020068, ""4"": 18.740406868959013, ""5"": 17.88275077784613, ""6"": 18.367829953456816, ""7"": 17.052227458088698, ""8"": 21.48176771958343, ""9"": 18.31038070507708}","[428.8319785597608, 0.5501851189108461, 0.48620207929154846, 0.3810392601458151, 0.27334361494410964, 0.24808967077143934, 0.12063114786971606, 0.11504888677706869, 0.10063498065968951, 0.07703384793968998, 0.06929444787534822, 0.06212817671316731, 0.04307134022746377, 0.03779736599957541, 0.03494107698635557, 0.034306000094780624, 0.03205521843147248, 0.02742304880412175, 0.02235694840623309, 0.0212678252019471, 0.01892732160171854, 0.0177182591418415, 0.015475597503947253, 0.014857846015904737, 0.012633917201928377, 0.011949562513304876, 0.011866052224318515, 0.01094474971395489, 0.010314333643320446, 0.009814474400429226, 0.009308907626992345, 0.008706342394962168, 0.007904982332907378, 0.0076543603084122626, 0.006753252768341492, 0.006612561937082944, 0.006041566909697727, 0.005497386969414006, 0.005149050833217857, 0.004890037741178277, 0.003651168011573589, 0.0029952835046830177, 0.00277990308671337, 0.002537458645258993, 0.0022067645133446775, 0.0017835871191671277, 0.0013591773717881177, 0.0013265262367411449, 0.0012980547757321832, 0.0011859483637643624, 0.0010342458805308989, 0.0002783819340645697, 0.00025395104728772786, 5.202619226754809e-05, 3.614795011737123e-09, 5.511490758778194e-15, 1.9643458612557076e-15, 9.746693356587445e-18, 6.128455673112128e-18, 2.662764300608359e-18, 0.0, 0.0, 0.0, 0.0]"
architecture,balanced,3,hybrid_hhb,HHB,z,bp,sample_x_spatial_location,channel,0.1753671875,0.84375,0.15625,0.84375,0.8627925024841373,0.07814285714285714,11.51100340441283,4.103986953265723,0.17985942819395048,54,50,0.9938080955762416,0.8714999999999999,0.9155000000000001,6.561016376440002,3.306604770498489,0.10991625063419964,-0.03268458585664599,4,9,2.453079665618304,47.07263448897006,8.133572282315093,"[2000, 64, 1, 1]","[2000, 64]","[2000, 64]","{""0"": 18.802598010055583, ""1"": 7.938751514143322, ""2"": 23.256490686048807, ""3"": 22.72418627601199, ""4"": 21.35366364888688, ""5"": 20.117689400764988, ""6"": 17.833164116348474, ""7"": 17.65356972701616, ""8"": 23.894594088216706, ""9"": 18.877059028014557}","[98.58612089430602, 34.13028478564543, 27.606557379723515, 24.20719488444225, 23.297318539697752, 15.401218605978807, 13.351644241758313, 12.730556080196246, 11.872530518102892, 10.075506476526632, 9.760961072811142, 8.213988314800424, 7.49357666167904, 7.247027864869636, 6.488231179264917, 5.991405981722174, 5.57235930939585, 5.183027306052645, 4.840287659316168, 4.470647318482624, 4.432403929031796, 4.070456570656388, 3.865205228835129, 3.643746793281805, 3.507970538689196, 3.3409829218663805, 2.9443587082413583, 2.8925729129198987, 2.8418351566522064, 2.7034660460850612, 2.5846469463938075, 2.23788114277061, 2.1989545296888617, 1.984343752409123, 1.9543873572652093, 1.9127522805283876, 1.7471310240420046, 1.6648439186270851, 1.6086320748755978, 1.5438482433947336, 1.517433536123793, 1.433055059172035, 1.3360304571681065, 1.2808359010515125, 1.2178925675723813, 1.185450350615998, 1.0288430009805893, 1.0131004085140336, 0.9894336301110216, 0.8880447525310163, 0.8722462879958606, 0.7046533514574734, 0.5573047971544911, 0.3709646718338698, 8.044982917659815e-16, 4.96528209604851e-16, 4.621907495244643e-16, 2.527620841256308e-16, 6.006026070769504e-17, 4.2003258890944925e-17, 0.0, 0.0, 0.0, 0.0]"
architecture,balanced,3,hybrid_hbb,HBB,z,bp,sample_x_spatial_location,channel,0.036046875,0.984375,0.015625,0.96875,0.9194456461891355,0.0575,20.788990354627803,6.950423089379907,0.3248279742910594,63,50,0.966679967707023,0.86,0.9259999999999999,6.569059812515432,3.3042785618874877,0.1096918240150329,-0.03495694021580994,4,9,2.5287616315607626,47.10046665987622,8.174902032769886,"[2000, 64, 1, 1]","[2000, 64]","[2000, 64]","{""0"": 18.735454235263788, ""1"": 8.213427066193693, ""2"": 23.220003964151147, ""3"": 22.624278377450576, ""4"": 21.519099811365024, ""5"": 20.471939909276298, ""6"": 18.443720921678658, ""7"": 18.509823735255583, ""8"": 23.808111239339215, ""9"": 19.058283177098588}","[86.20459624636172, 44.779659334224256, 40.21301766621728, 36.183806802738026, 27.98128014499696, 25.9922318928528, 21.353293667227163, 20.414117210520747, 18.043824945887902, 16.72269862196491, 15.368499694609243, 13.981228165320207, 13.006023557355954, 11.926808481504041, 10.617740729371736, 10.22285182821455, 10.005380533132138, 9.65835286595969, 8.458924316144849, 8.056888839457558, 7.686539438246793, 7.51354189738723, 6.997170697731143, 6.688420560946162, 6.395984702263615, 6.144580226910831, 6.005907553649545, 5.69468418796011, 5.392879989786092, 5.074913615641231, 4.891180732588722, 4.722438291928973, 4.384634183943128, 4.23075706777225, 4.012211747786989, 3.885057435030393, 3.614498512491874, 3.511272317944148, 3.3851226528640073, 3.3303331008540202, 3.218494236534364, 3.08722813359111, 2.9325183332887033, 2.8419601104794654, 2.667137384362861, 2.552741772251612, 2.367525156722933, 2.3515528161483408, 2.2313857500795953, 2.2093708179704583, 2.1602878456914985, 2.0317225228028133, 1.94688283652739, 1.8875969975882139, 1.766018311190239, 1.6901712047764852, 1.652074861133891, 1.6481175098859164, 1.4646129221455129, 1.3496531592688654, 1.1733013972731343, 1.0042242617994235, 0.1704833620830939, 5.925639211068418e-16]"
architecture,balanced,4,full_bp,BBB,z,bp,sample_x_spatial_location,channel,0.348078125,0.65625,0.34375,0.65625,0.8464390024338864,0.06778571428571428,15.708266059575005,5.790863504860992,0.24544165718085945,42,50,0.9999997497070723,0.867,0.931,6.172579301610924,3.2967393985222877,0.10915299447168211,-0.004912559379007968,4,9,2.591554166009843,47.099322885448004,8.104936017685903,"[2000, 64, 1, 1]","[2000, 64]","[2000, 64]","{""0"": 16.700427088270807, ""1"": 7.264541470116524, ""2"": 17.64397618793767, ""3"": 20.9105835152772, ""4"": 18.854608857594112, ""5"": 15.987738986250315, ""6"": 12.879488350841672, ""7"": 12.384403317474883, ""8"": 20.290831360008024, ""9"": 12.554008036161841}","[267.7008565883368, 136.93064037650223, 120.70687232219528, 108.84442707104152, 80.25816310617104, 68.48529426925793, 64.00199806910967, 55.82539667536148, 51.40509053196059, 47.99271990096372, 43.44435462657134, 38.129725487783865, 36.31829055812495, 32.62384249177815, 31.64048564383597, 28.049175442281193, 27.196756882986033, 23.89267733179582, 21.8102940545581, 21.023051163341503, 20.510863387395787, 18.871876804250004, 17.38600834242054, 15.750367080477867, 15.159905153662898, 14.60774317127206, 13.191876680331593, 12.650468929976867, 11.600654085389493, 11.380052580931043, 11.0805594911058, 10.139130201253352, 9.502379420758015, 8.952292349346378, 8.105951012764704, 7.9375182442970145, 7.109956961774688, 6.869581215274155, 6.526275657255737, 6.062848625326815, 5.746148220243999, 4.796550427959786, 2.0176138925136548e-14, 8.618083058815642e-15, 4.844229052398564e-15, 2.3926368747192534e-15, 9.377046621429296e-16, 8.735884129768498e-16, 1.1390578247981187e-16, 3.336755919495037e-31, 9.135501665655825e-32, 0.0, 0.0, 0.0, 0.0, 0.0, 0.0, 0.0, 0.0, 0.0, 0.0, 0.0, 0.0, 0.0]"
architecture,balanced,4,full_hebbian,HHH,z,hebbian,sample_x_spatial_location,channel,0.4473359375,0.96875,0.03125,0.109375,0.4678924870096007,0.14285714285714285,1.0185098946747102,1.0092171320018515,0.015914217104292347,56,50,0.9999969173220506,0.8535,0.8154999999999999,6.444843441453527,3.219479531708491,0.10376099178733131,-0.04450806114795881,4,9,2.221792722285584,47.3469698800176,8.058622606415687,"[2000, 64, 1, 1]","[2000, 64]","[2000, 64]","{""0"": 16.158712267404706, ""1"": 7.104987299556595, ""2"": 21.56874690635328, ""3"": 20.44460260209804, ""4"": 17.864435884911405, ""5"": 19.21292239056305, ""6"": 19.01371190703064, ""7"": 19.623559410309984, ""8"": 24.01183148614903, ""9"": 17.095494881630295}","[861.2233987462463, 1.7909614575660764, 1.1437446021262265, 0.8833101646199939, 0.7580788288795792, 0.5505122316435986, 0.4898052422771993, 0.3405360008515747, 0.2985945647172094, 0.2239322577459628, 0.19446737424503424, 0.15944002617602, 0.10043053590599292, 0.09856719950681996, 0.08466549688958463, 0.0695556839298319, 0.06626182989104791, 0.05974657336540697, 0.05804631315373705, 0.05148379939363538, 0.04552053429392916, 0.04012112520457972, 0.03630647078730653, 0.03476897317407392, 0.030155646198588838, 0.029053654355101623, 0.025340564546944187, 0.024624367617414926, 0.02189858805678705, 0.021558011475574554, 0.01889441315270639, 0.018303438592507163, 0.016223083022804233, 0.015541607120341229, 0.01434992750057192, 0.013039918160453018, 0.012813021338692297, 0.012484563416959072, 0.012225041626358346, 0.0111733768045264, 0.009779099813969775, 0.008566133075700371, 0.007790143111209865, 0.006303687290160348, 0.0059762594003567445, 0.005391050352432035, 0.005106864753807001, 0.0040055798195040996, 0.0034970740413528224, 0.0023043897094884233, 0.000952412351245987, 0.0009408994214562957, 0.000773003925616917, 8.601621311850815e-05, 3.6210458466298296e-07, 2.646126315007153e-07, 1.1674504302826433e-16, 7.325429625231297e-18, 2.983763257025697e-18, 1.1966909115420678e-18, 5.476581248765161e-19, 0.0, 0.0, 0.0]"
architecture,balanced,4,hybrid_hhb,HHB,z,bp,sample_x_spatial_location,channel,0.3347421875,0.671875,0.328125,0.671875,0.8479969731734538,0.07235714285714286,10.325556901814611,3.8332946139805646,0.1613368265908533,43,50,0.9999997082632239,0.8825000000000001,0.9205,6.21656291980325,3.2722330808134523,0.10743696016418512,-0.020073672204040535,4,9,2.4288089941769515,47.17187926420322,8.072256185401743,"[2000, 64, 1, 1]","[2000, 64]","[2000, 64]","{""0"": 17.34207011220274, ""1"": 6.479550307352983, ""2"": 17.48958299598623, ""3"": 16.242620172325086, ""4"": 19.123986505502163, ""5"": 15.593361465859873, ""6"": 17.070347554685235, ""7"": 12.667838870573565, ""8"": 21.307738701375495, ""9"": 11.909967497710621}","[194.79262133704464, 62.33843237838264, 54.658914850946886, 48.10855520218497, 40.94716679660452, 29.76728663470894, 27.036623880548166, 24.636929921512916, 20.055100881698884, 19.391726257876506, 19.061637296903864, 16.559872769302302, 14.346021775140477, 13.033982783866762, 12.741379111654341, 11.730261082723723, 10.890283029504673, 9.965258807077209, 8.995326455452737, 8.732987265037574, 8.248179975245343, 7.624215002566497, 6.769594595366629, 6.4779578005091825, 6.064305795373523, 5.744853587425389, 5.273303859481818, 5.02197234408305, 4.565094504129868, 4.250149186054022, 4.123606024388026, 3.9400186755357183, 3.7042615874740457, 3.6090437588107855, 3.4355952894544903, 3.0540986109481234, 2.9925632522878547, 2.6924070277067695, 2.6510370663260105, 2.4454472986606692, 2.258437369771373, 2.075426017304149, 1.8855690673728223, 4.106950609167286e-15, 2.6110468385003863e-15, 1.945927766447791e-15, 1.56383334779495e-15, 1.0750630049387812e-15, 4.565462958972023e-16, 2.208677568244187e-16, 1.5942418260226156e-16, 3.4690234046335175e-31, 6.671374350921899e-32, 0.0, 0.0, 0.0, 0.0, 0.0, 0.0, 0.0, 0.0, 0.0, 0.0, 0.0]"
architecture,balanced,4,hybrid_hbb,HBB,z,bp,sample_x_spatial_location,channel,0.36346875,0.640625,0.359375,0.640625,0.8272289072958351,0.07228571428571429,15.887873608130187,6.340697680029515,0.24824802512703417,41,50,0.999999880092232,0.8789999999999999,0.9254999999999999,6.11936398325202,3.290691598502777,0.10871340557197726,-0.0035622276654153407,4,9,2.571511353659899,47.118300455828326,8.097496578567487,"[2000, 64, 1, 1]","[2000, 64]","[2000, 64]","{""0"": 12.793471123421204, ""1"": 8.05046623343417, ""2"": 15.581756028450297, ""3"": 19.134913879975954, ""4"": 18.93067872306772, ""5"": 14.30372755047409, ""6"": 15.6541800734107, ""7"": 17.006679624630735, ""8"": 15.54634044697595, ""9"": 10.88035221570639}","[132.05182347704113, 82.49071881633063, 73.20711803414335, 59.014334247100635, 50.81169067959121, 40.04349988115191, 32.55033519063995, 31.01196969587088, 27.118006566729427, 25.07857555337606, 22.72553979240852, 19.517672839149135, 19.098430546154148, 17.293111465294977, 14.978220286807286, 14.295751595976917, 13.425001565175029, 13.25671160946216, 11.880294335052458, 11.460667606004264, 10.370280279178353, 9.655886346423296, 8.991016243101747, 8.279529695715063, 8.017867922564761, 7.675652181834948, 7.315488354963927, 7.007340017951901, 6.058279788983853, 5.750769573006041, 5.6857074317955645, 5.42049601786194, 4.863884827439884, 4.628335252191749, 4.435878645690576, 4.120730151722621, 3.973605085628425, 3.781866504352686, 3.6616894452236517, 3.3556226787425163, 2.9412905367081277, 5.0523503529390465e-15, 4.080350451637893e-15, 1.1042093399883684e-15, 7.198200432577737e-16, 1.4497378233646729e-16, 2.434993439421076e-31, 1.8967701194745588e-31, 8.488535303196188e-32, 3.128407292014384e-32, 3.326437769015617e-33, 0.0, 0.0, 0.0, 0.0, 0.0, 0.0, 0.0, 0.0, 0.0, 0.0, 0.0, 0.0, 0.0]"
dimension,L16,0,full_bp,BBB,z,bp,sample_x_spatial_location,channel,0.133,0.875,0.125,0.875,0.8978187407498852,0.16675,9.370856308554638,4.902246310477673,0.5856785192846649,14,16,0.9999998826533556,0.9145,0.9385,2.9994702452093183,3.0781322276647005,0.4454947238725828,0.0972089524768159,7,9,2.2310173131665456,11.727921450903015,7.084477562064809,"[2000, 16, 1, 1]","[2000, 16]","[2000, 16]","{""0"": 6.876429809797409, ""1"": 2.6545921477217367, ""2"": 8.384881976084806, ""3"": 8.237448344382067, ""4"": 7.44824004511751, ""5"": 6.807150170395863, ""6"": 5.599802230380609, ""7"": 6.951353774838107, ""8"": 8.54307366212722, ""9"": 6.356223424992739}","[182.43770403290574, 118.88948244157098, 110.9547721196467, 89.59023827464182, 67.63536318092726, 59.66613568470336, 52.00623123323812, 40.83073425558729, 36.60260636209691, 32.168734736342856, 29.529121048663924, 27.58222091225738, 25.300632998581698, 21.16058420616575, 0.0, 0.0]"
dimension,L16,0,full_hebbian,HHH,z,hebbian,sample_x_spatial_location,channel,0.447875,1,0,0.125,0.25,0.5,1.0133405792533827,1.006652281727246,0.06333378620333642,15,16,0.9999998972852495,0.634,0.6585,3.207840402750717,2.4310639870438395,0.2074051461539427,0.002648747240618815,4,9,1.2036229161548768,14.998809352482182,6.270213270170805,"[2000, 16, 1, 1]","[2000, 16]","[2000, 16]","{""0"": 7.627303272027621, ""1"": 4.886069682753906, ""2"": 9.057039353178817, ""3"": 7.5211291014261565, ""4"": 7.6563960067840835, ""5"": 6.014717403301547, ""6"": 6.465804001944484, ""7"": 6.005292315544744, ""8"": 7.103413802898126, ""9"": 4.962070626839058}","[202.55071498439423, 0.45221508960992024, 0.24326363178130625, 0.16488740384294467, 0.1468775156260692, 0.0867539470662488, 0.07749953889892505, 0.06010509889269481, 0.045469718422438216, 0.03150549961608802, 0.02812671839911146, 0.006676620991646474, 0.0036697599225184356, 0.00021560481933407223, 0.0001582722420714275, 1.6554932917344642e-17]"
dimension,L16,0,hybrid_hhb,HHB,z,bp,sample_x_spatial_location,channel,0.1969375,0.8125,0.1875,0.8125,0.8748116956888891,0.1475,7.46811774660126,3.6131419834612157,0.46675735916257877,13,16,0.9999999012798071,0.8789999999999999,0.9179999999999999,2.8640519738528347,2.9565513672167603,0.4419506564629935,0.0816913941709696,4,9,1.9859356788262634,11.114095656884361,6.956498024736094,"[2000, 16, 1, 1]","[2000, 16]","[2000, 16]","{""0"": 6.591955755479153, ""1"": 2.3948222923091516, ""2"": 7.717890880293141, ""3"": 8.076200561327276, ""4"": 7.4704710429012495, ""5"": 5.972788995494397, ""6"": 5.751264641242111, ""7"": 6.342078890602483, ""8"": 8.618506811960975, ""9"": 6.545874747516208}","[88.13301037031057, 38.48352336326579, 36.17272837761983, 32.30983775330032, 24.84096122849804, 20.765428500557302, 16.16921084222628, 13.001739256125294, 12.532746926244194, 11.679882193748105, 10.163084570956126, 7.820408201755628, 6.364518313184365, 0.0, 0.0, 0.0]"
dimension,L16,0,hybrid_hbb,HBB,z,bp,sample_x_spatial_location,channel,0.13453125,0.875,0.125,0.875,0.8921252320935261,0.1495,8.63595530611161,4.283021448393911,0.5397472066319756,14,16,1.0000001192092896,0.9190000000000002,0.9400000000000001,3.012653571521841,3.131191597233154,0.3851712786643272,0.09086568851014022,8,9,2.329257174880249,13.621680271464095,7.349977368735008,"[2000, 16, 1, 1]","[2000, 16]","[2000, 16]","{""0"": 4.339105475565117, ""1"": 3.9328807673137236, ""2"": 8.893363291560847, ""3"": 8.048803652677536, ""4"": 7.684027309241321, ""5"": 6.530195094349944, ""6"": 5.683847863368172, ""7"": 7.488920140208787, ""8"": 9.125615835756694, ""9"": 6.675866490277759}","[99.75664178421894, 53.96130471593054, 48.49555014590166, 43.70002132881231, 36.98195385643919, 27.815431216936922, 22.996698309317765, 18.41401346057982, 17.024547089396858, 16.256982040291277, 12.169126362487855, 12.034131382564256, 9.726169709440263, 7.927264979240367, 2.459874527173283e-15, 2.0326175866201396e-16]"
dimension,L16,1,full_bp,BBB,z,bp,sample_x_spatial_location,channel,0.82096875,0.1875,0.8125,0.1875,0.3787668459154641,0.41149887019834297,2.0741248698983865,1.596329451796078,0.12963280436864916,3,16,1.000000424683094,0.6195,0.7275,1.055193228512787,1.8529227943724031,0.5528856345273905,0.05093263818571378,4,9,0.3470832828355275,3.7944869166945123,2.451803577385981,"[2000, 16, 1, 1]","[2000, 16]","[2000, 16]","{""0"": 2.086696547501754, ""1"": 1.7561104732116586, ""2"": 3.3124591524868654, ""3"": 1.614367178331068, ""4"": 1.7150382148778598, ""5"": 1.5394803583239869, ""6"": 3.201825474173095, ""7"": 1.7995310963449895, ""8"": 1.587562541166172, ""9"": 2.5081058265714837}","[22.42977304070319, 10.262294076916904, 3.1132401843560777, 2.25883928625299e-15, 1.4903622425719086e-16, 4.069591442478927e-32, 0.0, 0.0, 0.0, 0.0, 0.0, 0.0, 0.0, 0.0, 0.0, 0.0]"
dimension,L16,1,full_hebbian,HHH,z,hebbian,sample_x_spatial_location,channel,0.32728125,1,0,0.125,0.25,0.5,1.0154689459830881,1.0077098686311423,0.06346680912394301,15,16,1.0000004457106115,0.7055,0.7455,3.3367689629691157,2.4898491751475804,0.21700209291737796,-0.027364799630185628,4,9,1.336233221641552,14.90142584679554,6.236420877440368,"[2000, 16, 1, 1]","[2000, 16]","[2000, 16]","{""0"": 6.750101181028641, ""1"": 6.063194483303142, ""2"": 9.688041028593501, ""3"": 8.488392450994253, ""4"": 8.13601541848432, ""5"": 8.758219530908736, ""6"": 8.500245180872364, ""7"": 7.274628818314812, ""8"": 5.075999411556414, ""9"": 8.541197862438645}","[211.1966901404937, 0.4868770958195991, 0.33827145295151256, 0.2130774551229114, 0.13575511019773984, 0.1230897841110903, 0.09826801956004502, 0.06000614975008692, 0.051405346644691215, 0.03779098826080018, 0.0260188156282318, 0.024096217638402508, 0.015317105089785682, 0.014068626918180683, 0.004256568622179126, 6.147656047050872e-16]"
dimension,L16,1,hybrid_hhb,HHB,z,bp,sample_x_spatial_location,channel,1,0,1,0,0,0,0,0,0,0,16,nan,0.1,0.1,0,0,0,0,0,1,0,0,0,"[2000, 16, 1, 1]","[2000, 16]","[2000, 16]","{""0"": 0.0, ""1"": 0.0, ""2"": 0.0, ""3"": 0.0, ""4"": 0.0, ""5"": 0.0, ""6"": 0.0, ""7"": 0.0, ""8"": 0.0, ""9"": 0.0}","[0.0, 0.0, 0.0, 0.0, 0.0, 0.0, 0.0, 0.0, 0.0, 0.0, 0.0, 0.0, 0.0, 0.0, 0.0, 0.0]"
dimension,L16,1,hybrid_hbb,HBB,z,bp,sample_x_spatial_location,channel,0.8779375,0.125,0.875,0.125,0.24999697405343968,0.5020481310803891,1.5468385151557213,1.2976416147453393,0.09667740719723258,2,16,0.9999999105930328,0.541,0.6295,0.6182251310207703,1.62737235888355,1.0377171457516934,0.05758247446349942,5,8,0.06731623930201812,1.9510645333139969,2.00099887963973,"[2000, 16, 1, 1]","[2000, 16]","[2000, 16]","{""0"": 1.9672716162010457, ""1"": 1.3786147221442435, ""2"": 1.64531314253407, ""3"": 1.6166108606778067, ""4"": 1.700083935389882, ""5"": 1.7633420878313713, ""6"": 1.8069029211986807, ""7"": 2.571781293698363, ""8"": 2.0528188125725837, ""9"": 2.268971678525529}","[30.422676936063326, 9.05505468812568, 0.0, 0.0, 0.0, 0.0, 0.0, 0.0, 0.0, 0.0, 0.0, 0.0, 0.0, 0.0, 0.0, 0.0]"
dimension,L16,2,full_bp,BBB,z,bp,sample_x_spatial_location,channel,0.006375,1,0,1,0.932083940747754,0.1575,9.176525503810467,4.434056381032016,0.5735328439881542,16,16,0.9999999571591616,0.917,0.9385,3.271388939336601,3.1332131631410327,0.3863131275226014,0.08372467592648601,8,9,2.3211381442248253,13.601203783637906,7.33345848658151,"[2000, 16, 1, 1]","[2000, 16]","[2000, 16]","{""0"": 7.020320084283616, ""1"": 3.504886540501963, ""2"": 9.451470970552505, ""3"": 9.072615476764671, ""4"": 8.595643382609428, ""5"": 7.0071790774164056, ""6"": 5.956210594145872, ""7"": 8.247975848127364, ""8"": 8.958685661413035, ""9"": 7.456811108840788}","[249.43653605611314, 144.65009862822396, 126.25029902819932, 95.76133322485506, 87.48115249227314, 67.0775794811219, 57.58943895080643, 52.918757714840005, 40.964905263703855, 37.334253747025805, 32.603708419815206, 27.475020171084076, 24.658528158035935, 22.85397727730329, 20.945988615026316, 18.014087133703498]"
dimension,L16,2,full_hebbian,HHH,z,hebbian,sample_x_spatial_location,channel,0.52159375,0.9375,0.0625,0.125,0.25,0.5,1.012068477612716,1.0060201067094274,0.06325427985079475,14,16,1.0000001950094202,0.553,0.5874999999999999,3.0253379023667395,2.1267622146676164,0.15046891851196081,-0.014173862850376338,7,8,1.3603582481405814,15.317160900398518,5.389010144381201,"[2000, 16, 1, 1]","[2000, 16]","[2000, 16]","{""0"": 3.9988103608784518, ""1"": 4.513829072701441, ""2"": 7.658918032439799, ""3"": 5.78501367685624, ""4"": 4.168429504626512, ""5"": 5.272094996359912, ""6"": 6.143361197194066, ""7"": 4.907915789055368, ""8"": 2.969797969111827, ""9"": 7.073872451848461}","[194.3301468391195, 0.4178770426081842, 0.2626663401534554, 0.15940149156250924, 0.1373134652411346, 0.0804709583886731, 0.04114685741594797, 0.029462261807403967, 0.023681522432709576, 0.013664412758232217, 0.0027168201946667445, 0.0008479457471618486, 0.0004235297609821031, 0.00021557275911558222, 2.475849377516711e-15, 0.0]"
dimension,L16,2,hybrid_hhb,HHB,z,bp,sample_x_spatial_location,channel,0.13578125,0.875,0.125,0.875,0.8903946050970502,0.13925,7.248264761606911,3.438383965230253,0.4530165476004319,14,16,1.0000001154839993,0.8825,0.9145,3.077302471534328,2.9752619472734287,0.3370863615322732,0.0626128605115727,4,9,2.069735561114075,13.976222807230947,7.034965174101911,"[2000, 16, 1, 1]","[2000, 16]","[2000, 16]","{""0"": 4.707806484600931, ""1"": 2.7262263499998434, ""2"": 8.467292164849317, ""3"": 8.481441727377195, ""4"": 7.690535213422913, ""5"": 6.781776315612802, ""6"": 5.880026597607451, ""7"": 6.57070291641928, ""8"": 9.279903681160816, ""9"": 6.672599217012876}","[87.26108712764437, 37.944618217290724, 31.13177840577353, 26.654127526393818, 23.82030825113485, 17.989352842407683, 14.69240788702311, 12.994888698683871, 11.862879062175917, 9.19171279933167, 8.687986305793531, 7.514884584162922, 5.278524905938154, 5.012566154498329, 2.1793979417921388e-15, 0.0]"
dimension,L16,2,hybrid_hbb,HBB,z,bp,sample_x_spatial_location,channel,0.0086875,1,0,1,0.9331923098884503,0.13525,9.894811942422058,5.013626901234482,0.6184257464013786,16,16,1.000000100582838,0.9199999999999999,0.9405000000000001,3.2711449806757846,3.1399003609190306,0.3881282107347962,0.0836479669019798,4,9,2.322186347419527,13.664454418401743,7.49552414453049,"[2000, 16, 1, 1]","[2000, 16]","[2000, 16]","{""0"": 7.039092520105515, ""1"": 3.3438012058616797, ""2"": 9.331571400476964, ""3"": 9.097397840929156, ""4"": 7.987598403539886, ""5"": 7.151134222281681, ""6"": 6.586653256870918, ""7"": 7.933429035317668, ""8"": 9.920305536008243, ""9"": 7.226486812636751}","[107.89247593920719, 69.95877412977735, 61.52225278390308, 57.503195882472035, 40.35225072977148, 32.32721769604758, 26.849262005960124, 24.217637671574504, 23.36269720961956, 20.149397099007835, 16.839293043628363, 13.863582276715933, 13.304584280863383, 11.875700493845883, 10.770543265732464, 10.143755301476455]"
dimension,L16,3,full_bp,BBB,z,bp,sample_x_spatial_location,channel,0.008625,1,0,1,0.8657451999900262,0.22225,9.446905570343057,4.7351569078832965,0.5904315981464411,16,16,1.0000001462176442,0.9125,0.944,3.2854798928306908,3.114444907363925,0.37919997820627677,0.08617446934028536,4,9,2.3792004495580192,13.694142297851887,7.369836663749097,"[2000, 16, 1, 1]","[2000, 16]","[2000, 16]","{""0"": 7.233907835208256, ""1"": 2.976783018173197, ""2"": 8.990540707440772, ""3"": 8.961897436876113, ""4"": 8.40337040985574, ""5"": 7.248400965943399, ""6"": 5.910956577775566, ""7"": 7.5505876904168865, ""8"": 9.709948644233103, ""9"": 7.669307397906067}","[171.73701000765635, 111.7502362280683, 89.14006569751933, 76.06473058385508, 66.21421773089979, 54.130024101749065, 41.29287862113071, 36.67042664181171, 35.148876223939126, 26.91688146971385, 25.79658999336412, 22.732856690765477, 16.369532799878556, 13.504190152875466, 13.082319984169516, 12.650852349580296]"
dimension,L16,3,full_hebbian,HHH,z,hebbian,sample_x_spatial_location,channel,0.55065625,0.9375,0.0625,0.125,0.25,0.5,1.0120249059932762,1.0059990160410945,0.06325155662457976,14,16,0.9999997390640184,0.58,0.6065,2.9946737233698824,2.2652107090764946,0.18858958849115812,-0.008862267276355439,4,9,1.4233286769203854,14.230694630072183,5.952432368405261,"[2000, 16, 1, 1]","[2000, 16]","[2000, 16]","{""0"": 4.4834705832724, ""1"": 3.605436708592391, ""2"": 5.735279879345774, ""3"": 5.745410927550892, ""4"": 6.4302690842399, ""5"": 4.954114798039692, ""6"": 3.918482026601188, ""7"": 6.4105585751906204, ""8"": 2.7498511707188356, ""9"": 7.627355805728883}","[122.40689844869138, 0.31280266256357414, 0.1434394547303599, 0.10226457077448939, 0.05667474233580532, 0.034814460002634315, 0.029645428137168226, 0.01815524088815021, 0.015512491667798788, 0.010385807711637676, 0.00889666304832492, 0.0014226315229607842, 0.0003067902998696851, 3.6515355849080523e-09, 2.6404684883394004e-15, 0.0]"
dimension,L16,3,hybrid_hhb,HHB,z,bp,sample_x_spatial_location,channel,0.13615625,0.875,0.125,0.875,0.9199729370715511,0.138,7.674900371435675,3.6767125968604772,0.4796812732147297,14,16,1.0000000484287739,0.874,0.9245000000000001,3.0238846063986258,2.990993281644738,0.40918819331425865,0.07848418271220073,4,9,2.1523528050137175,12.127578780005988,7.283658058290899,"[2000, 16, 1, 1]","[2000, 16]","[2000, 16]","{""0"": 6.405685000925154, ""1"": 2.486640539382493, ""2"": 8.2920649834414, ""3"": 7.842076748470063, ""4"": 7.657245989476086, ""5"": 6.668212618074511, ""6"": 6.064105658017577, ""7"": 6.99994670237432, ""8"": 9.457574874656641, ""9"": 6.484704736878148}","[63.99951587591728, 32.54178920997927, 25.40639143650183, 19.409880767969693, 17.183802589980708, 14.844508657588051, 11.228301809919019, 10.789970800951373, 8.692956288720417, 8.007036574192504, 7.122845322361208, 6.285686239602009, 5.679882617757636, 4.115258022516181, 0.0, 0.0]"
dimension,L16,3,hybrid_hbb,HBB,z,bp,sample_x_spatial_location,channel,0.0704375,0.9375,0.0625,0.9375,0.893499214435056,0.18825,8.905095319614972,4.507328027478593,0.5565684574759358,15,16,1.0000000828877091,0.897,0.9349999999999999,3.1316790753661494,3.123962797074451,0.41976766436979224,0.08977081405830685,4,9,2.1474210712980946,12.716921235017233,7.4298803620926215,"[2000, 16, 1, 1]","[2000, 16]","[2000, 16]","{""0"": 6.94198944063764, ""1"": 2.9950543336467796, ""2"": 9.232776411975077, ""3"": 8.98101167391967, ""4"": 7.518367350097222, ""5"": 7.123816908496901, ""6"": 6.402500133610194, ""7"": 7.608279842316798, ""8"": 8.841369881331625, ""9"": 6.726668119173256}","[103.09673195920224, 67.77162349548617, 51.43303937992153, 43.93865218878988, 37.36534278561667, 27.995302431776018, 24.929133648329017, 23.18367698670518, 17.180210315060187, 15.83673017000373, 13.223477168893837, 12.227603077284034, 10.844311613834947, 8.665622326487387, 6.999331953769373, 0.0]"
dimension,L16,4,full_bp,BBB,z,bp,sample_x_spatial_location,channel,0.56940625,0.4375,0.5625,0.4375,0.6797228546213349,0.2175,5.323762421049518,3.109107354575164,0.3327351513155949,7,16,0.9999999962747097,0.8515,0.8925000000000001,1.9216719664620239,2.6040587071401253,0.5414917359363752,0.12591418556189635,4,9,1.1863446826369035,7.363953888442403,5.120309563357918,"[2000, 16, 1, 1]","[2000, 16]","[2000, 16]","{""0"": 4.274623234476542, ""1"": 2.4550905505898295, ""2"": 6.488534181463512, ""3"": 5.204208952431416, ""4"": 3.9184699070772515, ""5"": 4.192966032827895, ""6"": 3.098131483039089, ""7"": 6.180646842823202, ""8"": 5.850574764337389, ""9"": 1.9356903588755527}","[106.14071789651894, 53.24903668284927, 49.85679405256842, 40.82779014974785, 31.418077773456496, 28.623724302101984, 19.88674577471183, 9.478126284647197e-16, 7.013355514045092e-16, 0.0, 0.0, 0.0, 0.0, 0.0, 0.0, 0.0]"
dimension,L16,4,full_hebbian,HHH,z,hebbian,sample_x_spatial_location,channel,0.5373125,1,0,0.125,0.25,0.5,1.0117417533051385,1.0058572538642947,0.06323385958157116,15,16,1.000000370152148,0.625,0.6235,3.0683744857322095,2.3202874519838983,0.18398357057234532,-0.0220816974263663,4,9,0.9789908803142741,15.150007240447234,6.020777570116815,"[2000, 16, 1, 1]","[2000, 16]","[2000, 16]","{""0"": 5.294786102084175, ""1"": 5.1166312760427575, ""2"": 7.145471911326302, ""3"": 6.862427160909313, ""4"": 4.868337337757314, ""5"": 5.335248045079165, ""6"": 7.775340759373706, ""7"": 4.344285959589208, ""8"": 4.04028615576337, ""9"": 5.059236648774273}","[246.1977047386155, 0.4976641861921019, 0.2907930553285435, 0.23381584369866748, 0.11420870982090704, 0.10287339186095247, 0.09194218688354808, 0.05323089339728169, 0.03308068713675993, 0.008990481462060076, 0.00662575335827607, 0.005695105441893253, 0.003031443327097778, 9.035050503513849e-05, 3.6904762012940507e-07, 0.0]"
dimension,L16,4,hybrid_hhb,HHB,z,bp,sample_x_spatial_location,channel,0.56890625,0.4375,0.5625,0.4375,0.6906798744917895,0.2075,5.230292333189331,3.0255515852462307,0.32689327082433317,7,16,1.0000001937150955,0.8135,0.8619999999999999,1.9696477110105148,2.5555350043286698,0.437369200537755,0.09502868407999637,4,9,1.0415752415743789,8.50962924515198,5.2204084518746905,"[2000, 16, 1, 1]","[2000, 16]","[2000, 16]","{""0"": 3.1952284502678467, ""1"": 2.534046136518144, ""2"": 6.732412419637903, ""3"": 4.920327978924045, ""4"": 4.002045509069774, ""5"": 4.569229518538503, ""6"": 4.994005975009548, ""7"": 3.231715634234321, ""8"": 5.284612733597945, ""9"": 2.762255331346643}","[71.53229823030398, 33.55778711579057, 31.77182788324001, 27.672007150311785, 22.269523159728493, 15.957017793191167, 13.664196974436353, 4.960216313459992e-15, 3.445605572735601e-31, 0.0, 0.0, 0.0, 0.0, 0.0, 0.0, 0.0]"
dimension,L16,4,hybrid_hbb,HBB,z,bp,sample_x_spatial_location,channel,0.4450625,0.5625,0.4375,0.5625,0.7665244326759658,0.15775,7.058906490910234,4.104128607844646,0.4411816556818896,9,16,0.9999999776482582,0.8735000000000002,0.9199999999999999,2.3490802353340205,2.8073187395554737,0.32151994214502694,0.10204710933487396,4,9,1.405053713836784,12.838135116721775,5.705682355896911,"[2000, 16, 1, 1]","[2000, 16]","[2000, 16]","{""0"": 4.297017938881431, ""1"": 2.725717561416403, ""2"": 2.7718262012888633, ""3"": 6.534335097707727, ""4"": 5.094607803428548, ""5"": 5.317328765145605, ""6"": 2.290348004522132, ""7"": 4.849645221810283, ""8"": 2.0716119479331896, ""9"": 4.773748839291954}","[85.20394484119831, 51.015326544558, 48.7417581917626, 42.88504384404843, 36.91937610540739, 27.613276321931274, 23.085943402278215, 18.04956087460752, 16.173717398187424, 9.753206706120748e-15, 6.507619594726201e-15, 8.180796967650936e-16, 1.6300832003641117e-31, 0.0, 0.0, 0.0]"
dimension,L32,0,full_bp,BBB,z,bp,sample_x_spatial_location,channel,0.037828125,0.96875,0.03125,0.96875,0.9018496544811297,0.098125,13.904271035761761,5.57345036063201,0.43450846986755504,31,32,0.9999998873099685,0.897,0.9355,5.013842354294533,3.2590702268265836,0.17699875254320363,0.014791754342907141,4,9,2.499731598834478,29.246115284039163,7.988732810770595,"[2000, 32, 1, 1]","[2000, 32]","[2000, 32]","{""0"": 12.114376187078527, ""1"": 5.4096813663517365, ""2"": 15.744385861195589, ""3"": 15.082768135322123, ""4"": 12.893394934963036, ""5"": 9.46546316706462, ""6"": 12.339093530438006, ""7"": 12.207080151059735, ""8"": 14.675611802338553, ""9"": 11.911860175113635}","[237.2244891183471, 129.68362990312568, 109.19387330907178, 101.30837845205473, 71.89395221352213, 69.0148952872135, 59.85938560762064, 54.32645471447846, 51.587978550325836, 45.9679385070618, 39.70743710510793, 37.21108742257523, 34.898798961694744, 27.222311185639377, 25.671035784505527, 23.642208488809747, 21.83668404203815, 20.92871442934339, 18.75509778563013, 17.73387427058197, 16.04184091375512, 14.260545507222764, 13.836110115503953, 12.763613860832397, 11.46672177052134, 11.109394523891005, 10.85996630985613, 10.084535182454772, 8.787463788823692, 8.212649453042673, 7.06784786274432, 0.0]"
dimension,L32,0,full_hebbian,HHH,z,hebbian,sample_x_spatial_location,channel,0.520078125,0.96875,0.03125,0.125,0.39999999999999997,0.25,1.0129317455273958,1.0064482586778232,0.03165411704773112,28,32,0.9999992674477677,0.7465,0.7549999999999999,4.654651669429616,2.782506450814446,0.12394025139887085,-0.01461418906703345,4,9,1.8997984854358074,30.43470110439242,7.360332987692592,"[2000, 32, 1, 1]","[2000, 32]","[2000, 32]","{""0"": 11.478797789291997, ""1"": 7.274676267441875, ""2"": 10.93386876250374, ""3"": 12.117247956347125, ""4"": 6.435421252280211, ""5"": 10.608752415900017, ""6"": 9.15051147083093, ""7"": 8.109552368953183, ""8"": 7.43750313802694, ""9"": 9.019173117137253}","[403.6247436318309, 0.7902589431884819, 0.43047376726671527, 0.2614507667084933, 0.2359439189507804, 0.18944706130562805, 0.15439883033465812, 0.08181148093402467, 0.07644332413935583, 0.0717423367071256, 0.05957561204052746, 0.04315738603613029, 0.03780398946846558, 0.031410369205059706, 0.025663432473200895, 0.02215749234452575, 0.01972582505504833, 0.017891965439120656, 0.015959631193361124, 0.01403603419688674, 0.01233033467754176, 0.005886736059916929, 0.0028279995579997197, 0.0012278195917589656, 0.0006660142842228962, 0.00020307410472000627, 0.00015682916659419982, 2.578127772024447e-05, 0.0, 0.0, 0.0, 0.0]"
dimension,L32,0,hybrid_hhb,HHB,z,bp,sample_x_spatial_location,channel,0.2261875,0.78125,0.21875,0.78125,0.8296216216891038,0.14575,7.38858292236223,3.23430464712775,0.23089321632381968,25,32,0.9999998505227308,0.8859999999999999,0.9199999999999999,4.552079416320541,3.1351515241027785,0.16196126554098444,0.028527006100127802,4,9,2.2675802303788997,29.544313624633933,7.676329135997555,"[2000, 32, 1, 1]","[2000, 32]","[2000, 32]","{""0"": 10.52913249721138, ""1"": 3.3629536343715234, ""2"": 9.397723986739846, ""3"": 7.049002746111628, ""4"": 10.583403659490198, ""5"": 7.478439048130375, ""6"": 7.0841684891812955, ""7"": 6.411077491760931, ""8"": 13.76775144447399, ""9"": 5.3987286899077445}","[184.61364654381538, 70.69201702861066, 55.58261567701827, 43.806631186737135, 36.91550814089033, 26.282267844832752, 20.38826580966197, 16.758301400941434, 15.982566334607203, 14.504386893237665, 12.118990369833167, 11.700038031569669, 11.398661183178888, 9.993259786610798, 9.4429736764018, 8.269267475522758, 7.53758623846679, 6.930345016623873, 6.590532070031009, 5.561715331648489, 5.269702132718731, 4.850034535353523, 4.512642338217568, 4.060221382433177, 3.334598510898894, 1.7965950786971727e-15, 9.0601260733501e-16, 1.6359240368057486e-30, 1.441262581065718e-31, 0.0, 0.0, 0.0]"
dimension,L32,0,hybrid_hbb,HBB,z,bp,sample_x_spatial_location,channel,0.162734375,0.84375,0.15625,0.84375,0.887702188095462,0.094875,12.950304035061572,5.467761037286702,0.40469700109567414,27,32,0.9999999986030175,0.8885,0.9400000000000001,4.709564425067458,3.222608145367293,0.17255342095954151,0.033134584622983236,4,9,2.4142555317337595,29.29045557550027,7.791847683814101,"[2000, 32, 1, 1]","[2000, 32]","[2000, 32]","{""0"": 11.236071393985481, ""1"": 3.775721524071279, ""2"": 9.81835245449632, ""3"": 13.74801687123094, ""4"": 11.080285921442101, ""5"": 8.167208189102524, ""6"": 7.712264271464942, ""7"": 6.799169237615354, ""8"": 13.23396120189843, ""9"": 10.585991328499551}","[127.38367377056068, 68.85436509193386, 65.27519199434028, 56.07716921248994, 43.858268995559015, 38.68797171874534, 35.22558199677446, 29.65773593041267, 24.749585476514714, 23.205734179160945, 21.70836046957449, 18.710403880570023, 17.696509796125163, 14.609647749935148, 13.599489623381738, 12.558567181805147, 11.696319249985418, 10.55900812558449, 9.976933561686778, 8.506433266265365, 8.300711202318288, 6.735726452720695, 6.447282668093316, 6.399207710097604, 6.178148939877694, 5.584257936228279, 4.261202048370149, 1.6622342495968956e-15, 1.1008588486252508e-15, 4.789356860401968e-16, 0.0, 0.0]"
dimension,L32,1,full_bp,BBB,z,bp,sample_x_spatial_location,channel,0.037546875,0.96875,0.03125,0.96875,0.9491882584768355,0.075125,14.757106169446057,6.094835796990072,0.4611595677951893,31,32,0.9999995436519384,0.8865000000000001,0.9395,5.017282350736258,3.2617614372422428,0.17738125467931484,0.021286753088718406,4,9,2.409167024580702,29.212196675388377,7.934402875384401,"[2000, 32, 1, 1]","[2000, 32]","[2000, 32]","{""0"": 12.626982165747672, ""1"": 5.707038204880172, ""2"": 16.1653482919823, ""3"": 15.123422174648645, ""4"": 13.219278516000596, ""5"": 9.428910560061272, ""6"": 12.598814843091704, ""7"": 12.539804555659607, ""8"": 15.089274337727772, ""9"": 12.038566718402173}","[172.2325345735557, 98.73518627302482, 93.83495972011758, 78.26099723522447, 63.60991233246624, 54.33340459730347, 48.34747423637655, 42.71306238346299, 40.17251156307787, 37.12939214038547, 33.30122685913684, 30.25956038616573, 26.343232640013, 22.37807990622887, 22.014561244381458, 21.08700450791564, 18.628617778040898, 16.25715928423303, 15.49999579006301, 15.305870854031673, 13.129803425978592, 11.115488849486464, 10.82807161856588, 9.962663224398794, 9.156998401435706, 8.561429931425828, 8.484719930173794, 8.23717827995825, 7.516859679279351, 6.394328661874459, 5.896730817454977, 6.751699768364456e-17]"
dimension,L32,1,full_hebbian,HHH,z,hebbian,sample_x_spatial_location,channel,0.351796875,0.96875,0.03125,0.125,0.39999999999999997,0.25,1.0175096770287537,1.0087225009065022,0.031797177407148554,28,32,0.9999997551991139,0.8130000000000001,0.8045000000000002,4.761478520788296,2.9150907982645724,0.13772840495838742,-0.052249766414691604,4,9,1.7778450893348914,30.114019590295577,7.439483337043616,"[2000, 32, 1, 1]","[2000, 32]","[2000, 32]","{""0"": 12.294444669079672, ""1"": 5.729439545506035, ""2"": 13.510224351911877, ""3"": 13.098385185560652, ""4"": 13.882238808902759, ""5"": 10.034475778421644, ""6"": 13.493176326136993, ""7"": 7.521578958477817, ""8"": 8.810497723158369, ""9"": 13.740813265011093}","[424.2437743996671, 0.9456400326205515, 0.7031880734706005, 0.6394054181818447, 0.2956610184747651, 0.23551661802465015, 0.1673189769270153, 0.13364445557081112, 0.1027251474640821, 0.06934239380674638, 0.06663729514137912, 0.055202605683672516, 0.05101839299606162, 0.041982434737454145, 0.03464513643491039, 0.02876136099690148, 0.026127531367945423, 0.021538719868274787, 0.018897348410605468, 0.015154394865887762, 0.012014027365678926, 0.010009711086823159, 0.00969275340798734, 0.008609450027596057, 0.0035793314520122716, 0.0033027101033197494, 0.0005411857475478907, 0.00031018253760511846, 6.31255418233177e-12, 5.470389370006164e-18, 1.043903023285437e-18, 3.239898263210531e-34]"
dimension,L32,1,hybrid_hhb,HHB,z,bp,sample_x_spatial_location,channel,0.100984375,0.90625,0.09375,0.90625,0.8911669420922805,0.105125,7.942050004165068,3.277945574959851,0.24818906263015839,29,32,1.0000000502914375,0.8885,0.9195,4.880710350947764,3.1770290189056123,0.1667897306632809,0.00979977407802193,4,9,2.3202240454321825,29.473424922393594,7.840243598913721,"[2000, 32, 1, 1]","[2000, 32]","[2000, 32]","{""0"": 11.875037711305682, ""1"": 4.810492879955667, ""2"": 15.3440070936422, ""3"": 14.39573717016427, ""4"": 12.104587675594448, ""5"": 8.923202250892777, ""6"": 8.28301302371213, ""7"": 7.605625106155978, ""8"": 15.064293417777026, ""9"": 11.245963100412142}","[127.5333298052299, 40.69476891392257, 32.85926066337134, 29.234539853620518, 24.362830135079136, 16.62775272399761, 14.416035038837139, 13.87012537015533, 12.901346430829443, 11.345605956012214, 10.202495220664078, 9.179075766734215, 8.528464223700887, 7.228246082842469, 6.959967530504566, 6.538835368279814, 5.572660682391299, 5.388193987290828, 4.868900592609331, 4.570262090833325, 4.0923963005352215, 3.589475804872202, 3.4343090439659356, 2.7664528626135896, 2.5934141148690038, 2.5280580275251525, 2.2969887606757857, 2.150628766726372, 1.712893976259411, 2.3912480515502093e-30, 0.0, 0.0]"
dimension,L32,1,hybrid_hbb,HBB,z,bp,sample_x_spatial_location,channel,0.006921875,1,0,1,0.9369908487244206,0.09275,14.962500304083322,5.99552628423743,0.4675781345026038,32,32,1.0000001206062734,0.881,0.938,5.093388306754818,3.2495321274760354,0.1758116710944191,0.017808946736752304,4,9,2.4972446030520583,29.270436243969616,7.966236273462477,"[2000, 32, 1, 1]","[2000, 32]","[2000, 32]","{""0"": 12.85835055631344, ""1"": 5.756125693000604, ""2"": 16.42897741672705, ""3"": 15.504267506564371, ""4"": 13.213891811408944, ""5"": 12.950942653501508, ""6"": 13.018481221022578, ""7"": 12.835344168713178, ""8"": 15.58729913910992, ""9"": 12.196806001726397}","[106.9913258005947, 57.81290221682307, 54.10266709487469, 46.943228747701006, 37.24834866223746, 36.34563380006297, 28.440661132050835, 27.673623723842113, 24.444317099788872, 21.68744159909366, 18.515491971202128, 17.392438796410858, 15.424890828571577, 14.055325937318818, 13.123743387590274, 12.23328355148884, 11.31422256492959, 10.639885623362114, 9.694479890612051, 8.887508977563215, 7.903121579494239, 7.703328071330015, 7.164080627644299, 6.6726860162066215, 6.002643004916331, 5.6103290904953464, 5.414659299588455, 5.101526529854157, 4.8630504259100515, 4.347126440311223, 3.882279049489384, 3.8330544815168603]"
dimension,L32,2,full_bp,BBB,z,bp,sample_x_spatial_location,channel,0.3175625,0.6875,0.3125,0.6875,0.8407878113217132,0.102875,10.838917656710775,4.676881212839403,0.3387161767722117,22,32,1.0000002933666146,0.9099999999999999,0.9504999999999999,4.276613325612979,3.2013021902561167,0.16990134236558313,0.06533278609137186,4,9,2.4209792471401737,29.27438185594561,7.573251729464503,"[2000, 32, 1, 1]","[2000, 32]","[2000, 32]","{""0"": 9.02031854440066, ""1"": 4.033846089177609, ""2"": 7.667824911019305, ""3"": 6.043897201561334, ""4"": 9.150264013058292, ""5"": 6.513904281304842, ""6"": 5.819303744969119, ""7"": 5.544493847551241, ""8"": 6.099853277952556, ""9"": 4.927810401426462}","[184.32478415878114, 94.00382238096415, 86.01659786293422, 66.95137638070558, 61.057620841495165, 44.16015429613659, 39.23018615902375, 38.24632779261257, 33.8375704030976, 28.72602091231497, 26.068307563710057, 24.030099722837026, 19.408982966928246, 17.889866077791112, 16.895844690736535, 15.451706792197685, 13.910512353183472, 12.308213083052179, 11.352692467014363, 10.507482191429329, 9.625008104975782, 8.06194289095993, 2.590047742563749e-14, 5.900686885782663e-15, 3.764680981787165e-15, 1.1154385318240234e-15, 1.2826055305844833e-31, 3.527702794644169e-45, 0.0, 0.0, 0.0, 0.0]"
dimension,L32,2,full_hebbian,HHH,z,hebbian,sample_x_spatial_location,channel,0.470953125,0.96875,0.03125,0.125,0.39999999999999997,0.25,1.0125645741130582,1.0062655435549903,0.03164264294103307,28,32,0.9999994531055317,0.7415,0.764,4.664654119753035,2.7833670869395246,0.1244697781741109,-0.032642674520634185,5,8,1.8411249620189183,28.416851271249403,7.2128810995655,"[2000, 32, 1, 1]","[2000, 32]","[2000, 32]","{""0"": 9.586795086311747, ""1"": 6.190104904424459, ""2"": 12.225828723202847, ""3"": 11.701438375884395, ""4"": 7.959557721997695, ""5"": 11.676471340925563, ""6"": 11.939714860555755, ""7"": 8.527414882435686, ""8"": 4.207510796359132, ""9"": 12.068604986897652}","[388.6622279357933, 0.6416255358489485, 0.4768765945300936, 0.3102486241690671, 0.21570267175904473, 0.21015038081626747, 0.11206926121675394, 0.09040771167726351, 0.06453158434603701, 0.05512826815766631, 0.04263854807323332, 0.03829170786629912, 0.03231033843107931, 0.024448332965487953, 0.022024132556842154, 0.01984274366385518, 0.018481310713842746, 0.015910476426031394, 0.012554721395992495, 0.012089174259400336, 0.008460633289366165, 0.005968533936427467, 0.002538676926248702, 0.0014192195933256308, 0.0008278092845094206, 0.0004203563364407698, 0.00021263310926208638, 1.3596181309631172e-07, 6.584901664905726e-13, 2.1362881741554455e-17, 1.3681738768377292e-17, 0.0]"
dimension,L32,2,hybrid_hhb,HHB,z,bp,sample_x_spatial_location,channel,0.474515625,0.53125,0.46875,0.53125,0.7463663492061678,0.146875,6.1170495058458325,2.866518719816997,0.19115779705768227,17,32,0.9999999944120757,0.8960000000000001,0.9269999999999999,3.777245253533348,3.0753795168112825,0.15490286524330332,0.06991865211036613,4,9,2.1844612884332912,29.66484655540489,7.47569698807891,"[2000, 32, 1, 1]","[2000, 32]","[2000, 32]","{""0"": 4.918640079335091, ""1"": 4.383846465934235, ""2"": 5.936042244332642, ""3"": 4.924097112001728, ""4"": 4.432700811044937, ""5"": 4.913680206776528, ""6"": 4.553080055714332, ""7"": 4.736345721290943, ""8"": 4.390154774141396, ""9"": 4.070709479535326}","[145.7969393047253, 49.22030260536799, 39.70937549411364, 31.751519590570588, 27.520926372060103, 19.319743999005986, 17.95916277914519, 13.683908791839501, 13.288441579802084, 10.519096094644055, 9.639047281158858, 8.777386990697275, 7.061767833346478, 6.669380155648613, 6.474931467517936, 5.397973636645584, 5.1397518327283835, 5.66199867216507e-15, 1.8380113973204314e-15, 1.3136077438772804e-15, 6.266902184290346e-16, 3.800264159900397e-17, 1.8416289205281792e-31, 1.9509381916317922e-32, 5.518635196542966e-48, 0.0, 0.0, 0.0, 0.0, 0.0, 0.0, 0.0]"
dimension,L32,2,hybrid_hbb,HBB,z,bp,sample_x_spatial_location,channel,0.411890625,0.59375,0.40625,0.59375,0.7902386046016692,0.141375,9.364664085907862,4.241743803720195,0.2926457526846207,19,32,1.0000001899898112,0.8985,0.9400000000000001,3.996777747263911,3.1256419785643583,0.16057444113564925,0.07560771278874275,7,9,2.4455236849717563,29.538222489190364,7.560961403556567,"[2000, 32, 1, 1]","[2000, 32]","[2000, 32]","{""0"": 7.793292415166781, ""1"": 4.576490927944831, ""2"": 6.205971785934169, ""3"": 5.216013389739671, ""4"": 9.360145191978589, ""5"": 5.812390043173407, ""6"": 5.1427431548631874, ""7"": 5.271721261322903, ""8"": 4.816284606795661, ""9"": 4.616403666090182}","[116.1005739473461, 65.24151506926816, 49.3309295540705, 37.55149025675786, 35.15279096665231, 27.158373177569345, 20.587903545708084, 20.234307086680026, 19.61285144915169, 15.430247155143167, 14.329797634301961, 12.56159790042526, 11.308202376329518, 10.287487011794436, 9.238512269185875, 8.71729851472195, 7.720681581021882, 6.4542026351897945, 5.450128018195695, 4.6902901343605e-15, 3.9599332664123054e-15, 2.181323305074702e-15, 1.1019428744709554e-15, 9.428852328667878e-17, 5.571312963177263e-32, 0.0, 0.0, 0.0, 0.0, 0.0, 0.0, 0.0]"
dimension,L32,3,full_bp,BBB,z,bp,sample_x_spatial_location,channel,0.379125,0.625,0.375,0.625,0.8176041182838582,0.107375,11.386932491708812,5.264170577400441,0.3558416403659004,20,32,0.9999993806704953,0.909,0.9395,4.094668044163373,3.1440601811039284,0.1629727238308402,0.07227116255509412,7,9,2.444582985641868,29.425268054739185,7.45154408955517,"[2000, 32, 1, 1]","[2000, 32]","[2000, 32]","{""0"": 8.307711592054254, ""1"": 4.787693562324507, ""2"": 6.758016713435865, ""3"": 5.412616541687058, ""4"": 8.219987097198459, ""5"": 6.004117495811922, ""6"": 5.485748718060996, ""7"": 4.77189879903436, ""8"": 5.261394594322057, ""9"": 4.718900013904163}","[141.71250748982848, 84.31981444689815, 81.15966670291844, 63.15714486069644, 49.57271376181071, 43.48510066460149, 36.80006584842254, 35.0311218357921, 29.57132795835649, 25.782161681778817, 24.518306947918816, 21.193732818877418, 19.420397666103266, 17.108715059889455, 14.86854922089134, 14.027445670746545, 12.517698640400285, 12.335258253860617, 10.289022744487522, 9.128060103315798, 5.36786079890201e-15, 2.241883103510739e-15, 2.98754640401127e-16, 1.2393254886236534e-31, 1.777905242201276e-48, 0.0, 0.0, 0.0, 0.0, 0.0, 0.0, 0.0]"
dimension,L32,3,full_hebbian,HHH,z,hebbian,sample_x_spatial_location,channel,0.526109375,0.9375,0.0625,0.125,0.39999999999999997,0.25,1.0116233030424748,1.005797231149995,0.03161322822007734,27,32,1.000000346462604,0.732,0.7449999999999999,4.654734439006737,2.7428243386401814,0.12090754929296879,-0.016020926217593257,4,9,1.753928889117346,30.456814647751248,7.165602456256983,"[2000, 32, 1, 1]","[2000, 32]","[2000, 32]","{""0"": 9.246748216091122, ""1"": 7.780513116637119, ""2"": 9.62851626773956, ""3"": 9.91291318686949, ""4"": 10.656855628321132, ""5"": 7.117348375563493, ""6"": 9.490714091422419, ""7"": 10.66360677701448, ""8"": 5.780495364297128, ""9"": 12.909218882256976}","[244.8621506592791, 0.3965369072284891, 0.223610109675199, 0.1776561036121253, 0.13841964963145115, 0.10160045593854394, 0.07160344071443578, 0.05186604014646798, 0.04083411654440188, 0.03889239660519108, 0.030148114658107492, 0.024787170100197525, 0.021779901390677658, 0.01890580185898392, 0.016370806336073088, 0.014242846259822105, 0.010810217407079836, 0.010291131666653932, 0.008793777018267892, 0.007502098143016675, 0.007211824809547128, 0.004394294631122913, 0.0014164677769004591, 0.0012729374986969444, 0.0002995036623304871, 0.00027637029896307485, 3.6439966453032325e-09, 8.445549613434749e-16, 7.343081462175899e-19, 0.0, 0.0, 0.0]"
dimension,L32,3,hybrid_hhb,HHB,z,bp,sample_x_spatial_location,channel,0.41196875,0.59375,0.40625,0.59375,0.7860578589690462,0.117625,8.011582431832984,3.543480702328956,0.25036195099478076,19,32,0.9999998807907224,0.875,0.9255000000000001,4.0187722873472485,3.054131292077216,0.15257480641451635,0.06713057975807303,4,9,2.154067458432266,29.701707410691665,7.400652181376928,"[2000, 32, 1, 1]","[2000, 32]","[2000, 32]","{""0"": 7.7844380097234325, ""1"": 4.688590503544543, ""2"": 6.529162435152636, ""3"": 5.31162388108922, ""4"": 8.3540495189674, ""5"": 5.545424531765423, ""6"": 5.165602905247148, ""7"": 5.217241980383339, ""8"": 5.111956487016591, ""9"": 4.663657445112052}","[90.93191701868656, 34.79136512202128, 32.842192097394694, 27.861791971763477, 22.31591963214528, 16.122554389646123, 14.938858644078993, 12.02385928660359, 9.953506511245429, 9.485435101807555, 8.39289964983395, 7.409706042296809, 6.901473131705182, 6.265065727527969, 5.051285613633082, 4.7597625967656425, 4.526133179543545, 4.234851385478143, 3.406916079316456, 1.1478219098952373e-15, 1.0867391128031495e-15, 5.238285534631362e-16, 1.641097684593345e-48, 0.0, 0.0, 0.0, 0.0, 0.0, 0.0, 0.0, 0.0, 0.0]"
dimension,L32,3,hybrid_hbb,HBB,z,bp,sample_x_spatial_location,channel,0.318,0.6875,0.3125,0.6875,0.7967015526421889,0.132125,10.12997947415256,4.345347460067151,0.3165618585672675,22,32,1.0000000894069745,0.8995,0.9419999999999998,4.289347223838281,3.161833806028565,0.1651641813511017,0.05958591422973712,4,9,2.3528175993517064,29.379739975145046,7.495257134058658,"[2000, 32, 1, 1]","[2000, 32]","[2000, 32]","{""0"": 9.293660465633517, ""1"": 4.028293924302668, ""2"": 7.739064461583749, ""3"": 5.786167081244099, ""4"": 9.131178118957916, ""5"": 6.407920469828687, ""6"": 6.1362930792733055, ""7"": 5.323533494942657, ""8"": 6.182807301401543, ""9"": 4.825467528427063}","[116.5886862345138, 56.32478670729057, 50.37395451359782, 37.10050897239993, 32.79648417561119, 32.09295592903131, 24.005429355400015, 20.045368420956606, 18.031683092399238, 15.732711037353317, 14.719153835459382, 13.006012335189977, 11.101982459684184, 9.972799941068539, 9.150928799411325, 8.661969759315166, 7.6032501369978425, 7.1337233082759886, 6.626093314945143, 5.641140629237344, 5.395259061413071, 4.513469582158737, 1.0694186325027988e-14, 2.6667397533363023e-15, 1.6553763690243701e-31, 1.4137800106971398e-46, 0.0, 0.0, 0.0, 0.0, 0.0, 0.0]"
dimension,L32,4,full_bp,BBB,z,bp,sample_x_spatial_location,channel,0.691265625,0.3125,0.6875,0.3125,0.6610078359246583,0.12125,7.311956699121993,4.072664788848752,0.22849864684756227,10,32,0.9999999068677612,0.8795,0.9255000000000001,2.888006304252568,2.904820985500024,0.1377222326079703,0.10273640565764057,4,9,1.5877301405851894,29.644012522510415,6.1657226930314275,"[2000, 32, 1, 1]","[2000, 32]","[2000, 32]","{""0"": 5.483321349471862, ""1"": 4.701729440589512, ""2"": 3.095946356123049, ""3"": 3.2989445200286367, ""4"": 2.498398214337512, ""5"": 2.8694365938628796, ""6"": 3.426744209525748, ""7"": 3.329381720977652, ""8"": 3.211639084725102, ""9"": 3.955430570513845}","[123.22258307614007, 73.16950371596657, 66.14319593106788, 58.95944920255514, 49.86138967529303, 36.36608493542059, 26.624340807817802, 25.987209145094297, 21.023804166329544, 20.486714629500906, 2.227187537567685e-14, 8.354384116546152e-15, 2.3991234294200515e-15, 1.9642788762270686e-15, 1.8281005187464629e-31, 4.330710342939248e-48, 1.9392477291574142e-49, 0.0, 0.0, 0.0, 0.0, 0.0, 0.0, 0.0, 0.0, 0.0, 0.0, 0.0, 0.0, 0.0, 0.0, 0.0]"
dimension,L32,4,full_hebbian,HHH,z,hebbian,sample_x_spatial_location,channel,0.476234375,0.96875,0.03125,0.125,0.39999999999999997,0.25,1.0123452666115391,1.0061564074703517,0.0316357895816106,28,32,1.0000003200771876,0.7719999999999999,0.726,4.5931628836834335,2.811204376076818,0.1270016401305991,-0.012807408476752016,4,9,1.6481288677177923,30.377833977177595,7.423494736676851,"[2000, 32, 1, 1]","[2000, 32]","[2000, 32]","{""0"": 9.675467008724768, ""1"": 4.119423130124051, ""2"": 10.402830097886072, ""3"": 12.482052164795716, ""4"": 9.073850907596105, ""5"": 9.85553255797775, ""6"": 12.622818930406519, ""7"": 8.122520343475223, ""8"": 6.127781833541551, ""9"": 9.740323844753041}","[492.5136968859223, 0.7461200130717912, 0.5979101172624007, 0.458403132031995, 0.3079039784326687, 0.17286683145014037, 0.13460698322833295, 0.10893043761960386, 0.08133060667172602, 0.07548827591611253, 0.06889999724255805, 0.057061873253221235, 0.04425951387691124, 0.0407252104671364, 0.031517980043499816, 0.027794899127718813, 0.02373803926297201, 0.017712650698199835, 0.008741809244085389, 0.006817924800540019, 0.006577540320247704, 0.005368265331928744, 0.005295859068853813, 0.0029395146319241322, 0.0010149159276292515, 8.799767666880963e-05, 3.6767594464101947e-07, 2.6842422441828815e-07, 1.790259842601585e-18, 0.0, 0.0, 0.0]"
dimension,L32,4,hybrid_hhb,HHB,z,bp,sample_x_spatial_location,channel,0.59853125,0.40625,0.59375,0.40625,0.7137724024465855,0.158125,7.340357368330974,3.5464222126932508,0.22938616776034293,13,32,0.9999998454004706,0.8644999999999999,0.9095000000000001,3.314465332461478,2.950721700584078,0.14163776042595336,0.06854185244851735,4,9,1.7743426975154706,29.841935786203525,6.949488130971302,"[2000, 32, 1, 1]","[2000, 32]","[2000, 32]","{""0"": 6.110343680096589, ""1"": 5.001042048077205, ""2"": 4.45911167815125, ""3"": 4.1069617600614885, ""4"": 3.0205715167127214, ""5"": 4.048687045549317, ""6"": 3.502874296100241, ""7"": 3.784182161519261, ""8"": 3.1338684002535815, ""9"": 3.3900560649477334}","[119.62186898723016, 52.20878671260708, 47.82365671039049, 41.62389075617552, 32.51989956188548, 27.026371010678137, 24.07985854602404, 16.400141591795123, 16.075463214139823, 14.917468043918152, 11.908455931045454, 11.272380161954525, 8.751412072350925, 8.251727941324571e-15, 2.3783080662662233e-15, 1.6028486030833142e-15, 1.0338178585677513e-15, 1.8770547152192353e-31, 0.0, 0.0, 0.0, 0.0, 0.0, 0.0, 0.0, 0.0, 0.0, 0.0, 0.0, 0.0, 0.0, 0.0]"
dimension,L32,4,hybrid_hbb,HBB,z,bp,sample_x_spatial_location,channel,0.752640625,0.28125,0.71875,0.25,0.5974372598751807,0.143,6.526837149680504,4.030626007519507,0.20396366092751575,9,32,1.000000189858592,0.884,0.914,2.620071662292654,2.7019258134775925,0.11773038641298227,0.10024556548957378,4,9,1.5744653321316424,29.93070758179851,5.344309217019911,"[2000, 32, 1, 1]","[2000, 32]","[2000, 32]","{""0"": 5.239210477128462, ""1"": 4.558684858017883, ""2"": 3.373140529404043, ""3"": 2.949487705737269, ""4"": 2.9059977141789832, ""5"": 2.356475420228339, ""6"": 3.0729697720428955, ""7"": 2.9538253163907404, ""8"": 2.9385433098465557, ""9"": 3.7177187388113895}","[77.812627213342, 53.71662090034928, 46.84080188900372, 39.54678790937301, 30.622685816019903, 24.088040077838865, 23.147972985694572, 17.858059872301506, 2.2955934727819915e-06, 8.106575713035342e-15, 3.560430414234817e-15, 1.958328269718185e-15, 1.2858763776603598e-15, 2.1416231258260147e-34, 3.643162940017266e-47, 9.792061074130358e-65, 1.5777886126289146e-79, 0.0, 0.0, 0.0, 0.0, 0.0, 0.0, 0.0, 0.0, 0.0, 0.0, 0.0, 0.0, 0.0, 0.0, 0.0]"
dimension,L128,0,full_bp,BBB,z,bp,sample_x_spatial_location,channel,0.15269140625,0.8828125,0.1171875,0.8671875,0.9020238055799942,0.03626923076923077,28.025263597430413,8.589816467725667,0.2189473718549251,113,50,0.8893811777234077,0.8705,0.914,6.585201444003069,3.317967893540142,0.11082741056693925,-0.026060246770354033,4,9,2.4668222825975263,47.03293235210234,8.148535891318415,"[2000, 128, 1, 1]","[2000, 128]","[2000, 128]","{""0"": 18.303237869517062, ""1"": 8.021546038085072, ""2"": 22.74883455847287, ""3"": 22.322430293996227, ""4"": 21.61895420390756, ""5"": 20.00960949008232, ""6"": 17.705978293309403, ""7"": 17.819627101694334, ""8"": 23.833840988740192, ""9"": 18.472360204623605}","[139.1384275040217, 75.18530006944766, 65.39278186449101, 62.57760261953168, 57.17906766486349, 43.61688870899728, 39.37440665822784, 34.97133579473872, 32.08970490726963, 31.211433923960552, 30.071866228115628, 25.77827536471249, 24.027400253668432, 22.40685783689336, 20.781640978566188, 20.108581704817798, 19.638779519675992, 18.05530941692165, 16.803905926178267, 15.494597957985164, 15.00319753636622, 14.800039116065776, 13.62828194901093, 13.043974917417005, 12.686103302282628, 12.58945079827103, 11.780491916115537, 11.388312883284073, 10.885656073662162, 10.282969413273428, 10.033924008935744, 9.542214138080052, 9.267168799491303, 8.815930428126215, 8.492497226526178, 8.179507265721604, 7.806334928595453, 7.715365771068648, 7.4160913245219096, 7.130988187123835, 6.859521268688136, 6.716213840199945, 6.3999941936198095, 6.276967970348788, 5.779829115757459, 5.744185248903035, 5.6581669703721635, 5.338502544663757, 5.237694951103263, 5.204133076060321, 5.105702215223071, 4.971118213370826, 4.8757959007898375, 4.603075154470582, 4.554545790453767, 4.435427852898917, 4.295499074549187, 4.0945675313326015, 4.035189827614774, 3.8461917467872007, 3.7856938015679167, 3.647403841336674, 3.486944236986775, 3.3963344996749187, 3.3582236901538, 3.3226956981328324, 3.2491295590489484, 3.074698276635082, 2.9652851497943438, 2.8261553517057596, 2.746416860808656, 2.734578181558899, 2.6325438331785387, 2.5706791529166266, 2.503245549345809, 2.4305649628493664, 2.3715401801239833, 2.2599165716608383, 2.192198952263417, 2.134737349132232, 2.028958003145079, 1.991508932239185, 1.9109305733137718, 1.7492735547253826, 1.6655490009403984, 1.592621756329439, 1.5358595368691579, 1.3808553041957539, 1.3470332715840403, 1.2461790677950026, 1.2103065503964898, 1.1019624857971737, 0.9996727795524144, 0.9668493109005809, 0.8316127118394345, 0.8107400578920329, 0.764744043971152, 0.7173895904761489, 0.6376605843387438, 0.587157874810998, 0.5742285188263466, 0.47874492926762324, 0.4487881097795002, 0.391706957960564, 0.342929934487105, 0.33564090798480106, 0.2816802132898294, 0.26269230305340113, 0.24102429169103357, 0.22843028303484633, 0.17771490200405088, 0.15573033391989832, 0.06340611798084621, 1.4979031333847154e-15, 1.322082948022816e-15, 1.0523258833574648e-15, 6.720693426431029e-16, 4.653888230928439e-16, 3.134902060843589e-16, 1.4086758171479093e-16, 1.1886701333420004e-16, 1.5553224061802873e-31, 0.0, 0.0, 0.0, 0.0, 0.0, 0.0]"
dimension,L128,0,full_hebbian,HHH,z,hebbian,sample_x_spatial_location,channel,0.5288828125,0.953125,0.046875,0.1015625,0.5286342454487276,0.07692307692307693,1.0167259680753284,1.00833187900376,0.007943171625588503,110,50,0.9997885696593585,0.8825,0.8620000000000001,6.469964017515817,3.39593635313228,0.1164655436463425,-0.039917489830842624,4,9,2.520249967596866,46.816128062997045,8.314240846841473,"[2000, 128, 1, 1]","[2000, 128]","[2000, 128]","{""0"": 14.819969088539393, ""1"": 6.328974412795487, ""2"": 21.14195042726786, ""3"": 19.431142251499764, ""4"": 16.704661538498172, ""5"": 19.692913509901256, ""6"": 15.534851013646291, ""7"": 16.294857870158097, ""8"": 22.70276081368277, ""9"": 16.901741672823082}","[1313.3415894177365, 2.2956485126624626, 1.7897390542776477, 1.3134331566531303, 0.9114812797502168, 0.5875095327822775, 0.5014089322785631, 0.3997124929822807, 0.339974781512801, 0.2955126588058158, 0.2576928789396815, 0.19993808625584822, 0.15801955584266958, 0.1486045287645939, 0.11106876261257674, 0.10477430143765423, 0.09574575438297438, 0.08942864672062563, 0.0855161500290245, 0.08068588131399637, 0.0657492806060729, 0.05990265258110827, 0.05683747117292076, 0.054004270471010404, 0.05105593827996484, 0.047827140300964285, 0.043118758558787405, 0.038525010463656736, 0.034791670812427795, 0.03293557451036055, 0.031641529246724254, 0.029945088424348724, 0.029879687110363574, 0.027677250060684784, 0.025209593173176118, 0.02374385141206106, 0.023155163617978453, 0.021834746191251916, 0.02133320339576106, 0.020494203218044432, 0.018881463725851613, 0.017854313819653245, 0.017456877768885055, 0.0167665505193931, 0.01623641819240874, 0.015365078717911693, 0.015095877831347913, 0.01438311830669325, 0.013284679298850289, 0.012756647550898, 0.012216494215098923, 0.011761074080448007, 0.011340596484983891, 0.011157700763022435, 0.010497333904078794, 0.010165042224895653, 0.00977493727945901, 0.009651367084557362, 0.009577169548280896, 0.008966238526534899, 0.008505262188938583, 0.008461870968805338, 0.008045552871621654, 0.007885066867241124, 0.007654406676807973, 0.007488245645770261, 0.007379638563488776, 0.0070654260947616955, 0.006683507304405451, 0.006307667423386533, 0.00623853677510185, 0.005946998490785745, 0.0056674898518131065, 0.005536889082185745, 0.005274858754197221, 0.004961351704209695, 0.004792662164280172, 0.004700521471303087, 0.004495588286741333, 0.004384508229782459, 0.004265362586399282, 0.004031797118404715, 0.003809009002694361, 0.0036061581045592037, 0.003498231952980512, 0.003317755738135735, 0.0031619875064058966, 0.0030639671046505334, 0.002489264620039179, 0.002194972692564683, 0.0021502860374217883, 0.002026968192020504, 0.0018211653016843002, 0.001499723180691493, 0.0012517723781074925, 0.000972740742128167, 0.0007373473951734316, 0.0006371015431317395, 0.0004523996815350677, 0.00042075472780402307, 0.0002993604674298194, 0.00020156996280502285, 0.00017457137689803808, 0.00013944122351957174, 8.741858566244364e-05, 3.6061649746185524e-05, 1.989222299297808e-05, 6.904844234879273e-06, 3.860741585960268e-06, 3.3060818912046267e-06, 6.115908431649562e-17, 4.133586006270916e-17, 2.1048877430892383e-17, 4.366554061281024e-18, 2.9404062402870228e-18, 1.8660812749983445e-18, 1.3133855144904271e-18, 9.001001454345328e-19, 2.0972371826744901e-19, 7.555033471237239e-35, 0.0, 0.0, 0.0, 0.0, 0.0, 0.0, 0.0, 0.0]"
dimension,L128,0,hybrid_hhb,HHB,z,bp,sample_x_spatial_location,channel,0.32705078125,0.7421875,0.2578125,0.7109375,0.8556617570725993,0.03584615384615385,15.39656793720363,5.001422258114278,0.12028568700940336,95,50,0.9560678608249873,0.8809999999999999,0.915,6.550871992104354,3.315388300746065,0.1106032736044318,-0.036946648500121096,4,9,2.4075729686508,47.04654355325234,8.15425853245897,"[2000, 128, 1, 1]","[2000, 128]","[2000, 128]","{""0"": 18.173109329854597, ""1"": 7.186592000779855, ""2"": 21.95606873933017, ""3"": 22.36898992622028, ""4"": 20.98106332683409, ""5"": 19.4486008012067, ""6"": 17.443476021785074, ""7"": 17.02916053844127, ""8"": 23.751728490161526, ""9"": 18.541779142810967}","[129.41607655606015, 46.826184463542496, 40.50190901678624, 38.69807340082667, 34.83338879917659, 23.92798145940177, 21.615373066226457, 20.95454413627555, 18.333227088519358, 16.103893834876004, 15.501630374222133, 13.331738489588213, 12.792684237730807, 11.56806169429165, 11.28689009222273, 10.431828430113804, 9.644606353237029, 9.488538440510041, 8.473598143196872, 8.033873367093005, 7.786451658145043, 7.480465644040928, 6.504396015146944, 6.237260070040764, 5.856972362550707, 5.806282583463181, 5.472806999469299, 5.071331035645082, 4.868781437893435, 4.565902586346825, 4.486909343096461, 4.149204137168491, 3.8234427158093593, 3.6827385621329936, 3.531923519788038, 3.365639991452013, 3.170390757550108, 3.0496890406373307, 2.9404025408943557, 2.771674503049879, 2.7588113942729025, 2.590466198163734, 2.4946657299040553, 2.380824652652407, 2.248442454274586, 2.168248927447848, 2.099078851196771, 1.9690483770845635, 1.9116503632436894, 1.849213150427117, 1.7907525896276308, 1.668370202551832, 1.6124121992961087, 1.5456501141749528, 1.5213515590644286, 1.4805457746486603, 1.3269663914145662, 1.317492717792563, 1.2216666569961807, 1.1251172591957577, 1.114174537029774, 0.9804556028907998, 0.9010162378799048, 0.8508322231533648, 0.8194612051805406, 0.8053431183451278, 0.7738233084776046, 0.7120403341912369, 0.6399691431355818, 0.5620648602416012, 0.505265715591523, 0.480887879988652, 0.4249418217741058, 0.39756925595555337, 0.3666300766890135, 0.34912265647456564, 0.30448481563249785, 0.2982936049637911, 0.2870187931484305, 0.2717404328734577, 0.23438142580786442, 0.22987049780822397, 0.2237177168179832, 0.1932418877433743, 0.15604170643141044, 0.14136964392016518, 0.13064712333321524, 0.12635177800446476, 0.10889605511504027, 0.09378868746318562, 0.07923982389220549, 0.07733967250732758, 0.06287226969510518, 0.05758147394492954, 0.036427947549868035, 2.336390231581682e-15, 1.8902643957115846e-15, 1.3709702293434449e-15, 1.2222128493646827e-15, 8.791394300790152e-16, 7.838800903618656e-16, 4.775380893764755e-16, 3.9111257969007907e-16, 2.2464152703031765e-16, 1.821598749225173e-16, 1.627259336470827e-16, 7.663260513594561e-17, 6.717445167921363e-18, 5.118910988986715e-19, 1.7977272973571524e-31, 9.35864270808294e-34, 0.0, 0.0, 0.0, 0.0, 0.0, 0.0, 0.0, 0.0, 0.0, 0.0, 0.0, 0.0, 0.0, 0.0, 0.0, 0.0, 0.0]"
dimension,L128,0,hybrid_hbb,HBB,z,bp,sample_x_spatial_location,channel,0.15828515625,0.8671875,0.1328125,0.859375,0.8991237665635068,0.03596153846153846,25.76499178703925,7.987632901416104,0.20128899833624414,111,50,0.9017708972096443,0.8665,0.9109999999999999,6.582642572374021,3.315564649817835,0.11069572762786667,-0.02988839807987474,4,9,2.429185875808801,47.03128839651005,8.128322928137145,"[2000, 128, 1, 1]","[2000, 128]","[2000, 128]","{""0"": 18.5167544765833, ""1"": 7.861408091282663, ""2"": 22.440883825369763, ""3"": 22.135068322233508, ""4"": 21.362519248382057, ""5"": 20.06939790220488, ""6"": 17.672057260097287, ""7"": 17.65809575408742, ""8"": 23.578703828763498, ""9"": 18.239896115779278}","[84.62169396978248, 43.221654545436245, 41.79405161371266, 35.9005099314071, 31.007592063060173, 26.25845542914106, 22.65362045352185, 20.852850140522925, 19.283347833163578, 17.472033943552923, 16.875884990772594, 14.34557587886628, 13.602131766065684, 12.464003125934397, 11.699360396145329, 11.178599843770256, 10.58846231306378, 9.857761225886582, 9.278367804539068, 8.731307249710971, 8.456829227027312, 8.392142893214753, 7.889956988357267, 7.227802490243139, 7.020118628865181, 6.942868443203109, 6.572882226664117, 6.150746430570505, 5.979683992442135, 5.815110446191016, 5.386586042058051, 5.120198094410264, 4.940420868488392, 4.790097805846182, 4.53633412499822, 4.435298138711937, 4.26909208736178, 4.054316966591455, 4.036169926295262, 3.911989107420211, 3.6998025146370304, 3.5065790460320714, 3.4220981975926934, 3.330171530475677, 3.255010432326581, 3.159988862593763, 3.074900240772422, 2.9420706481754944, 2.903542046276438, 2.84291186958552, 2.7125229471708905, 2.6251487043276325, 2.584624637887579, 2.4717096199098645, 2.430069677473575, 2.308302568817756, 2.244039099457911, 2.1297053870430736, 2.089627018899485, 1.969443486715006, 1.9369079630291024, 1.905628138421827, 1.8882540291546368, 1.8015090267385396, 1.7650261030093504, 1.6756940724508262, 1.6536172465450825, 1.5930736556341971, 1.5798392377240327, 1.5200535329637082, 1.469744402590307, 1.443742571169237, 1.3174691125315776, 1.2989313604582775, 1.250279901377927, 1.229224158897164, 1.1771066489840165, 1.147698657889381, 1.078213515697562, 1.0651290879335389, 0.993222543480687, 0.9303332973975441, 0.8695599797929834, 0.8552381926033505, 0.8249366545421488, 0.7507953192850013, 0.7331373939505454, 0.6129827172591947, 0.6031779362639842, 0.5544426771175397, 0.5057862092518743, 0.484357204253038, 0.45747872865970324, 0.4116518964586258, 0.40825887821424206, 0.3272589599316352, 0.27485728098810513, 0.266586126395918, 0.23461327232626436, 0.22664313852478857, 0.1944960549856452, 0.1842240499718216, 0.16844693729708415, 0.1536270721565861, 0.14490662913759245, 0.1314401297117969, 0.12776091920637053, 0.10943866698478247, 0.10189245953233296, 0.08527247759191303, 0.0848827169392519, 1.300670934535194e-15, 7.492266043786795e-16, 6.491137908555942e-16, 4.591593454227414e-16, 4.4625580598556095e-16, 3.349886280870848e-16, 2.462573104034181e-16, 1.8522655883511952e-32, 0.0, 0.0, 0.0, 0.0, 0.0, 0.0, 0.0, 0.0, 0.0]"
dimension,L128,1,full_bp,BBB,z,bp,sample_x_spatial_location,channel,0.07747265625,0.9609375,0.0390625,0.9453125,0.9290850635776924,0.03253846153846154,29.998465013710344,9.192736490454264,0.23436300791961207,123,50,0.8786987359635532,0.8605,0.9109999999999999,6.593945316361572,3.318031099244501,0.11084019020501044,-0.024507317143426854,4,9,2.439067027290931,47.0250721591701,8.130939904535486,"[2000, 128, 1, 1]","[2000, 128]","[2000, 128]","{""0"": 18.163395013529243, ""1"": 8.161522998064994, ""2"": 22.69853277583799, ""3"": 22.377497190239627, ""4"": 21.439615189059037, ""5"": 20.130663225396088, ""6"": 17.55805824674504, ""7"": 17.403588540609025, ""8"": 24.015460286095024, ""9"": 19.017369983107777}","[150.0240902685161, 86.38492099728373, 72.47719434517268, 68.27607413366266, 62.263257985990286, 51.509865343267975, 44.25043289071263, 41.19239627261694, 39.72881721931026, 36.08903068704052, 31.9748496812458, 29.742927894074555, 27.481952156243118, 27.123197505890584, 24.83785406186404, 23.02991802654231, 22.82896559217896, 20.230952413819065, 18.66061268744411, 18.27900919502111, 17.766422789442405, 17.458614859452208, 16.269250026246723, 15.164252351446404, 15.007196795016284, 14.504422571791768, 14.000650145319671, 13.161684416700137, 12.728455959799344, 11.402490532273713, 11.161171562523718, 10.927670449688327, 10.497649878233373, 10.342299878148262, 9.866822778141717, 9.591480328100852, 8.990565514324373, 8.80548448440235, 8.690218606878425, 8.344071707084213, 8.27478095797548, 7.687715430432314, 7.45707097653458, 7.442601476247981, 7.151977241375493, 7.122163338524137, 6.832955657592633, 6.655524316227761, 6.526823694684721, 6.221033564503189, 6.121042066938744, 5.873191933618304, 5.746079540315652, 5.702359960143013, 5.489478989629083, 5.368545269735955, 5.057998220941543, 4.919370491747346, 4.896628010072503, 4.728967780529021, 4.58109731486888, 4.484606263629673, 4.35472772527545, 4.18162453600285, 4.121668998274054, 4.089683904306325, 3.908738098136224, 3.7163627540721444, 3.615220244373743, 3.536932869345941, 3.4500771646465376, 3.318613387600986, 3.1549599830538866, 3.105439879501765, 3.0136713760200777, 2.953800118395799, 2.912146943047383, 2.814961104678774, 2.7856497511583, 2.734506639060852, 2.676459577820244, 2.4216228849795716, 2.347074658460811, 2.271574650051367, 2.215705002564547, 2.0709876256010347, 2.0295277515719987, 1.96640945608969, 1.8255455791653994, 1.76306976324436, 1.6822148525654563, 1.4674737603754116, 1.442899164135127, 1.3615917787841423, 1.2631878553861993, 1.0456430624466586, 1.0303868809686179, 0.9847474588284896, 0.8399117328030762, 0.8171990133907858, 0.8120207550091584, 0.7392826196818607, 0.6744267464168334, 0.5857949320326752, 0.5629059344049868, 0.5270056715124758, 0.49925060897217133, 0.43792611290339917, 0.3974852669813963, 0.350259934955309, 0.33722300277965445, 0.31175128821638814, 0.2771861320477203, 0.2619093343313091, 0.2544585679838411, 0.2384951779348138, 0.21611903370150373, 0.20245796417370351, 0.18848058470671333, 0.17452604265719823, 0.15677701082401174, 0.1561078806956022, 0.06885298030581896, 1.6854757850044512e-15, 5.35955773889154e-16, 0.0, 0.0, 0.0]"
dimension,L128,1,full_hebbian,HHH,z,hebbian,sample_x_spatial_location,channel,0.4947265625,0.953125,0.046875,0.1015625,0.5286342454487276,0.07692307692307693,1.0172974148496001,1.0086161156586537,0.007947636053512501,110,50,0.9998256539611248,0.875,0.8560000000000001,6.430291373580174,3.4004465400180526,0.11701876074562342,-0.04346012011634868,4,9,2.254438685235206,46.740130841181454,8.205734398885443,"[2000, 128, 1, 1]","[2000, 128]","[2000, 128]","{""0"": 16.31109936673646, ""1"": 5.763871563016117, ""2"": 20.616010374084166, ""3"": 19.254546079425015, ""4"": 16.97640372654414, ""5"": 19.716801874746057, ""6"": 15.841168399500408, ""7"": 16.460923673841652, ""8"": 22.079143863265138, ""9"": 17.60334132503493}","[1374.6567241574041, 3.073116232781725, 1.857762486141724, 1.326408678583545, 0.9356082493573372, 0.5868842317661476, 0.5218653481824526, 0.44388459596084007, 0.3767341163527395, 0.2865927725264978, 0.26842065696867085, 0.1784834560656414, 0.16140091241620982, 0.1501895211203573, 0.13729559897312762, 0.13185716333714892, 0.09626245376455886, 0.09307849167920623, 0.08100593668280165, 0.07513819339874499, 0.06795888124514413, 0.06121558082520717, 0.05528782416997797, 0.05051775840130304, 0.04603304637677622, 0.041124196098681, 0.03904138536616826, 0.03619941853893526, 0.033637616473613345, 0.032530910164775065, 0.028271463535404676, 0.025844622741691477, 0.025164274412696277, 0.023546309913914973, 0.02129063916243096, 0.020501156579874304, 0.019795273397348413, 0.019156451650658653, 0.01818127397974656, 0.017400544994954772, 0.017125599863135933, 0.01634755166488775, 0.014987664677700074, 0.01481467335980415, 0.01389336582758473, 0.013126062181710448, 0.012968605748461983, 0.012248966747263737, 0.012020442486180831, 0.011362539364243734, 0.01119084717766793, 0.010829949965174338, 0.010070037963673137, 0.009664073751629164, 0.009163830476308516, 0.008826952767474128, 0.008725224154030856, 0.008390648498184324, 0.008156641007418005, 0.007784685783709736, 0.007510657319741269, 0.007293698219243416, 0.007015011404704749, 0.006816235354493141, 0.00675372601461292, 0.006468320886123098, 0.00628893592720264, 0.006063632866672122, 0.005722315625790637, 0.005578498058033349, 0.005518627604735422, 0.005246728575699088, 0.004924007683729933, 0.004807661158241085, 0.00468240066962631, 0.004363159991447778, 0.004161996496125477, 0.004066351017537086, 0.004011107148876215, 0.0038306606653463124, 0.0036509069201760853, 0.0033731946338387635, 0.0032166468279323764, 0.0030562970990311686, 0.002859780864433751, 0.0025670150134085704, 0.0023816941179167534, 0.0022069842907756127, 0.0021605163909987303, 0.0019551675578656494, 0.0018189427477027927, 0.0016547090095961675, 0.001351284704340773, 0.0010018988695328923, 0.0007639843126647142, 0.00045175357070673783, 0.00039758127196817323, 0.00025951665478586393, 0.0002509784837974641, 0.00023973732108070067, 0.00022140229711388449, 0.00021063424536506688, 0.00018364474876999022, 0.00017865532711750737, 0.00015144295824583696, 5.7306052200821245e-05, 3.8114589065578496e-05, 2.7663109030551117e-05, 3.6098191994130357e-06, 4.4222701719841714e-07, 7.554388663405293e-12, 1.3744799145565547e-14, 5.373360263471372e-18, 2.2875137029621253e-18, 1.7888048174698454e-18, 1.1202127105462109e-18, 9.774283589122137e-19, 5.458423962587218e-19, 2.990257189017533e-19, 1.5975841399024942e-19, 0.0, 0.0, 0.0, 0.0, 0.0, 0.0, 0.0, 0.0]"
dimension,L128,1,hybrid_hhb,HHB,z,bp,sample_x_spatial_location,channel,0.25507421875,0.8046875,0.1953125,0.765625,0.8478779547109018,0.039038461538461536,15.733999853025018,5.209229143350482,0.12292187385175796,103,50,0.9589461698196828,0.8785000000000001,0.9099999999999999,6.551982188035978,3.3252007818588463,0.11128199622027717,-0.03377438847187154,4,9,2.484493604796594,47.02599565654065,8.187516352135153,"[2000, 128, 1, 1]","[2000, 128]","[2000, 128]","{""0"": 18.527273436861382, ""1"": 7.522427294520845, ""2"": 22.243189092413914, ""3"": 22.14014112530962, ""4"": 20.390209075047682, ""5"": 19.841045897086953, ""6"": 16.201802124319336, ""7"": 16.629333424287996, ""8"": 23.494402149115313, ""9"": 18.15886232579532}","[104.89313457225475, 40.79307948042772, 36.09186850573149, 34.168289102520326, 27.984456428768752, 22.450105972300605, 20.17059758043554, 18.030469753027997, 16.753906737551645, 14.572042227744797, 14.066385468462318, 11.728117414011951, 11.240312852579834, 10.699372477229916, 9.448814577550614, 8.587049265843985, 8.175991500690914, 7.8351073208162845, 7.271381399949626, 6.790003483114319, 6.272173361758559, 6.169288710284034, 5.5557081212168615, 4.8140591899973, 4.690547922009869, 4.530393939680719, 4.206069382913745, 4.046556043232264, 3.684436427398988, 3.589067793164801, 3.4104615069754844, 3.302987987161793, 3.2380324512036887, 3.0694786174415642, 2.7745097158072736, 2.5449572284465583, 2.5228636492916237, 2.4572165627766545, 2.3641667349913025, 2.1226209611558478, 2.063618955294866, 1.9191937091902502, 1.8503637222143985, 1.7830223572609842, 1.6726957256996673, 1.6233329093085276, 1.5476916560866418, 1.5208660852495137, 1.4702805974914364, 1.4233273304546659, 1.374547620451359, 1.3274241897566483, 1.3003175672093856, 1.1886398121401667, 1.1569644603917817, 1.114871278380356, 1.040658994560299, 0.9598957112807538, 0.9289416899981524, 0.9046277488987549, 0.8479692104006025, 0.7669111982891774, 0.745176378022973, 0.6731509291808943, 0.5928098479521098, 0.5440940031751943, 0.5283495659253439, 0.4738079983960451, 0.4502539791015357, 0.43076017700734676, 0.4096388071220762, 0.3695186717750693, 0.3466143571716933, 0.32298318589034636, 0.2912587893991424, 0.2780007380472211, 0.2637357801648929, 0.2594269800752035, 0.24429015158192127, 0.21987465295369923, 0.21407188973555247, 0.19856949900731133, 0.1690889036614184, 0.14986293412011867, 0.14815122604040815, 0.13530931305942873, 0.11249555929812059, 0.10574918863762209, 0.09480217620546273, 0.08998826356314416, 0.08301419283544828, 0.07304966185025595, 0.06957907981863398, 0.06601332910664402, 0.057483753714499576, 0.05497604843533832, 0.04398238293514698, 0.041279816515352036, 0.03990018626120969, 0.03452409259312794, 0.03220922610773793, 0.028068232253100626, 0.024214644544996933, 2.5355293523974514e-15, 4.719857202584061e-16, 3.1404952959140627e-16, 2.553442053850733e-16, 1.8298305743402318e-16, 1.232956761622641e-16, 9.758045648458379e-17, 8.101452955480929e-17, 3.628418444973332e-17, 1.333653563686347e-17, 4.9846592903417084e-18, 1.2302600816770384e-32, 1.8242401630641862e-33, 0.0, 0.0, 0.0, 0.0, 0.0, 0.0, 0.0, 0.0, 0.0, 0.0, 0.0, 0.0]"
dimension,L128,1,hybrid_hbb,HBB,z,bp,sample_x_spatial_location,channel,0.06549609375,0.9609375,0.0390625,0.953125,0.9275527437573189,0.03934615384615384,28.56848365464361,8.716617652453035,0.2231912785519032,123,50,0.8884688513353467,0.8535,0.9105000000000001,6.59057336234518,3.2933246304437147,0.10904328940963223,-0.031807202929786796,4,9,2.3760611136692242,47.10412089377646,8.103211686354289,"[2000, 128, 1, 1]","[2000, 128]","[2000, 128]","{""0"": 18.048785635782362, ""1"": 7.9375535445894965, ""2"": 22.878717117662394, ""3"": 22.239302787225682, ""4"": 21.421260332698587, ""5"": 19.95472714999889, ""6"": 18.27776945531355, ""7"": 17.60670307183758, ""8"": 23.50429379793125, ""9"": 18.174957039337023}","[83.79119026075676, 47.390287274351, 39.35020765017194, 36.86554122529614, 31.665723071097723, 26.98235799490994, 23.5519095080888, 22.312386764450746, 20.03343473843658, 18.87607261247259, 17.37421418467874, 15.934235911062643, 14.915020719452786, 13.888314248139679, 13.362033489841531, 12.24086512819039, 11.828887506893969, 11.024650292192758, 10.166130814649588, 10.006806275769964, 9.548031666835486, 9.20682829176591, 8.849015464587639, 8.06988760862635, 7.640782566870987, 7.57779809498716, 7.129887277930656, 7.076882049242271, 6.8874188691473055, 6.6282061777753585, 5.9641826540095355, 5.744176225872785, 5.661019150921073, 5.601339785270966, 5.307169359003363, 5.048844913027414, 4.927221669001977, 4.7176420607884095, 4.6266691562279085, 4.32638422160214, 4.268877052689838, 4.077997243797913, 3.974007866131375, 3.8519088781316033, 3.7032781418305163, 3.617339562799259, 3.558938533959868, 3.488047699347729, 3.4042172802092012, 3.308822330285164, 3.2392891217584783, 3.1326843882391375, 2.9808808706107417, 2.8815450403054506, 2.752647473016778, 2.737388549862656, 2.612592740995074, 2.4522172540469915, 2.3769236875522046, 2.3383205663818485, 2.2979632040827127, 2.2501336903943865, 2.187145735806996, 2.168560510342068, 2.1041774530413266, 2.073322640902535, 1.9491499373681003, 1.8150261748045395, 1.7868794735226208, 1.7562228688140058, 1.7340966190262328, 1.676763332483436, 1.6220444315462172, 1.5439231661422168, 1.508536903586075, 1.448972208636141, 1.405944048804794, 1.3578470695106601, 1.285427368739433, 1.2643731308359631, 1.2153053061394545, 1.1182627357523758, 1.0677107095949872, 1.044562053567852, 0.9974618592174102, 0.9519993441211625, 0.8687478339795365, 0.8008769588161587, 0.7647748666872477, 0.7059306727764914, 0.6634751694764319, 0.6307350847080843, 0.6047577935613365, 0.5611826868729404, 0.5180601081870864, 0.496410306243408, 0.48594763636122634, 0.46299695967179183, 0.40299235675381656, 0.3559912798521389, 0.3232398901830079, 0.27684550471403324, 0.2651683248745126, 0.253909305040204, 0.23698727997428193, 0.2214684570214931, 0.19772557992648196, 0.19053681217772075, 0.17854204031968782, 0.15821359981304414, 0.15111157884999818, 0.1364384497920516, 0.12907016684751135, 0.12173031169162003, 0.11226282955146404, 0.09961287591309821, 0.0928875251897522, 0.08181790964508599, 0.07961293215925569, 0.07580888854921876, 0.0676434482964687, 0.05835822968594024, 0.05450329966504125, 1.0597669948026207e-15, 8.101039707002179e-16, 2.7454889578254607e-16, 0.0, 0.0]"
dimension,L128,2,full_bp,BBB,z,bp,sample_x_spatial_location,channel,0.20140625,0.8125,0.1875,0.8125,0.8844969859704076,0.039846153846153844,28.108759269477254,8.989176027745822,0.21959968179279105,104,50,0.8960067387670279,0.8565000000000002,0.9125,6.589583781553305,3.306651866707465,0.1100277234504658,-0.02510876286770496,4,9,2.425776420234756,47.060932127383516,8.118526885030748,"[2000, 128, 1, 1]","[2000, 128]","[2000, 128]","{""0"": 18.40284916834937, ""1"": 8.101776071960147, ""2"": 22.680633682668685, ""3"": 22.768947119730207, ""4"": 21.850449115843414, ""5"": 20.492355075825618, ""6"": 17.612683746504498, ""7"": 17.6302922628772, ""8"": 23.27078414076081, ""9"": 18.387783585665364}","[137.23074106868506, 81.03261371961844, 72.90414416309048, 66.04327759871225, 55.61369806643326, 47.49012662239705, 43.038058238199774, 36.888996677440204, 33.4420666774366, 31.970291857011098, 30.97657132245214, 27.11876987044717, 25.549330204945836, 23.37623685717241, 20.759559189820052, 20.493872948528264, 19.484499030396666, 18.06886874550355, 16.915384155193966, 16.272528716897632, 16.072543528620617, 15.731286494128298, 14.819665799067543, 13.863285249916615, 13.103041888087441, 12.860878674968315, 12.488376377752259, 12.094732219792105, 11.142270314787263, 10.815973689523387, 10.096042415482607, 9.828123508542333, 9.597535418587144, 9.25182434921234, 8.764301894526866, 8.462798505395668, 8.01779518159757, 7.913631441905074, 7.496402982639869, 7.137917714253931, 7.049356392176343, 6.926088418260342, 6.593733603265992, 6.487023512412548, 6.17613983317237, 6.015624043697777, 5.789667485174311, 5.749572230916937, 5.371598035472268, 5.309728126530002, 5.225834793253192, 5.102191351052692, 5.014658210516663, 4.8747057873911075, 4.713969807940372, 4.639243789699612, 4.348436024009255, 4.331703342358499, 4.132701935775988, 3.9783833062809917, 3.787608646437295, 3.776724952588024, 3.536683840750277, 3.504500087046552, 3.3234259270299176, 3.306451151932871, 3.169705418290913, 3.0760863668404204, 2.9664028262952145, 2.9291593259617565, 2.8408456724929856, 2.7529037285822957, 2.670133996931262, 2.6305588890261444, 2.4373027346341734, 2.424525877737126, 2.3998236985412404, 2.3101207765906686, 2.2342736486453036, 2.125938199267057, 2.005146210677918, 1.934753464696181, 1.8751559772062476, 1.5721051845105156, 1.5365205025804405, 1.3818552070666548, 1.3230365211735626, 1.2499613213311147, 1.1961432521746136, 1.0900078970134033, 1.0404486506996358, 0.8942807676204927, 0.8746069044680168, 0.7853738226081505, 0.7728935210647735, 0.7597585811749482, 0.5754835926540303, 0.5000600659873923, 0.4501640247528144, 0.3881525398780478, 0.35151799973800546, 0.31983775881029314, 0.24719526424727176, 0.2052296781354069, 7.660487112697729e-15, 3.3704415365405118e-15, 1.90719949070288e-15, 1.2143982864326557e-15, 1.0282627477781977e-15, 6.038548555197652e-16, 5.439452906900517e-16, 1.7861241726889096e-16, 1.3397395702602285e-16, 1.881521988925858e-17, 1.3392334760407436e-31, 9.163438122598765e-33, 0.0, 0.0, 0.0, 0.0, 0.0, 0.0, 0.0, 0.0, 0.0, 0.0, 0.0, 0.0]"
dimension,L128,2,full_hebbian,HHH,z,hebbian,sample_x_spatial_location,channel,0.47751953125,0.9453125,0.0546875,0.1015625,0.5286342454487276,0.07692307692307693,1.0169736817109485,1.008454789133523,0.007945106888366785,109,50,0.9998053451035958,0.8875,0.8470000000000001,6.4645314737517765,3.4296564316607134,0.11916548721187344,-0.02746063561373561,4,9,2.5810355276893238,46.6864636525516,8.3360544683408,"[2000, 128, 1, 1]","[2000, 128]","[2000, 128]","{""0"": 15.592558398888222, ""1"": 6.363810307642227, ""2"": 20.493288586273316, ""3"": 19.636531669191257, ""4"": 17.002004927660042, ""5"": 18.964635240761528, ""6"": 16.180563724384616, ""7"": 15.791818914565983, ""8"": 24.348217263602645, ""9"": 16.603186132679618}","[1267.953097531831, 2.2502832884750275, 1.5791112902791162, 1.3448165404463983, 0.9744004975237288, 0.6986870882592272, 0.5484383479676571, 0.39283421352720993, 0.35796103409563074, 0.25142434737106745, 0.21604019022236595, 0.19638349045854497, 0.1482046782058243, 0.14247847733219987, 0.13960502439149652, 0.11323303517805347, 0.10043450145881307, 0.09494996817275637, 0.07615155343156538, 0.06376434573095077, 0.062398303703081325, 0.0543732151627527, 0.05146687951947068, 0.04626928699786749, 0.044328058169708355, 0.04105664718867849, 0.0377387329455623, 0.035594172173173226, 0.031730373817169644, 0.031090035950768462, 0.02866530440222875, 0.026279497602432603, 0.02478447298654609, 0.023525258768749877, 0.021311847759036193, 0.020204206105453922, 0.01876250973281765, 0.0185325730059611, 0.01785730809845296, 0.016456944175060027, 0.015890502793271668, 0.015192096942414093, 0.014681740832520735, 0.013832596011807132, 0.012739725424079373, 0.012244715876338954, 0.01186575491599099, 0.011394386443737222, 0.011355881397510544, 0.011055108408103198, 0.010548569559324128, 0.01021916800966364, 0.010082914681560985, 0.009855707543771346, 0.009091306310937165, 0.008728337869635918, 0.008365557028114215, 0.008201080246952552, 0.008044939907644618, 0.0076751159315898345, 0.007333773676143293, 0.007105868272399455, 0.006828220773313297, 0.006598002719052565, 0.006518150049613505, 0.006305196515989324, 0.006117346833110367, 0.005831335550804562, 0.005676960241826587, 0.0054655829255404855, 0.005333319984065396, 0.005257621261418666, 0.005123304746142337, 0.004918284985108276, 0.004841297423335067, 0.004749700858236811, 0.004520882051818663, 0.004317402901636695, 0.0042723025167957455, 0.004084288415886993, 0.003953277008950923, 0.0037450647206912135, 0.003681730348001132, 0.0035275451744336897, 0.003387083576952765, 0.0031382161218631655, 0.0029051432739408555, 0.002730605347520262, 0.0026021358147091233, 0.0022669090450947206, 0.002146796465083184, 0.0020086031775518923, 0.0017482675529781869, 0.0016376051774417398, 0.0014359121952318371, 0.0011675955233827655, 0.0007977860435420507, 0.0006769476100059186, 0.0006482462777302278, 0.0004896124091936186, 0.0004722630040221143, 0.00044318127458313516, 0.0003551855895093651, 0.00016989560781334253, 0.0001496450624387462, 9.194424683846991e-05, 5.728097903212438e-06, 1.5144969771726723e-06, 4.095381447648151e-08, 7.536748924016377e-13, 1.994134944541135e-14, 7.496949071138126e-18, 3.953886261395792e-18, 2.533455140640318e-18, 2.3531745359772057e-18, 1.1288880678007967e-18, 1.0862267770117463e-18, 1.456372573219492e-19, 2.8613650369849185e-36, 0.0, 0.0, 0.0, 0.0, 0.0, 0.0, 0.0, 0.0, 0.0]"
dimension,L128,2,hybrid_hhb,HHB,z,bp,sample_x_spatial_location,channel,0.348890625,0.6953125,0.3046875,0.6796875,0.826300702132268,0.04534615384615385,15.208120196939896,5.142523477629299,0.11881343903859294,89,50,0.9628807653207332,0.877,0.9109999999999999,6.554766942104681,3.3174958205466156,0.11080164481675532,-0.03361467820629767,4,9,2.3938581824488394,47.02246930675363,8.119878139413636,"[2000, 128, 1, 1]","[2000, 128]","[2000, 128]","{""0"": 18.427503199215757, ""1"": 7.726623125327248, ""2"": 22.583671033537044, ""3"": 22.12255565170879, ""4"": 20.82652607945403, ""5"": 19.53661832206604, ""6"": 16.98299810109371, ""7"": 16.9711663992368, ""8"": 24.00898724668481, ""9"": 18.147448858973576}","[110.18628819268113, 44.79063710697745, 40.19147441232236, 33.55448338275858, 32.36004629693068, 24.26502315603036, 20.45759668825056, 19.553338019558925, 16.869403722777562, 14.115696842131172, 13.427464278348639, 12.189128166758865, 10.492703881196578, 10.071678286690323, 9.256699002525545, 8.766624349047047, 7.907607460461965, 7.765084376495638, 7.098286159691041, 6.621040130085756, 6.287082555443531, 6.016080186913932, 5.743478582267461, 5.145980573906794, 4.845786814281863, 4.784836553074086, 4.55806272888535, 4.232507753475969, 4.006146123164814, 3.673105190306815, 3.5033954417864104, 3.403705273222378, 3.238540296988671, 2.9968162502900495, 2.787630034365074, 2.6548961301037313, 2.5190839085481573, 2.4262850341034623, 2.419908365911408, 2.261716044855416, 2.209680595041837, 2.1083017121835366, 2.011541906661236, 1.9612253169278555, 1.8433342867456508, 1.729183677898932, 1.6658898902382167, 1.6120400048762809, 1.5805019444715829, 1.44448197847589, 1.3405584326686075, 1.3007095796852473, 1.2714497552852606, 1.2016942080969204, 1.171526236554766, 1.1161531848778314, 1.0233709058377338, 1.0104627335213567, 1.0025221505280186, 0.9822174606617338, 0.8476091949089714, 0.818765858505171, 0.8004703470927795, 0.7206717411401445, 0.6498207767730281, 0.624413827985513, 0.5952545473719324, 0.5446655043884543, 0.46110782829951363, 0.3977923671454818, 0.3662837183280946, 0.34725959704234693, 0.3072688453278279, 0.27127741829489976, 0.24116449329979361, 0.21785625290542007, 0.20838551521462262, 0.19783399018204004, 0.1616033178650431, 0.143104730413779, 0.12751275910285095, 0.10016292858960762, 0.08915258593566977, 0.08337768072828096, 0.0761291009738546, 0.06998285733305874, 0.04700657336464302, 0.0460203280501595, 0.04142554227367133, 1.851161568628014e-15, 1.3086484037979142e-15, 8.432455331719586e-16, 4.493045258554579e-16, 4.140761539838746e-16, 3.6455607010515306e-16, 2.409272346031375e-16, 2.0154555956897639e-16, 1.4065627840544356e-16, 1.3260836543540103e-16, 7.3338862999887e-17, 5.80050986025314e-17, 4.4886178699636074e-17, 3.683171444864025e-32, 1.2127808120535897e-32, 5.138682990432068e-33, 6.869419721512604e-34, 2.9830643169972625e-49, 1.7954311247643747e-49, 1.8797824108725914e-65, 1.1098686360138587e-66, 0.0, 0.0, 0.0, 0.0, 0.0, 0.0, 0.0, 0.0, 0.0, 0.0, 0.0, 0.0, 0.0, 0.0, 0.0, 0.0, 0.0, 0.0]"
dimension,L128,2,hybrid_hbb,HBB,z,bp,sample_x_spatial_location,channel,0.2223828125,0.7890625,0.2109375,0.7890625,0.8774499758564029,0.04053846153846154,26.01255993744359,8.534324707998675,0.20322312451127805,101,50,0.904756345320493,0.8554999999999999,0.9125,6.589735308481559,3.307530868705172,0.11003594889454985,-0.025882769845354085,4,9,2.450071977382223,47.0648516653382,8.129188652889795,"[2000, 128, 1, 1]","[2000, 128]","[2000, 128]","{""0"": 18.151094971708048, ""1"": 8.227058154765672, ""2"": 22.820138094946028, ""3"": 22.62936864681229, ""4"": 21.76960914938924, ""5"": 20.02286722085392, ""6"": 17.5740238240551, ""7"": 17.680824274442422, ""8"": 23.663205747707867, ""9"": 18.79798306860294}","[77.26881917483382, 47.90360484572785, 42.38870282076306, 37.27260290926307, 28.376682565877932, 26.155440373925256, 21.926515407402764, 20.289818294281833, 18.67312108859602, 16.700438590812475, 15.338015988678274, 14.062737558062713, 13.22667503258001, 12.562285019664667, 11.501673191618908, 10.73560858816633, 10.336877442745742, 9.723992011194623, 8.871683456522264, 8.499493924593946, 8.318877775837427, 8.048707134476563, 7.32832327380221, 7.091610980587088, 7.023095018708124, 6.789159115172661, 6.529588984451145, 6.134841129495085, 5.950887293446197, 5.786174192850397, 5.420922216285807, 5.102043230193665, 4.928867013865943, 4.772881019945422, 4.596549359675376, 4.241828457310705, 4.059560053696595, 3.982328781573951, 3.9329547447501554, 3.803321758185497, 3.712887388440973, 3.579109394921135, 3.4175202765335007, 3.260423882665467, 3.2188356878378768, 2.9636855512300335, 2.9484959646978406, 2.9227450581575356, 2.7542329695977226, 2.7229497425185545, 2.6556411803738866, 2.6241829868885076, 2.525211917698466, 2.383521983434823, 2.364929750576935, 2.250325047897601, 2.1835137538755554, 2.1338894462328017, 2.0932390386169293, 1.9977697727722692, 1.920400278133542, 1.8770353215540903, 1.8348143824156626, 1.7836445822983529, 1.7451280127900557, 1.6747068959551947, 1.6321290511376405, 1.612080174050206, 1.522059177854198, 1.4497953533679748, 1.418996888682032, 1.3549023384072019, 1.3257384956185452, 1.2440731750370078, 1.2262191809457963, 1.156711571159366, 1.1322755349582636, 1.0857864522622114, 1.020357468228931, 0.9202698489505021, 0.8861763386902081, 0.8539821372786415, 0.8412750285992723, 0.7522563216002951, 0.7153636107283535, 0.7039244733831496, 0.6550825792743108, 0.581206394350298, 0.5736422742230018, 0.5370567133610759, 0.46951095351399674, 0.43844176865453266, 0.37355542716966356, 0.34938431541889636, 0.3113197903325811, 0.2739649934439435, 0.2302495296673325, 0.1911078335337526, 0.156255829823657, 0.12555836163057876, 0.11033316859191772, 1.0710239668946182e-15, 7.651834205875628e-16, 6.195080620194423e-16, 3.242332161931101e-16, 2.0449600641647117e-16, 1.0250511447669153e-16, 4.820296434882384e-17, 2.79762757090535e-17, 1.188408744964251e-32, 1.0168760872525294e-33, 0.0, 0.0, 0.0, 0.0, 0.0, 0.0, 0.0, 0.0, 0.0, 0.0, 0.0, 0.0, 0.0, 0.0, 0.0, 0.0, 0.0]"
dimension,L128,3,full_bp,BBB,z,bp,sample_x_spatial_location,channel,0.2364140625,0.78125,0.21875,0.78125,0.8847385595013467,0.04146153846153846,27.829061628904014,8.354221066006795,0.2174145439758126,100,50,0.8902119337581098,0.8554999999999999,0.9105000000000001,6.592204248579299,3.3032240073826293,0.10967756700655842,-0.02710484072228874,4,9,2.4504538695018896,47.09641448109083,8.162993478290417,"[2000, 128, 1, 1]","[2000, 128]","[2000, 128]","{""0"": 18.465540384863477, ""1"": 8.24309472747884, ""2"": 23.329741013306805, ""3"": 22.62364388705442, ""4"": 21.455209589733517, ""5"": 20.080849584244977, ""6"": 17.73762725045776, ""7"": 17.70148654899916, ""8"": 23.756309577829285, ""9"": 19.27995730229908}","[130.92936587848453, 69.74113605540686, 62.404587404562946, 52.82018489061815, 45.08846844076344, 40.578069871694986, 33.72966019749697, 32.957156837195235, 30.679095418214082, 28.03592265939079, 26.395864125065888, 24.38845790769312, 23.241016200683486, 21.10477891209422, 19.3575147808537, 18.4155930699424, 16.49143845515352, 15.594516034298767, 15.142419069395327, 14.523911709551248, 14.217731290859112, 13.587537280484803, 12.937759330383148, 12.356985321466398, 11.662656452685143, 11.227527927890485, 10.858835579249519, 10.43883364935679, 10.031556321009969, 9.742154349298035, 9.167682343781252, 8.782887573794183, 8.431296354701221, 8.221057589258358, 7.917988899521229, 7.622944919573342, 7.368812116529978, 7.108678370523371, 6.912299420909164, 6.769717727479627, 6.518692834315006, 6.372556559691968, 6.090750193747993, 5.854864418260314, 5.738358271312703, 5.63650862180987, 5.4941869195717725, 5.34627269752333, 5.296589149547408, 5.014545297546074, 4.911566046594353, 4.821618802504495, 4.728184313260542, 4.64780492441607, 4.549077730336219, 4.384479658103645, 4.2990374876886035, 4.109964594716953, 4.011597957320502, 3.8761757949739737, 3.7025852091670997, 3.638352043767663, 3.575478182726525, 3.326479305099276, 3.2946595642226257, 3.1506711338543694, 3.040613993879224, 2.859732209400781, 2.835492921683229, 2.777978753763539, 2.740919707451228, 2.619909163059832, 2.5622000887505734, 2.466880323907479, 2.417689064583903, 2.4029925012072777, 2.2733456580461833, 2.1432575220022363, 2.0777690015165455, 2.0281854019431975, 1.8656788952137675, 1.6916481475215042, 1.6315996085992122, 1.506672982215544, 1.4852485166772595, 1.364233685438436, 1.2692782376251044, 1.161769490174731, 1.0670441611322001, 0.9439195208235857, 0.8580973862029454, 0.8227800793226293, 0.6588314893147171, 0.5758319805320664, 0.5385315059731265, 0.45353105702122015, 0.4309402842523454, 0.3454698920818084, 0.31942502504438697, 0.20020987519083494, 1.0453249324262179e-14, 2.2777319379335616e-15, 2.1896432142824727e-15, 1.9577911879508297e-15, 1.432914873266392e-15, 1.2518714668108757e-15, 9.077442774900332e-16, 5.943427873602071e-16, 3.993227344512534e-16, 3.888254540977001e-16, 2.212675091543326e-16, 1.9052321696720046e-16, 8.565750887785718e-17, 1.5108710587251028e-31, 5.745060860992195e-32, 0.0, 0.0, 0.0, 0.0, 0.0, 0.0, 0.0, 0.0, 0.0, 0.0, 0.0, 0.0, 0.0]"
dimension,L128,3,full_hebbian,HHH,z,hebbian,sample_x_spatial_location,channel,0.52469921875,0.953125,0.046875,0.1015625,0.5286342454487276,0.07692307692307693,1.0159019061782557,1.0079226923952116,0.007936733642017623,110,50,0.99976532240089,0.8694999999999998,0.8504999999999999,6.470359360388046,3.379560618709356,0.11548400596042155,-0.02028046875259797,4,9,2.381654769065128,46.824709459627826,8.217343913472199,"[2000, 128, 1, 1]","[2000, 128]","[2000, 128]","{""0"": 15.567463544179416, ""1"": 6.2736631180483045, ""2"": 20.943818855675715, ""3"": 19.213480620382448, ""4"": 17.73053436597748, ""5"": 19.023841039747445, ""6"": 16.68909111858442, ""7"": 15.611732440573288, ""8"": 22.237948384038972, ""9"": 16.94732445792471}","[796.6726162455121, 1.2458526922385353, 1.1166460367965607, 0.5861009450935625, 0.5422159887193659, 0.4089864399510361, 0.31441353358192126, 0.22329573568970754, 0.19376152802305158, 0.16850894663125338, 0.12446673034587362, 0.11857176383490958, 0.10995636254130667, 0.09281722115234077, 0.0873402992820032, 0.0726996065521543, 0.055088010037951954, 0.050921860212558706, 0.046583403950458034, 0.043588247967666215, 0.03591135689592842, 0.033949160325349975, 0.03125044113542492, 0.029544102894419055, 0.028137022104193193, 0.025241072699357537, 0.024801031852227845, 0.021418465530017854, 0.020816023409116972, 0.01967076813533838, 0.01902239259832372, 0.01857546350237811, 0.01756914933406694, 0.016503938699888154, 0.01528636209512436, 0.01443145490765598, 0.013980024545783275, 0.013063153429111504, 0.012882121721161037, 0.011921825954833137, 0.01172647820656344, 0.01145785812573235, 0.011084976175331808, 0.010568158904198648, 0.009800647859147662, 0.009721548585284049, 0.008714327441178766, 0.008486758741360777, 0.008347312954257937, 0.008247030585409001, 0.007829496356396974, 0.007466511882046826, 0.007298325566238388, 0.007062765873127713, 0.006941232844574828, 0.00650772516054785, 0.006362578241331179, 0.006243330483645957, 0.005932207908752574, 0.005789601636600368, 0.0057279755886357085, 0.005359239773923432, 0.005356656389690774, 0.005093942582839907, 0.00497678213568861, 0.00477784821646293, 0.004609885789719425, 0.004488436627089344, 0.004408925114810078, 0.004204222621203989, 0.004169412371338201, 0.0040390416469247865, 0.0038693688142223204, 0.0037510182487990825, 0.003620191818738776, 0.0035618694336902687, 0.0033477415776524623, 0.0032734369788912114, 0.00315402117175338, 0.0029089332681030353, 0.0028730886969738486, 0.002692811058056616, 0.0024836895715143028, 0.0023364267267007165, 0.002290680258112145, 0.0021148548220521267, 0.0020543108357488284, 0.001881421790937592, 0.001747805314840884, 0.00170263276942058, 0.0014475101341101448, 0.0013463329620052237, 0.0011909518087323619, 0.001150612581852553, 0.001112284011284337, 0.0011056421865795487, 0.0010414332760347255, 0.0009922675284103114, 0.0009126412100015274, 0.0007116861427123632, 0.0006083893514248905, 0.0005436740813310184, 0.00035094169340920236, 0.0003178734133909426, 0.00023718215106751514, 0.00023390352719381848, 0.00016279334857606688, 4.862656380908073e-05, 2.1098735212747393e-05, 3.5762889795692497e-09, 9.821798525693233e-18, 6.3134357297511544e-18, 4.890300365267226e-18, 3.735476415734497e-18, 1.96568147544515e-18, 1.1030068202655905e-18, 8.521181158949085e-19, 5.851813495027208e-20, 9.260264291207864e-29, 8.526535179100963e-35, 0.0, 0.0, 0.0, 0.0, 0.0, 0.0, 0.0, 0.0]"
dimension,L128,3,hybrid_hhb,HHB,z,bp,sample_x_spatial_location,channel,0.27415234375,0.7734375,0.2265625,0.765625,0.8332019216829277,0.042076923076923074,15.860721875644693,5.27709460045674,0.12391188965347416,99,50,0.9571615946479142,0.8775000000000001,0.9059999999999999,6.560207128254496,3.3319372973723835,0.11172023341249578,-0.033537497773508916,4,9,2.5146601464497667,47.02372398354045,8.23589379107467,"[2000, 128, 1, 1]","[2000, 128]","[2000, 128]","{""0"": 18.544479266153065, ""1"": 7.4429944516911615, ""2"": 22.655004284288776, ""3"": 22.105044658149797, ""4"": 20.713709932793808, ""5"": 19.467227790052064, ""6"": 17.28072667531633, ""7"": 17.538494618763707, ""8"": 23.80705610311576, ""9"": 18.08105863996984}","[93.32432518143412, 39.29456917536142, 32.99152502011607, 30.821961857980995, 24.688767135302342, 19.824514470190927, 18.06300258900654, 17.276979190578768, 13.884638072195266, 12.15777763920879, 11.583855360562099, 10.497440483811252, 9.74815054785915, 9.365004729257969, 7.99089753596918, 7.869529659433205, 7.50939852675736, 6.601157976656389, 6.505648532806525, 5.7384859956371175, 5.499425715209388, 5.192958096193731, 4.883290522866318, 4.515646160602072, 4.339233690005483, 4.220906425754996, 4.150510297254044, 3.661770776214679, 3.528042251649778, 3.3258438196511637, 3.0821365957119813, 3.044872606874666, 2.857846812755988, 2.7279636110990992, 2.5380375189109263, 2.4347448988765206, 2.334346562472391, 2.2266510081565682, 2.1941072291723946, 2.128502512508865, 2.0261433586912454, 1.8953337177124436, 1.856224334518459, 1.7841381133476995, 1.7168836715595632, 1.6851765231256226, 1.5446742593323415, 1.5325351079188403, 1.3846855052783233, 1.3473301700936442, 1.3094229189971538, 1.2863584512007056, 1.2004154229321236, 1.1269106391906836, 1.1179349767495081, 1.0183000716909172, 0.9639240819765681, 0.948184035730675, 0.8944107955283649, 0.8385991038885288, 0.7860220309856116, 0.7620937058154195, 0.6963919526498042, 0.6608851372311636, 0.615574745834437, 0.6024192454562121, 0.5279647674057922, 0.4976024279287809, 0.45759913947759, 0.4049843067542492, 0.3972304342491948, 0.36329206589184554, 0.3362412518587526, 0.30019694122195356, 0.2757644597231175, 0.25248248706191373, 0.2479334159869135, 0.23645167378814938, 0.21734611914150964, 0.1962137554125025, 0.1679667131215179, 0.16146308986197058, 0.13824393895892315, 0.13300860373728018, 0.12132399501003432, 0.11425517141991527, 0.08664989657895562, 0.07896112755848911, 0.0707823900750368, 0.07001779311898773, 0.058399865901697545, 0.05766070759749686, 0.05201261854557836, 0.048761702476837435, 0.04683183000203948, 0.042044762611283926, 0.0346293296743229, 0.031701836938341575, 0.029835017621381677, 9.426006869579467e-16, 6.820361637445151e-16, 5.190692632780522e-16, 3.5595793792553336e-16, 2.6858590371491846e-16, 1.9709704291808662e-16, 1.6588815012689748e-16, 1.1644789788023493e-16, 8.442341501418999e-17, 6.291041913713356e-17, 3.9282285278814415e-17, 1.2873609944026954e-18, 2.1759329299085783e-32, 8.625420812939764e-34, 0.0, 0.0, 0.0, 0.0, 0.0, 0.0, 0.0, 0.0, 0.0, 0.0, 0.0, 0.0, 0.0, 0.0, 0.0]"
dimension,L128,3,hybrid_hbb,HBB,z,bp,sample_x_spatial_location,channel,0.23862890625,0.78125,0.21875,0.7734375,0.8762731226120566,0.03796153846153846,25.12510519033646,7.704144380869519,0.1962898842995036,100,50,0.9051700569689274,0.8515,0.9145,6.585265791475413,3.2972783711165286,0.10924125863394905,-0.031476254352762564,4,9,2.462185228224418,47.11482479950614,8.154659834718176,"[2000, 128, 1, 1]","[2000, 128]","[2000, 128]","{""0"": 18.42410475906253, ""1"": 7.928453445861336, ""2"": 22.177151699285968, ""3"": 22.277793351538303, ""4"": 20.975764590581413, ""5"": 19.94376022730346, ""6"": 17.668204546511884, ""7"": 17.679222418075096, ""8"": 23.099323775133822, ""9"": 18.267742961495166}","[77.88099726521975, 39.589306783525, 35.66205965489559, 31.449806449405123, 28.087263652801095, 22.480662856325118, 19.239059295706763, 18.71010532861045, 16.71001761792827, 16.03613147463624, 14.356371929160346, 13.105899970920298, 12.654917930935623, 10.908726726846137, 10.174321539060685, 9.581617096058364, 9.204469366945997, 8.804150752710337, 8.063766876922605, 7.816877143501558, 7.406958086022389, 7.273322662768994, 6.833405288586111, 6.797610923970421, 6.334481679851436, 6.080368314726627, 5.830298198117411, 5.7508696169938505, 5.554561988146598, 5.10098646175038, 4.782159190345947, 4.576054915911153, 4.464143077295745, 4.3766717187153725, 4.1722023375039345, 3.941926094720138, 3.855448879349926, 3.737706152568857, 3.629808191954078, 3.4409646157187557, 3.333193474584395, 3.111448310527804, 3.0349451500058175, 2.9569843024787708, 2.8761567108828716, 2.853237676727705, 2.744106156342394, 2.7219136399282275, 2.672818246673991, 2.606499396581719, 2.457587737622218, 2.384526279186536, 2.243351216054444, 2.18587779582076, 2.176034157961977, 2.106442625883438, 2.0555402037184143, 2.019969587790752, 1.9496846832225938, 1.9262626337798225, 1.8437237250978116, 1.7677255844581299, 1.7086586555931635, 1.6325266037113466, 1.5922373214895773, 1.5046049562198407, 1.4453733975987637, 1.3956209759828264, 1.3823594531339765, 1.3506516965481818, 1.2875659078486261, 1.2489821113311341, 1.1784348116720955, 1.1501861265935354, 1.0900073303845434, 1.0798086750371025, 1.0481246842526972, 0.9838505059323593, 0.9143789735975872, 0.9036308558044902, 0.8757268626928154, 0.8209284703290524, 0.7130167492803631, 0.6957884498753862, 0.6546912148133177, 0.6066127218323609, 0.5302831162615628, 0.48571699758177866, 0.4254708376994221, 0.4104520245101032, 0.3853627458701143, 0.3770176121460697, 0.30750236277398885, 0.2916395180952709, 0.23988401260306613, 0.23508756365695624, 0.17896513045734952, 0.14834597905002522, 0.13245052092574394, 0.1099941217064082, 1.858005379489912e-15, 1.3171296497375754e-15, 9.813186859882912e-16, 7.677870389752478e-16, 7.016623278404833e-16, 5.937356966705687e-16, 3.6938868493901584e-16, 3.13933393972236e-16, 2.785536835444692e-16, 1.6350326636752418e-16, 9.503125053959199e-17, 4.177106621186756e-17, 0.0, 0.0, 0.0, 0.0, 0.0, 0.0, 0.0, 0.0, 0.0, 0.0, 0.0, 0.0, 0.0, 0.0, 0.0, 0.0]"
dimension,L128,4,full_bp,BBB,z,bp,sample_x_spatial_location,channel,0.26150390625,0.7578125,0.2421875,0.7578125,0.8875363403977099,0.032846153846153844,27.850578657258584,8.405510953703532,0.2175826457598327,97,50,0.8958717859350145,0.853,0.9059999999999999,6.595555241110366,3.2905003729735784,0.108825072158942,-0.0297154789969017,4,9,2.407979519510994,47.12094758923668,8.118010836300718,"[2000, 128, 1, 1]","[2000, 128]","[2000, 128]","{""0"": 18.61383121779512, ""1"": 8.320776846436708, ""2"": 22.817305311914172, ""3"": 22.59735301727342, ""4"": 21.50945308150661, ""5"": 20.362760921500094, ""6"": 17.966192855596198, ""7"": 18.37023372379644, ""8"": 23.651750388701945, ""9"": 18.767915680514513}","[156.54131723937002, 84.97334154952071, 72.17543770136281, 66.7866869266888, 54.357505220247916, 47.48277939936075, 41.63685759322959, 40.53239026528217, 37.71060378176578, 33.72102656282868, 30.191344081443404, 28.887685531940384, 27.49636299144211, 24.787518914616804, 23.028682790031258, 21.3660293352931, 20.78657443038608, 19.18693477641625, 18.006637027669107, 17.88341247240044, 17.25513656132638, 16.345603167721787, 16.291871151494224, 15.594356795578486, 15.147165148268808, 14.351662738404283, 13.149968223944306, 12.579722153464848, 12.350225084081362, 12.10573553692422, 11.46497499532519, 11.01995670617015, 10.923468333879093, 10.129655837426373, 9.738317248135072, 9.228395007724096, 8.9801764935565, 8.81327010993614, 8.527975060509732, 8.22847580912567, 7.951738218017981, 7.869518918565877, 7.4131700740124975, 7.004445089691571, 6.812231153178244, 6.78445654011118, 6.629203278430132, 6.475765131061842, 6.244391853551844, 6.075019401709598, 5.690675320078476, 5.5928512383007165, 5.503364258364818, 5.296469417945855, 5.239600089421905, 5.072624338975614, 4.83082105964328, 4.546930774075909, 4.500472438896266, 4.307943874662691, 4.141214892812283, 3.9735466597765883, 3.9177223000852335, 3.8786202312756286, 3.7554948413915086, 3.538818913892526, 3.4703099852399277, 3.3271944309706676, 3.2437100909009655, 3.1822591081764604, 3.147887786802852, 3.100887387332269, 2.968231990735925, 2.853753847583926, 2.695110033315025, 2.595986689646619, 2.502772577967421, 2.4714211566376822, 2.3741939830998926, 2.3161468639975, 2.2317063768249867, 2.1533885472050653, 2.076672332610026, 1.9272978934832499, 1.8597028645703844, 1.8124176609278873, 1.5238750747634175, 1.4103860128978536, 1.2505987000970553, 1.1967909739719085, 1.0581432195891587, 1.0238874325108571, 0.8752956226244389, 0.7710495233347032, 0.6214406149630309, 0.5773706996265059, 0.3775162180733663, 2.6396618899428814e-15, 2.2001083484299357e-15, 2.0213718432847466e-15, 1.2509081334630337e-15, 1.0467533842563314e-15, 9.873903615545514e-16, 7.035770556103621e-16, 6.646042314918701e-16, 4.755816923736874e-16, 2.973371796680755e-16, 1.876953171879573e-16, 6.881265730946297e-17, 8.64180903445422e-22, 1.4680520240905468e-31, 2.859896032254344e-32, 9.20431713206012e-34, 0.0, 0.0, 0.0, 0.0, 0.0, 0.0, 0.0, 0.0, 0.0, 0.0, 0.0, 0.0, 0.0, 0.0, 0.0]"
dimension,L128,4,full_hebbian,HHH,z,hebbian,sample_x_spatial_location,channel,0.459390625,0.953125,0.046875,0.1015625,0.5286342454487276,0.07692307692307693,1.0203971686541826,1.0101523006000215,0.007971852880110802,110,50,0.9997867936335751,0.875,0.8460000000000001,6.472384615955261,3.374524285526722,0.11498100680885019,-0.03512201981891719,4,9,2.4289264716611494,46.861410443279425,8.242635848642099,"[2000, 128, 1, 1]","[2000, 128]","[2000, 128]","{""0"": 15.87980496919919, ""1"": 6.4977521124284685, ""2"": 20.196947942136354, ""3"": 18.993626354638398, ""4"": 17.0373849875571, ""5"": 19.495008872024798, ""6"": 16.301131198446658, ""7"": 16.812934684428512, ""8"": 23.446039990326693, ""9"": 17.377703122020748}","[1601.5463200677004, 3.451301846355202, 2.2892633283130968, 1.7677907939075383, 1.5095898597228259, 1.2539527712103076, 0.9092827699680439, 0.67390909740985, 0.5287274156310164, 0.4450260556452138, 0.38782681326799046, 0.28795539471869724, 0.23741414921375886, 0.20866381620042565, 0.18785327810114372, 0.16591692290286486, 0.14111814190226551, 0.1316771083838858, 0.09709554064969277, 0.09055801654544686, 0.08767527344975395, 0.08409803385368554, 0.07781886541165742, 0.06794944347537335, 0.06524140083760825, 0.058256426690805545, 0.05248190346006272, 0.05142769738084366, 0.04664493880641335, 0.043728313384965654, 0.0390660350091986, 0.03850284624768687, 0.03521479414964927, 0.03370605169153173, 0.03207139805415608, 0.03012587562116896, 0.02919366129405015, 0.027303577070079948, 0.02666897064150734, 0.025239831238633315, 0.02390774091494809, 0.023314230493090542, 0.021849022901932653, 0.02036521189143671, 0.019875838683814706, 0.018786585916814386, 0.018594719934801655, 0.017822447271603842, 0.017075319786917773, 0.016569336324468203, 0.015809239952552807, 0.01469499626060403, 0.014014788653221573, 0.013743380892343848, 0.013202531251769992, 0.012328372035919015, 0.01220732424569636, 0.011933017305804455, 0.011537827097933587, 0.011242706138593284, 0.010938656534652981, 0.010213353603344072, 0.009941670660001284, 0.00967612310988842, 0.009245203374608813, 0.008844555878809415, 0.008460259039396949, 0.008387740232188811, 0.008169830640374394, 0.007547264149866015, 0.007220354270104928, 0.007186362080738104, 0.0070216327470477395, 0.006631995243030527, 0.006416792311250706, 0.006173372672706403, 0.0060599443977811, 0.005782120379880345, 0.005568491847596234, 0.005229461876381209, 0.005063032262201284, 0.004881296798210047, 0.0047970537163167385, 0.004243519715960199, 0.004026794659470071, 0.0038866125027874725, 0.003795576105663705, 0.003336552706454502, 0.0030988835500775306, 0.0028007529976828323, 0.0026013168421392613, 0.0024147530502474967, 0.002232845056015766, 0.0019533484528222104, 0.0016072831668701665, 0.001479019141984336, 0.0012675395101999383, 0.0012182691689735048, 0.0008100249316542525, 0.0007688165605777465, 0.000652708254536151, 0.0006175577388185091, 0.0005242746143115285, 0.00013568796569427927, 9.841147779431437e-05, 8.50505896209421e-05, 4.324349741688201e-05, 1.0552393027154748e-05, 3.522384144593477e-07, 2.556973904717391e-07, 2.0063777138170187e-14, 1.3417194943440438e-14, 5.534233189238209e-17, 8.777697087863342e-18, 4.54639645428251e-18, 2.9360864262004693e-18, 1.0985145818611306e-18, 4.318672741129226e-19, 8.8549177084575e-20, 2.7420190772071936e-21, 5.627666287472192e-32, 0.0, 0.0, 0.0, 0.0, 0.0, 0.0, 0.0]"
dimension,L128,4,hybrid_hhb,HHB,z,bp,sample_x_spatial_location,channel,0.34530078125,0.7265625,0.2734375,0.7109375,0.8583037012604906,0.03784615384615385,15.874723266346454,5.095395549378375,0.12402127551833167,93,50,0.95219945628196,0.8780000000000001,0.9024999999999999,6.561878232111022,3.3086494962031527,0.11005450955540687,-0.035101358137343726,4,9,2.486801669297119,47.08197753039824,8.173897695039432,"[2000, 128, 1, 1]","[2000, 128]","[2000, 128]","{""0"": 18.069824786597128, ""1"": 7.42760799559028, ""2"": 22.308288201368626, ""3"": 22.175152323527445, ""4"": 20.87040170121737, ""5"": 19.551477720014056, ""6"": 16.8130557045843, ""7"": 17.249143608448527, ""8"": 23.900265577628158, ""9"": 18.377365412251017}","[157.4559543707548, 56.30340144058782, 51.66916570504582, 45.732465090808354, 40.99195767627606, 33.76970213039573, 26.36125005576237, 24.443155796986627, 23.090934839896637, 19.809180847085766, 18.549472683176987, 16.579165427011986, 14.951309004285788, 14.36282396279992, 13.275079194103872, 12.257640924821255, 11.919634084594028, 11.537172813286682, 10.15119231730705, 9.975478699589877, 9.164005197292127, 8.876416041000994, 8.350488482996095, 8.078575864234123, 7.281929683846287, 7.201017024441476, 6.7880266641717295, 6.619543063886472, 6.111029344358197, 5.977346905044655, 5.772083775646029, 5.6238179880869215, 5.250751641593753, 5.021792909495757, 4.876647934292843, 4.538684793528226, 4.198554528958791, 3.9454948859542998, 3.7788753289977506, 3.7273284850803017, 3.619407208526709, 3.4287132303443726, 3.299203229933764, 3.097322161688986, 2.9840970708797263, 2.9047570405349084, 2.7670600070767986, 2.6033589932095818, 2.5458113460003284, 2.3713379690932297, 2.262806726846649, 2.1490137498486432, 2.10561195105879, 2.077085558412964, 1.9951988206705427, 1.913279988699427, 1.7840312249866455, 1.7222386488147747, 1.6858305879837494, 1.544416830294734, 1.438350572067993, 1.3317622299842489, 1.2834408275930367, 1.2601134981589937, 1.1757358804312104, 1.1429753216006502, 1.063973464498601, 1.0383721477845176, 0.8566505808820226, 0.7678449835992683, 0.7451581139156783, 0.6633997191188477, 0.6433490504444455, 0.5317699980630087, 0.5239522968994598, 0.4694219431854895, 0.4393966714526914, 0.3940961430143468, 0.37974485527325813, 0.368003393221446, 0.358439683273892, 0.3025268123909522, 0.28823452615746187, 0.2645037023520391, 0.22946378565732037, 0.19875086426394414, 0.1793007222549243, 0.16802096740268685, 0.15645112730979002, 0.12959500459666648, 0.10619336965729906, 0.09228682531775755, 0.07996008965499932, 1.106243130853644e-15, 8.871679807952163e-16, 5.798340754325983e-16, 5.053933329436651e-16, 3.37341095446844e-16, 2.671979873124524e-16, 1.6157299548028269e-16, 3.452160620478375e-17, 6.032673607025135e-18, 7.679665398728985e-32, 3.252103291186095e-32, 3.1787255959307294e-32, 1.1000474685067463e-32, 2.762798263345579e-48, 0.0, 0.0, 0.0, 0.0, 0.0, 0.0, 0.0, 0.0, 0.0, 0.0, 0.0, 0.0, 0.0, 0.0, 0.0, 0.0, 0.0, 0.0, 0.0, 0.0, 0.0]"
dimension,L128,4,hybrid_hbb,HBB,z,bp,sample_x_spatial_location,channel,0.28568359375,0.734375,0.265625,0.71875,0.8829237064226431,0.0415,25.723668667169175,7.625050358420165,0.20096616146225918,94,50,0.9021869646385312,0.8584999999999999,0.9055,6.588262859149989,3.2900113048857285,0.10874288716067446,-0.03303823131325447,4,9,2.431538463254084,47.13457856276429,8.14200430364499,"[2000, 128, 1, 1]","[2000, 128]","[2000, 128]","{""0"": 18.54054455248836, ""1"": 7.801122500142864, ""2"": 22.762376917889327, ""3"": 22.538088910837075, ""4"": 20.998363865861506, ""5"": 19.943848399426443, ""6"": 17.385429747420666, ""7"": 17.81681267854581, ""8"": 23.859471283449263, ""9"": 18.531956465689124}","[98.96320246416244, 48.615726899683125, 41.047771183829205, 39.11048431367862, 32.04123059312576, 26.879362207765787, 24.273191443371502, 23.703816622510395, 20.222991824515127, 18.11502348369544, 17.58950392197952, 17.007921877063573, 15.380478327102567, 13.845769591888493, 13.455109605752316, 12.153047756805318, 11.964558345528888, 11.161570517696783, 10.892109749134379, 10.13714662183995, 9.647816513245965, 9.40629481341896, 9.132175214142691, 8.843948213788863, 8.176403160442717, 7.92902644188908, 7.530198700005189, 7.167875904620209, 7.027278392862417, 6.817600081134022, 6.250788173016608, 6.110691983194513, 5.926129266096968, 5.7167549707195136, 5.554199240692014, 5.42503702993901, 5.137373767915172, 4.9812289223014, 4.775589853975381, 4.635951525250402, 4.454258174830403, 4.309052227169874, 4.040902281806214, 3.9783768887401054, 3.874979738861046, 3.7919700719835485, 3.7064816767598585, 3.509594668988762, 3.384301579746041, 3.3766626434649845, 3.293476467952714, 3.22920083759538, 3.157972230345535, 3.0004372647840074, 2.9664828789582294, 2.8728970241154115, 2.7692266270515664, 2.6548131457103565, 2.5455775670585274, 2.402689635348038, 2.3686484609068796, 2.334734184546372, 2.244669436757301, 2.1715696106482962, 2.107679316695955, 2.0416823202643886, 1.9383537096988785, 1.887812873053372, 1.8375937871251633, 1.8049725808530193, 1.7247308636043996, 1.650190166100222, 1.5844228588836102, 1.513171652749194, 1.500385443108312, 1.421773352215502, 1.3961212097514637, 1.3530184059177839, 1.2264827922055273, 1.2117982810148402, 1.127290675981169, 1.0685754801208196, 0.9910022674076175, 0.9274420723985513, 0.8861200463552278, 0.7482199372271362, 0.6667134850454842, 0.6119352024589247, 0.5052440319055105, 0.45272713499398554, 0.44294060997052404, 0.3229354265185325, 0.28942353736046883, 0.16728805487377094, 6.6596828696344865e-15, 3.0257979165721082e-15, 1.5632231376679108e-15, 1.0820819720229619e-15, 9.133267421013353e-16, 5.812241673120775e-16, 4.828527345125786e-16, 4.2152044771079405e-16, 3.3654358450642017e-16, 2.795151975292769e-16, 1.1747182418258815e-16, 3.296547766158828e-17, 1.2895719642164069e-31, 1.037683933390848e-31, 6.380076120135427e-32, 3.734982114717797e-32, 1.2533433560405534e-32, 4.873722171595681e-33, 5.751861218895018e-48, 0.0, 0.0, 0.0, 0.0, 0.0, 0.0, 0.0, 0.0, 0.0, 0.0, 0.0, 0.0, 0.0, 0.0, 0.0]"
architecture,early_heavy,0,full_bp,BBB,z,bp,sample_x_spatial_location,channel,0.3328671875,0.671875,0.328125,0.65625,0.842052926966241,0.06507142857142857,15.37101050356832,5.5706423627949535,0.240172039118255,43,50,0.999999902676805,0.8724999999999999,0.9355,6.227289045281301,3.3022814361278328,0.10957412423335909,-0.010624402926995668,5,8,2.624961438874901,47.08390696459874,8.119049849579943,"[2000, 64, 1, 1]","[2000, 64]","[2000, 64]","{""0"": 12.675994364486124, ""1"": 8.0615098379666, ""2"": 18.454593279841365, ""3"": 20.632690612194807, ""4"": 16.61127243028906, ""5"": 16.75441719021526, ""6"": 14.30993594102514, ""7"": 17.3044302465307, ""8"": 21.666167794194763, ""9"": 18.032593383243707}","[323.9680041811033, 162.36496736217333, 126.43219175180867, 111.35387976106864, 104.54267631380506, 93.83128006568145, 68.52211228574558, 66.55665070843708, 59.61929312907, 53.985359230600004, 47.30458318140612, 46.02967018456282, 42.21370477346822, 36.34256409432807, 34.592227470200584, 32.18290315666499, 30.659940840605458, 28.789179932253045, 26.74867706180225, 24.629451334615545, 21.88700885259076, 20.7913844054903, 20.725805453243634, 19.595027978948654, 18.03990986113224, 16.55446172990213, 14.70456391224835, 14.35642755261201, 13.155321000312808, 12.396521390134243, 11.912503721803086, 11.043557395172117, 10.458990776716753, 9.818528851899949, 9.522212303896373, 8.867071702901024, 8.450658627621483, 8.16367339763043, 7.550100654425407, 7.20116145058477, 6.789782481356267, 6.513182721358013, 5.542715240005561, 1.0824535077590346e-14, 5.667092087201017e-15, 4.7572692325183834e-15, 2.8670548389002528e-15, 1.7492673498127952e-15, 9.43704483436483e-16, 6.589456167518275e-16, 4.16900765779355e-31, 1.2549881223045737e-31, 2.9686449809853296e-32, 3.9170907676884055e-47, 0.0, 0.0, 0.0, 0.0, 0.0, 0.0, 0.0, 0.0, 0.0, 0.0]"
architecture,early_heavy,0,full_hebbian,HHH,z,hebbian,sample_x_spatial_location,channel,0.5782578125,0.921875,0.078125,0.109375,0.4678924870096007,0.14285714285714285,1.01535235109467,1.0076516190729663,0.01586488048585422,53,50,0.9999998165885842,0.8390000000000001,0.7855,6.134828071122014,3.2308308045797984,0.10459777223551278,-0.03443588316672019,4,9,2.240389121536094,47.30154075340749,8.045961769518243,"[2000, 64, 1, 1]","[2000, 64]","[2000, 64]","{""0"": 14.381454162443646, ""1"": 6.29596326532622, ""2"": 13.1880359685032, ""3"": 17.652417719144697, ""4"": 17.505857739045208, ""5"": 16.351378143280556, ""6"": 15.708325300387713, ""7"": 11.793822181756221, ""8"": 18.049373731306947, ""9"": 15.56213766791304}","[1984.8157920194287, 4.557407379061653, 2.791413648968807, 1.9399603478158898, 1.5617805317719644, 0.9097862744109708, 0.673897854115102, 0.46276117776181425, 0.3091149951136166, 0.2611128759379456, 0.225110037674722, 0.16831849454433184, 0.14359028116703934, 0.1310144662203063, 0.11528653251301575, 0.10053572723356854, 0.08207444874273698, 0.07009679348758661, 0.06657958511565226, 0.06372057237721677, 0.05798304019540039, 0.05240597435117863, 0.04932574846699976, 0.04669014857980827, 0.043139047832749765, 0.03769932465781288, 0.0346190512036846, 0.031288465069373717, 0.02921907474098157, 0.025834525635781452, 0.024439872291255098, 0.02026447317157005, 0.019542494281609975, 0.016323538190579474, 0.013671645565747056, 0.01191620913433665, 0.007967641169487685, 0.006881783218025637, 0.005745020583492952, 0.004681544011650428, 0.0033453081403936424, 0.003034332677290725, 0.0025348577261071845, 0.0016536788256454312, 0.0013194044459551605, 0.0007427004279855028, 0.00070389712549317, 0.00037546583163564713, 6.819709350612099e-05, 5.743166954563108e-05, 1.2958835475129314e-05, 4.598591151032446e-06, 8.926591977120832e-07, 2.508145719119719e-11, 2.2478623281671367e-11, 2.0534132146497787e-11, 1.5495048822241374e-11, 1.2006247416763684e-11, 1.0204058558385474e-11, 4.950076479497658e-17, 1.0111222111896255e-17, 3.327929056671345e-18, 0.0, 0.0]"
architecture,early_heavy,0,hybrid_hhb,HHB,z,bp,sample_x_spatial_location,channel,0.3632578125,0.65625,0.34375,0.640625,0.8260417464452928,0.05842857142857143,10.204170356025974,3.8223794384946803,0.15944016181290585,42,50,0.9999997141421986,0.8865000000000001,0.917,6.168357280277613,3.291312675942674,0.10898700859084759,0.00963961108022482,4,9,2.400214751107266,47.066467861669736,8.003556942365105,"[2000, 64, 1, 1]","[2000, 64]","[2000, 64]","{""0"": 16.16000492067285, ""1"": 8.427261135314348, ""2"": 16.994618013104002, ""3"": 20.171238309410846, ""4"": 18.027439525285068, ""5"": 14.285298652800764, ""6"": 13.05693537319979, ""7"": 16.014727661695673, ""8"": 16.763723439734218, ""9"": 11.65474472641592}","[181.2901680519737, 55.56401672627747, 52.44578965644196, 45.81157297913404, 35.98129393446061, 29.584910206932843, 27.341421537573908, 24.70350326173515, 21.236294370799477, 18.97430740508193, 17.216769524216122, 16.151355073632022, 15.029285930926724, 13.645851319981556, 12.168259920494961, 10.970914895514799, 10.696059310881733, 9.004352979386237, 8.132844909562165, 8.061377224326662, 7.485775757890023, 6.948773929770742, 6.215734148472725, 5.300764313884576, 5.081987667607451, 4.723854570419972, 4.51296539079928, 4.093458460221021, 3.846410349807984, 3.622500580088557, 3.291041795477811, 3.1747830999493325, 2.8580930868710666, 2.7776484782378468, 2.5733486288497005, 2.4041064754920867, 2.277830173466431, 1.9870675281186947, 1.9395435351950323, 1.890147231615334, 1.6198560571078466, 0.32377028443181827, 4.280217111480385e-15, 1.7998080488549904e-15, 1.0933363810334547e-15, 5.361949897540368e-16, 3.5730071365586644e-16, 2.9307986828803935e-16, 1.8759640641997247e-16, 1.39649615192515e-16, 7.503872415784868e-32, 6.691922304495443e-32, 0.0, 0.0, 0.0, 0.0, 0.0, 0.0, 0.0, 0.0, 0.0, 0.0, 0.0, 0.0]"
architecture,early_heavy,0,hybrid_hbb,HBB,z,bp,sample_x_spatial_location,channel,0.332421875,0.671875,0.328125,0.671875,0.8356967393862673,0.08314285714285714,13.889252337845413,5.092315672996768,0.21701956777883458,43,50,0.9999997264240088,0.875,0.9285,6.2089495127517145,3.3152208814583237,0.11053103891039298,-0.006273377560548079,4,9,2.579763240092124,47.04012766076323,8.129633967829967,"[2000, 64, 1, 1]","[2000, 64]","[2000, 64]","{""0"": 17.205138079299033, ""1"": 7.297302746093005, ""2"": 22.120912501223177, ""3"": 20.993618804234103, ""4"": 18.50931814811597, ""5"": 14.919153287932183, ""6"": 16.9728910734594, ""7"": 13.034855473805091, ""8"": 16.181384595585193, ""9"": 11.27554452327397}","[283.00920723830404, 129.12430349947525, 119.27457661299974, 89.1744281944335, 77.80577498444433, 75.13801547889015, 56.00995447598742, 49.515298331729255, 44.8823608603786, 41.136206831521804, 36.368327512902056, 34.400286889258055, 31.978772895221333, 27.6180905899501, 26.198767832298586, 24.536198525156724, 23.487661615737405, 22.465889811435193, 18.640286530906355, 18.430132207520437, 16.93549345110043, 16.891820023256177, 14.875280616580403, 13.469034469569744, 12.474459274961472, 12.355852656292033, 11.143983660458803, 10.701225478799879, 9.854664447545646, 9.281330621793726, 8.961130608267927, 8.52284515610077, 8.058991259437555, 7.269152162140815, 7.108374863928424, 6.691456979632485, 6.421729502735493, 5.954533258627959, 5.610826575067633, 5.357082035590405, 5.292287824339228, 4.610139683727923, 4.135986093500587, 8.841054799324613e-15, 6.0005517992301906e-15, 4.188052896724324e-15, 2.7850110157360913e-15, 2.4013245350270884e-15, 2.1213789023732864e-15, 5.006549992943423e-16, 4.2590086186933477e-16, 5.774147806589737e-32, 1.5299196433690337e-47, 0.0, 0.0, 0.0, 0.0, 0.0, 0.0, 0.0, 0.0, 0.0, 0.0, 0.0]"
architecture,early_heavy,1,full_bp,BBB,z,bp,sample_x_spatial_location,channel,0.17828125,0.828125,0.171875,0.796875,0.87133920172798,0.0795,16.458395083115306,5.699108583669332,0.25716242317367666,53,50,0.9926207945682108,0.873,0.9295,6.561575775164685,3.3217448727865797,0.11100694906995487,-0.03410316399504336,4,9,2.5307413138836274,47.025487492898996,8.152447144110742,"[2000, 64, 1, 1]","[2000, 64]","[2000, 64]","{""0"": 19.28187004121323, ""1"": 8.59377164306609, ""2"": 24.485836323806986, ""3"": 22.969908251182105, ""4"": 21.59286358246196, ""5"": 21.311951699392278, ""6"": 19.402412784912467, ""7"": 19.210746636039847, ""8"": 24.215144854435387, ""9"": 19.94823404055345}","[354.1445482033572, 182.13259635541067, 140.0734761852058, 123.95603790707094, 94.88651717895098, 86.73029793701879, 69.41648162063849, 66.36816576130656, 61.26171703245934, 58.301684179852984, 52.46761750873841, 46.86163220553044, 45.598319457153806, 39.789696912096105, 37.818390311266285, 37.398159122875164, 33.47118773611938, 30.6282806989906, 27.49774942657884, 26.109855048331227, 25.08332158867114, 24.315756503071384, 23.032748710866194, 21.144527703170997, 20.991998514211463, 18.53170355568017, 17.938888520694793, 17.427287888324656, 16.58791127110069, 14.9832827507693, 14.193188703886552, 13.585311796588492, 13.262911915609187, 12.692863949511324, 11.870897615476457, 11.099267463275138, 10.713348826200864, 10.099097825531972, 10.007132558144832, 8.853717596379674, 8.535780576473652, 8.424331736551578, 8.120745125877189, 7.682190964778274, 7.469795607926479, 7.271254842192855, 6.691021326479198, 6.275999899137706, 5.937240160482303, 5.678877021676812, 5.422402175977044, 4.989587879013253, 4.4814311627669134, 3.2018820851090497e-15, 2.5948252619886565e-15, 4.002056266925555e-16, 0.0, 0.0, 0.0, 0.0, 0.0, 0.0, 0.0, 0.0]"
architecture,early_heavy,1,full_hebbian,HHH,z,hebbian,sample_x_spatial_location,channel,0.4073984375,0.9375,0.0625,0.109375,0.4678924870096007,0.14285714285714285,1.0255124117138978,1.0126887053442397,0.016023631433029654,54,50,0.9999974361484192,0.8685,0.8314999999999999,6.39330835015992,3.2455917808280326,0.10547819045583814,-0.06683802660006469,4,9,2.3195810956322074,47.273746798537275,8.086071066828378,"[2000, 64, 1, 1]","[2000, 64]","[2000, 64]","{""0"": 17.03688137215567, ""1"": 6.87738478186663, ""2"": 21.611942410762538, ""3"": 19.08168302603277, ""4"": 17.993060189445547, ""5"": 20.48824623463418, ""6"": 17.574953475376983, ""7"": 16.526376530807482, ""8"": 24.870771015077384, ""9"": 17.985814367387412}","[1903.3218423056442, 7.241911133397039, 4.933188595603239, 2.6276926197960666, 2.0107708788476977, 1.1962737186428676, 0.8701988104826271, 0.7857598058505869, 0.6303206226928773, 0.5130028733993466, 0.3903552520552898, 0.357564818879387, 0.31130153196586974, 0.23662166017383782, 0.2294529502601597, 0.2105323011712443, 0.1635786216367772, 0.12933419630991222, 0.1167860487949203, 0.10330942073127711, 0.09827039546266117, 0.0905475325692187, 0.08518565567184866, 0.07225885986260029, 0.06630036954011718, 0.06159691688624133, 0.05964459236461776, 0.049311778829052993, 0.04550392512168008, 0.04304984055483211, 0.04171579017186726, 0.037004222058163325, 0.03664234790025715, 0.03203194127889993, 0.029143162472546755, 0.02769387485923728, 0.02594233554248551, 0.023463187430752194, 0.021667969212447437, 0.020105283259547024, 0.01953835754604756, 0.018613019408798722, 0.016255516734145724, 0.015138292950835698, 0.01444547355862389, 0.012111761098385848, 0.010502139798063302, 0.009235541776144423, 0.003010880620401434, 0.002226284835931283, 0.00180888616782403, 0.0010411415357940831, 0.0009470787598275127, 0.0007798156425829192, 2.8764215763425195e-11, 1.8513189092335666e-11, 1.5419801207707406e-11, 1.38355373910583e-11, 1.2265159319060875e-11, 9.790574819445224e-12, 1.5308008382476764e-17, 3.650075848194235e-18, 0.0, 0.0]"
architecture,early_heavy,1,hybrid_hhb,HHB,z,bp,sample_x_spatial_location,channel,0.1897421875,0.84375,0.15625,0.84375,0.8659027298112847,0.06592857142857143,11.219450974983433,4.040007194374452,0.17530392148411614,54,50,0.9958148882724345,0.8815,0.915,6.541629014546812,3.324530770062314,0.11126767113057077,-0.035074577300348735,4,9,2.48710550914278,47.014789251921485,8.158411218732619,"[2000, 64, 1, 1]","[2000, 64]","[2000, 64]","{""0"": 18.586286366896235, ""1"": 7.86263143703737, ""2"": 23.07978639596988, ""3"": 22.69439059299128, ""4"": 20.646865455668063, ""5"": 20.4252270777643, ""6"": 17.361415338140247, ""7"": 17.2039254715035, ""8"": 24.122733663418998, ""9"": 18.451286038727584}","[171.20298858313453, 55.37248669826507, 46.64597862137682, 43.04521094020704, 37.79583135356809, 30.95672918090944, 26.70261310896401, 22.93597040127639, 21.525272529821347, 18.10238200969226, 15.595616525145308, 14.80070544906187, 13.462699842205371, 12.204177216431804, 11.906048004151986, 11.21284972757845, 10.209993899726825, 9.658924048006446, 8.87717308088742, 7.9971899508326345, 7.393026978211096, 7.1576589885600335, 6.316162451199304, 5.712024445593779, 5.42937973389176, 4.851338183347101, 4.601428909436039, 4.323855209932441, 4.066187204842807, 3.836016362106733, 3.7712990170103455, 3.4211124188660915, 3.3648008089187806, 3.0732319019116, 2.8138048491405634, 2.676880848606225, 2.609975305770819, 2.581481109542152, 2.3778412991490128, 2.2930738076041646, 2.093558979205512, 2.0235381816956015, 1.8257675092028618, 1.7867607520210562, 1.4819307080547197, 1.445833911655569, 1.3550274411958478, 1.348782375700491, 1.2992491469647263, 1.2247902459944044, 1.0662873588345556, 0.9421469034775584, 0.5708657851367899, 0.3153452702469146, 2.083512732255471e-15, 1.5554167987920892e-15, 1.0469192207428336e-15, 6.67695590049391e-16, 2.4913758143024134e-16, 1.4775128720798804e-31, 0.0, 0.0, 0.0, 0.0]"
architecture,early_heavy,1,hybrid_hbb,HBB,z,bp,sample_x_spatial_location,channel,0.19278125,0.8125,0.1875,0.78125,0.8777494124154926,0.06435714285714286,15.534598912289745,5.220379558660164,0.24272810800452727,52,50,0.9954641682561487,0.8675,0.9184999999999999,6.564692382695896,3.3297516951556365,0.11156501988371276,-0.0311129014294878,4,9,2.5745198769695543,47.009028849050594,8.180878756711373,"[2000, 64, 1, 1]","[2000, 64]","[2000, 64]","{""0"": 19.633353458025162, ""1"": 8.821465485328265, ""2"": 24.156686689414293, ""3"": 23.31098360507858, ""4"": 21.534021644113366, ""5"": 20.97028973716842, ""6"": 19.28550587244757, ""7"": 19.06920781100769, ""8"": 24.272648245995494, ""9"": 19.57155710747718}","[293.93569982293616, 114.0494469283763, 101.08206462596027, 92.74629967073083, 76.56114132697891, 73.60695267732993, 57.351581776168025, 53.527880858009674, 45.70920191364994, 43.67366661917956, 40.11852608575782, 34.5990380269636, 32.5454258570085, 30.240372052830367, 29.555444535270908, 26.66882797041577, 25.34517131985179, 24.82309370339424, 21.88853286240094, 20.462744526551774, 19.046006584983733, 18.051540989792873, 17.007256943353646, 16.15342343003299, 14.917718029693043, 14.448608360145393, 13.882293923695755, 13.286113939044668, 12.331169590571898, 11.792459227400158, 10.796208988604475, 10.204977671069928, 9.85169224991926, 9.26427608312419, 8.877342239842243, 8.369107954000514, 7.797781588463691, 7.4180798170112, 7.142995689260764, 6.775269922161038, 6.423554433231621, 6.007829512462363, 5.770274449821636, 5.379992009102063, 5.224442355441109, 5.075808279829817, 4.85360850679304, 4.519717044040427, 4.3910013477645675, 3.944342449317522, 3.50926074376398, 3.4506514026208004, 1.2169353057716573e-14, 6.311882094622438e-15, 4.086081028480053e-15, 2.8180811404712636e-15, 6.011676119087889e-16, 3.2414210870091273e-16, 0.0, 0.0, 0.0, 0.0, 0.0, 0.0]"
architecture,early_heavy,2,full_bp,BBB,z,bp,sample_x_spatial_location,channel,0.0540859375,0.953125,0.046875,0.90625,0.9075025180772187,0.061,19.60472372723039,6.574350922474911,0.30632380823797484,61,50,0.9713874058797956,0.8675,0.914,6.5630644259305715,3.321968293031281,0.11102373891302914,-0.03525492106600045,4,9,2.5358291711277916,47.02922902088501,8.1636458672627,"[2000, 64, 1, 1]","[2000, 64]","[2000, 64]","{""0"": 18.964082976444093, ""1"": 8.398697974700566, ""2"": 23.49745756461463, ""3"": 23.0960666228555, ""4"": 21.414302261319218, ""5"": 20.725164353526658, ""6"": 18.389716395545452, ""7"": 18.737415358865785, ""8"": 23.76543350827056, ""9"": 19.528200646236318}","[237.86166869854753, 114.45212467294456, 105.39147370132113, 97.91219976958503, 78.37934691939193, 69.4256900655852, 60.43188664730566, 55.92260624164529, 44.555322695888066, 40.963365516781025, 39.580647153297065, 36.442787490937, 33.460136283330876, 32.22374541226233, 28.304940080546196, 26.268053685645032, 24.677298053955052, 23.90874958586663, 21.822987275129268, 21.494417397422826, 20.789961354841896, 18.633821211422003, 18.106567996014963, 17.652496020390878, 16.65785058851971, 15.259379035296817, 14.573502774833061, 14.06486451106472, 13.005247929509062, 12.878322289847866, 12.641769446852678, 11.524419899767368, 11.127159262472, 10.627062913935216, 10.135545280617826, 9.702877282636248, 9.22589541349621, 8.57543690557672, 8.436202213595871, 7.824134436253252, 7.766748409885309, 7.189740377303538, 7.0832448001712045, 6.765784748763375, 6.48607116012186, 6.167808677828003, 5.9620294743106665, 5.838577768781722, 5.640403549929357, 5.247661664591761, 5.212896553011531, 5.108099349709892, 4.642839667197698, 4.453051840992421, 4.227319658010142, 4.142134464265669, 3.9423720437384393, 3.6716053457136297, 3.3693115732058834, 3.0691787472915792, 2.8772370405618783, 6.181252672525281e-15, 2.508514766015543e-15, 0.0]"
architecture,early_heavy,2,full_hebbian,HHH,z,hebbian,sample_x_spatial_location,channel,0.468078125,0.953125,0.046875,0.109375,0.4678924870096007,0.14285714285714285,1.0185221635629387,1.0092241488745404,0.015914408805670917,55,50,0.999999013607578,0.8550000000000001,0.8295,6.333914894375054,3.220277161079358,0.10371709383927281,-0.06091534475558421,4,9,2.3676221032738787,47.367720100183156,8.109070558527941,"[2000, 64, 1, 1]","[2000, 64]","[2000, 64]","{""0"": 16.09319341139592, ""1"": 6.985818005075069, ""2"": 21.61350727051721, ""3"": 22.053450947985937, ""4"": 15.59100802074159, ""5"": 20.746062276147747, ""6"": 17.3638444096554, ""7"": 14.088015488043464, ""8"": 23.016951174562376, ""9"": 18.371079597540355}","[1509.6241120929737, 3.326579672737353, 2.4366853526345955, 1.890255401798623, 1.7280714440894418, 0.697527396813174, 0.6235731157852121, 0.4112556192461171, 0.3796751244597445, 0.2875597392630517, 0.24495951820002917, 0.22219221225480143, 0.19491810289150743, 0.16059795377878258, 0.15329883497895713, 0.12161236060214384, 0.10936368375068092, 0.09580553539169843, 0.08021790578593205, 0.06898082312280128, 0.06359111372406273, 0.05900200833919664, 0.0518053457370578, 0.05044066746259009, 0.04292982820275036, 0.040022662748826786, 0.03726180033400087, 0.03535167625146111, 0.031134864496391253, 0.02923461236815256, 0.024868970661525568, 0.02439567877028974, 0.023049296045235437, 0.02187532914680634, 0.020365067029409004, 0.018769024099123878, 0.01694924752400969, 0.016222167834547413, 0.014370214657655454, 0.012848329721410173, 0.011182776998054257, 0.00906364979397153, 0.008508454715334806, 0.0065670182172722896, 0.006265588085808112, 0.005399954266429902, 0.002883276407768733, 0.0026981764886790448, 0.0019163763376162863, 0.0008365739805338823, 0.0005678610590567349, 0.0005528472263709852, 0.0005078924121772518, 0.00038400312081028946, 4.540264269522517e-05, 1.4918385220101035e-11, 1.226399127335937e-11, 7.992499651592693e-12, 5.870413558471089e-12, 4.321648351923047e-12, 4.113762932734389e-12, 2.7364490088861567e-18, 6.55182861952838e-29, 0.0]"
architecture,early_heavy,2,hybrid_hhb,HHB,z,bp,sample_x_spatial_location,channel,0.2575078125,0.75,0.25,0.75,0.851135666462276,0.05942857142857143,10.244694432737118,3.8589470880526364,0.16007335051151747,48,50,0.9999999573920079,0.8859999999999999,0.923,6.475382369656149,3.3053350375392805,0.10975344197161095,-0.026108377382354553,4,9,2.5330263343091066,47.09355534088551,8.16530468885104,"[2000, 64, 1, 1]","[2000, 64]","[2000, 64]","{""0"": 17.846701693635985, ""1"": 8.803444444414984, ""2"": 22.911722200581746, ""3"": 22.89524958052444, ""4"": 21.41919656428153, ""5"": 20.454782629794927, ""6"": 17.636025919491004, ""7"": 17.827546743914777, ""8"": 23.79191024973813, ""9"": 16.495532155595882}","[152.92412932280814, 53.594904867699, 46.30133523938552, 39.126977706893584, 29.98961174234058, 24.72698384982471, 21.599476857587426, 18.06392160399982, 16.641142339317234, 15.275579282913283, 14.912396246078105, 12.245859189130988, 11.024693656192154, 10.065117062617546, 9.249639580949477, 8.730613110321986, 8.257638393773746, 7.705554797739835, 7.341441569553333, 6.66256903749734, 6.205493040951421, 5.625945720791337, 4.937643324790328, 4.7288426745630145, 4.295758158419832, 4.077682702412232, 3.7340247909442774, 3.44830927210126, 3.3918649258403497, 2.9542969908044223, 2.9464504467923467, 2.793426007176764, 2.72298870179507, 2.517327506047686, 2.3186458817352453, 2.1231118198422703, 2.0125387919013, 1.887660163029642, 1.7778806610366948, 1.650741439080459, 1.4837547312055748, 1.4478274552522628, 1.3308771986269479, 1.2565850877197071, 1.1228634648220994, 1.108182495129506, 0.9915673717356475, 0.794247262063705, 9.549912047683412e-15, 4.382041312230724e-15, 2.095883341047666e-15, 1.14381522661165e-15, 6.134807634226642e-16, 3.617296418221163e-16, 5.052243257333588e-32, 2.2229649668803873e-32, 0.0, 0.0, 0.0, 0.0, 0.0, 0.0, 0.0, 0.0]"
architecture,early_heavy,2,hybrid_hbb,HBB,z,bp,sample_x_spatial_location,channel,0.0856015625,0.921875,0.078125,0.875,0.8904465897432615,0.06042857142857143,18.932833410113496,6.4650476812189055,0.29582552203302337,59,50,0.9784436107147485,0.858,0.923,6.559968664858605,3.3197512406751755,0.1108526176346986,-0.037628230918841925,4,9,2.5379623958389654,47.03422597139514,8.154801350436617,"[2000, 64, 1, 1]","[2000, 64]","[2000, 64]","{""0"": 19.02735147043233, ""1"": 8.382276078793206, ""2"": 23.54240579755906, ""3"": 22.782983844607973, ""4"": 21.533527329431873, ""5"": 20.6633767416357, ""6"": 18.42150517416301, ""7"": 18.72124407400488, ""8"": 23.543609559151047, ""9"": 19.355822677518578}","[242.14947439064645, 131.47220563170367, 109.75715461439202, 90.77418106611475, 70.6997548697187, 67.18203902338415, 58.884966425421254, 55.22636403825243, 50.18608583673462, 42.63416255944173, 39.15213029420146, 35.469023682526434, 34.555433129442065, 30.300625166125553, 27.387418462669537, 26.835941346474893, 25.303240736711366, 23.71314073147918, 22.727802933324185, 21.61190283905206, 20.49061383213325, 20.419153442989828, 18.43139114192222, 17.782194630324813, 17.662782159071025, 16.05531620927201, 15.16600204663284, 14.506680933524294, 12.922210435385338, 12.273709042840718, 11.905756306082862, 11.094560140255675, 11.083262160380395, 10.640624722516776, 9.994419175233624, 9.115945526588094, 8.720598542345172, 8.513023248045592, 8.424400629222427, 7.842473444796144, 7.4549734976414985, 7.087410522174187, 6.874259623033818, 6.6335344928095115, 6.594626322283158, 6.1937689304018395, 5.959498163852685, 5.532986294247682, 5.216047355471916, 5.145871219862415, 4.600013973182716, 4.419286388015789, 4.241367152603975, 4.107095385612533, 3.862297013942036, 3.668362013628378, 3.483520873107089, 2.9902181087980746, 2.374595039576677, 3.8523492206705236e-15, 6.554839257599671e-16, 6.212301900723407e-32, 0.0, 0.0]"
architecture,early_heavy,3,full_bp,BBB,z,bp,sample_x_spatial_location,channel,0.2393125,0.765625,0.234375,0.734375,0.8662964166447797,0.062357142857142854,16.657663353398036,5.950020450175755,0.2602759898968443,49,50,0.9999998421408332,0.867,0.9269999999999999,6.526101036025049,3.3104601386433306,0.11009458609432143,-0.03267543764817455,4,9,2.635381374171171,47.085019224940815,8.186457266326064,"[2000, 64, 1, 1]","[2000, 64]","[2000, 64]","{""0"": 19.528067350882033, ""1"": 9.461459058020585, ""2"": 24.67954870901462, ""3"": 22.919164329161628, ""4"": 21.35309349351517, ""5"": 20.62388047202912, ""6"": 18.896227610222894, ""7"": 18.87087360863314, ""8"": 23.722327111368443, ""9"": 16.03408422730406}","[297.247760664045, 156.80822828234275, 129.52884501001355, 104.89175757450718, 94.69559760491954, 81.73153717832213, 67.6882116971637, 66.7749546304892, 60.256830599188845, 50.666570186104764, 46.7323960762607, 44.342763536147736, 39.38588638914387, 34.184085079182836, 32.667485965050915, 30.532884582428665, 30.008263096217508, 27.994051724349262, 25.891103815296923, 24.325162694987736, 23.021400719788765, 21.129271101857416, 19.176240078341127, 18.68440494680203, 17.61394873205225, 16.94370503386009, 15.407776297442966, 14.334833075805085, 14.122324686178082, 12.211396123386752, 11.974841603391578, 11.62555610978113, 11.0607644122076, 10.465169222680373, 9.947963599050365, 9.442650804783497, 8.863604658849782, 8.19696261028114, 7.581985693655223, 7.547265333388481, 7.207728869981639, 6.6522173837228005, 6.553704236783909, 6.06143752871348, 6.024634682061392, 5.683171055985936, 5.175356488965946, 5.122835190514859, 4.442728053539569, 1.618547821102115e-14, 4.577531646503518e-15, 2.179011973963665e-15, 4.401256642972907e-16, 2.825438483421514e-16, 2.729100703479058e-31, 7.673309408686333e-32, 0.0, 0.0, 0.0, 0.0, 0.0, 0.0, 0.0, 0.0]"
architecture,early_heavy,3,full_hebbian,HHH,z,hebbian,sample_x_spatial_location,channel,0.5244296875,0.9375,0.0625,0.109375,0.4678924870096007,0.14285714285714285,1.0193885466686945,1.0096598345019092,0.01592794604169835,54,50,0.9999999778694502,0.8404999999999999,0.8234999999999999,6.225862659843236,3.1829326679707144,0.10114629125680498,-0.025621057927794313,4,9,2.4065106566686025,47.4719831031508,8.057676889990779,"[2000, 64, 1, 1]","[2000, 64]","[2000, 64]","{""0"": 14.272272381698107, ""1"": 6.455669858661685, ""2"": 18.979242216580854, ""3"": 17.605395052872503, ""4"": 15.226377582068611, ""5"": 14.522300833336933, ""6"": 15.204037057030453, ""7"": 14.245560804756966, ""8"": 20.86091005111976, ""9"": 15.317069090237478}","[1605.3227185613266, 7.407548213378092, 1.7020281434593452, 1.175177897245425, 1.0850228496298613, 0.7310051302125805, 0.6024557998239914, 0.4471500945787654, 0.29510441209579397, 0.27759200378690746, 0.2027160587332865, 0.18726052092783702, 0.1600245323081512, 0.1257778862346273, 0.11427355430651515, 0.09503541410363582, 0.09256941718712247, 0.08232962619767728, 0.06907823460640238, 0.06507202270676155, 0.0586149237397692, 0.050768651450361975, 0.04300925821824389, 0.04159580723192938, 0.03957966803470082, 0.0383193509281524, 0.03399927181990317, 0.03282253831922038, 0.0294926994444196, 0.026653111622119974, 0.024895452702552032, 0.0232786436569882, 0.021986271283052885, 0.019051963399498672, 0.017115744519190405, 0.015368432870985792, 0.014502950260359039, 0.013105875597382428, 0.011444524593394028, 0.010223821118908946, 0.008200862373302637, 0.0053464780892943965, 0.0026659216941980163, 0.002133054272569053, 0.0017751255131225683, 0.001244230278541436, 0.0007051492360630293, 0.0006203772966356448, 0.0004681500228183612, 0.0003614866298736363, 0.0002977980010249825, 0.00018054976870622471, 0.00010177022328950491, 5.767387281372338e-08, 1.402429035169572e-11, 1.033864008616387e-11, 8.313959539987187e-12, 7.201957516473823e-12, 5.60705885865393e-12, 4.636564803223713e-12, 5.625433052627759e-18, 1.2015173890365812e-18, 0.0, 0.0]"
architecture,early_heavy,3,hybrid_hhb,HHB,z,bp,sample_x_spatial_location,channel,0.300796875,0.71875,0.28125,0.71875,0.830381832191243,0.06671428571428571,9.797646825661262,3.700235643115751,0.15308823165095722,46,50,1.0000001415610495,0.882,0.917,6.372415396662256,3.3260561643867708,0.11150591273990376,0.006319996048088202,4,9,2.466095676364264,46.959909141706426,8.05580308717279,"[2000, 64, 1, 1]","[2000, 64]","[2000, 64]","{""0"": 16.850148314421023, ""1"": 7.71814508035827, ""2"": 20.59797843555838, ""3"": 21.750207249735087, ""4"": 19.186559005670915, ""5"": 19.788270307972684, ""6"": 17.1245299318973, ""7"": 13.406621579353141, ""8"": 22.00807511363513, ""9"": 17.29120747762052}","[165.05763339484582, 57.63965140619271, 41.726599804573304, 37.899732800547824, 31.32347559972657, 24.993143128256452, 21.894459019087524, 18.44445145254065, 16.520580141597236, 15.344174444613037, 14.536204064382323, 13.280080936188131, 11.977231583371609, 10.641485135162798, 10.131663134515435, 9.875770225889555, 9.296139115386895, 8.847956224195068, 6.682463748561938, 6.488392103224441, 6.173555340449547, 5.9184688684083016, 5.3934729997850805, 5.1491616521297185, 4.800685003021775, 4.647749193290439, 4.2166111251059055, 3.86160281710215, 3.6982120277976875, 3.2632182167927377, 3.1314138428319223, 2.9121819440708006, 2.8341107509436565, 2.551166839132321, 2.447065989684769, 2.343176769929042, 2.0993088060673073, 1.9093047637934217, 1.8455012580568113, 1.6541706946375272, 1.5657328569454776, 1.46446709318668, 1.3966715848779079, 1.2987242797029213, 1.1286288162260845, 0.4464872591118404, 2.177866319817454e-15, 1.1536348227542874e-15, 8.632928185507788e-16, 6.2279884260638055e-16, 4.562570506762851e-16, 3.2042800562117824e-16, 2.2064571695383066e-20, 2.1257234970670228e-31, 5.542236403627787e-32, 0.0, 0.0, 0.0, 0.0, 0.0, 0.0, 0.0, 0.0, 0.0]"
architecture,early_heavy,3,hybrid_hbb,HBB,z,bp,sample_x_spatial_location,channel,0.23978125,0.765625,0.234375,0.734375,0.8649098765271106,0.06635714285714285,15.454822633582006,5.608437155655151,0.24148160364971885,49,50,1.0000000209547681,0.8705,0.925,6.52577202241003,3.306669633826136,0.10987853980758365,-0.019234029768866977,4,9,2.5443139146810987,47.0751399743015,8.13509206906409,"[2000, 64, 1, 1]","[2000, 64]","[2000, 64]","{""0"": 19.483474264425023, ""1"": 7.212170788074332, ""2"": 24.203492945418787, ""3"": 23.268317713263183, ""4"": 21.454998570114512, ""5"": 20.681027097481216, ""6"": 19.173832089828657, ""7"": 18.761131543311645, ""8"": 23.822798463095424, ""9"": 20.125891599428243}","[237.9373152230284, 119.85279560096082, 112.05785492290455, 84.73012541354339, 67.30575225363172, 60.33271841558992, 50.014540173351094, 45.10847244017124, 43.249773321420676, 37.254396555819575, 33.9786509899744, 31.659402896667405, 29.30768739113277, 25.303374730354637, 24.409220980325667, 22.14163712641582, 21.423678776959047, 20.444744610783765, 19.143443232663802, 17.8580728392504, 15.905609222534478, 14.767303898592328, 14.012718339761632, 13.181615908809075, 12.472354652313678, 12.209879472456754, 11.695997696199747, 11.200394190364324, 10.336527283881967, 9.059772035525613, 8.967773571963574, 8.189420664028006, 7.7024897850152305, 7.686858818810892, 6.988229061298812, 6.470634463668797, 6.138528697614146, 5.945194654376619, 5.3929539571295075, 5.2374743082972355, 4.814349106471963, 4.580862661779475, 4.521999690531478, 4.353518944413351, 4.259237381948957, 4.072475645216448, 3.8294310505920515, 3.5371392320616164, 3.412077123057772, 9.600315684028073e-15, 3.643571393285646e-15, 3.389100774851936e-15, 1.7881019014143543e-15, 9.356481654239526e-16, 6.472816626445387e-16, 4.2018173784024763e-16, 5.164197508214298e-31, 1.101863806782215e-31, 0.0, 0.0, 0.0, 0.0, 0.0, 0.0]"
architecture,early_heavy,4,full_bp,BBB,z,bp,sample_x_spatial_location,channel,0.2229609375,0.78125,0.21875,0.78125,0.8724424455681394,0.05671428571428572,16.201417090025053,5.549895533994528,0.25314714203164146,50,50,0.9999998263083398,0.874,0.9225,6.562959302473457,3.313703339152624,0.11039085967043147,-0.033883057246474606,4,9,2.5507431474560645,47.059207304168275,8.159180252764735,"[2000, 64, 1, 1]","[2000, 64]","[2000, 64]","{""0"": 19.88503123627666, ""1"": 8.902003180874093, ""2"": 24.342002206177757, ""3"": 23.18882840641147, ""4"": 21.53752413263361, ""5"": 20.83499145554313, ""6"": 19.66831614601521, ""7"": 19.04094363597562, ""8"": 24.069156399784468, ""9"": 19.495073977031186}","[319.0857458057038, 134.76950605349856, 121.0946820407382, 109.82188446608794, 97.62375573268308, 82.80510707024065, 66.11721483529715, 62.31914799283186, 55.35566205565133, 51.21879882220478, 47.26523021216609, 43.694059544106004, 39.96522002119208, 35.91569101944345, 33.44414850044002, 30.47675370573372, 30.14975834067087, 27.632368431850182, 25.727752297759285, 24.216163159328662, 21.64680238414818, 21.328432735741664, 20.359654136780197, 19.829459425093837, 18.738447229611875, 17.648473833860468, 16.699164184302436, 14.88360527560603, 13.672481377880612, 12.489461109494165, 12.407349648347362, 11.235945099755376, 10.579631151112556, 10.21319228029714, 9.435022842707733, 9.110456596204394, 8.965545941890905, 8.482247567800876, 8.087357078130712, 7.63469933353091, 7.337437869711635, 7.18288717323112, 6.74523694852841, 6.041398270539441, 5.724728269031177, 5.674408261880708, 5.635909332422214, 5.248533918132642, 4.80794403116236, 4.347992193823887, 1.182463598946237e-14, 8.615142578736553e-15, 4.361934549795632e-15, 4.023626977927249e-15, 2.658159525050657e-15, 1.5644988974222632e-15, 3.8306099542131343e-16, 5.595824633836416e-32, 0.0, 0.0, 0.0, 0.0, 0.0, 0.0]"
architecture,early_heavy,4,full_hebbian,HHH,z,hebbian,sample_x_spatial_location,channel,0.4427734375,0.953125,0.046875,0.109375,0.4678924870096007,0.14285714285714285,1.0201560254776978,1.0100357370075403,0.015939937898089028,55,50,0.9999978689991167,0.8545,0.8160000000000001,6.393163831438351,3.271575893794498,0.10755138627683924,-0.04232659783851808,4,9,2.204900223444923,47.15080721362063,8.03345952809798,"[2000, 64, 1, 1]","[2000, 64]","[2000, 64]","{""0"": 16.391400368931865, ""1"": 6.695213119932754, ""2"": 19.205871126861766, ""3"": 19.533367703562813, ""4"": 18.465492846295746, ""5"": 20.269629305986594, ""6"": 17.008413011508505, ""7"": 12.445630356079016, ""8"": 21.605338666502437, ""9"": 15.805792951824298}","[2250.1572623016536, 7.632153237130103, 3.077715976734133, 2.2428217164991127, 1.5707813046138033, 1.1989834065798997, 0.9246508891574899, 0.8738659748093057, 0.8364531959655633, 0.6021087551038239, 0.587589112166624, 0.4252469620063577, 0.31214837953890223, 0.2269014054559047, 0.20114055118729635, 0.17353226391083806, 0.15301453747628793, 0.14450487223785022, 0.127009060187936, 0.11615745703464275, 0.10862193319474846, 0.10757381829249818, 0.09007823885761304, 0.07843964624181585, 0.0767542953175723, 0.06854392577656362, 0.05720083643062203, 0.05477265413269556, 0.047347469386491224, 0.04396970162463297, 0.041505079358935514, 0.03671407678003224, 0.035299928433137326, 0.03205498170838652, 0.03131325370262913, 0.029484657040662648, 0.027948872576929094, 0.026044341739590464, 0.02289947384462029, 0.02175542480066504, 0.018309981130353654, 0.017289509112020266, 0.01637872647424399, 0.015329065367613514, 0.012589459797255781, 0.008513396767097477, 0.007558556767100907, 0.007073874650509898, 0.0052791894075406385, 0.0034835293101529176, 0.003079570128179217, 0.0008515927215294673, 0.0006453540676731029, 0.0004464285979379961, 5.660854867184507e-05, 4.0849730923483253e-11, 3.5696871262270654e-11, 3.059248536699639e-11, 2.8375280173352117e-11, 2.5234619774230213e-11, 2.14141840840626e-11, 1.923207698261054e-18, 0.0, 0.0]"
architecture,early_heavy,4,hybrid_hhb,HHB,z,bp,sample_x_spatial_location,channel,0.3485390625,0.65625,0.34375,0.65625,0.8126874083049253,0.07314285714285715,8.315804009842575,3.280405170936243,0.12993443765379023,42,50,1.0000000956934194,0.891,0.914,6.165479697163224,3.280719359884338,0.10806158155006286,-0.005601252805338935,4,9,2.4073850857034573,47.143389350260115,8.078796940719084,"[2000, 64, 1, 1]","[2000, 64]","[2000, 64]","{""0"": 15.664133964969395, ""1"": 6.951623576580492, ""2"": 21.39503442939506, ""3"": 15.037539431738228, ""4"": 15.707690925461772, ""5"": 15.964396954128114, ""6"": 17.15472972706406, ""7"": 11.708568597304554, ""8"": 19.853968531257166, ""9"": 16.81458031472596}","[233.5735881904061, 60.783028714557645, 55.313246010251206, 46.466258507378306, 43.99369728722834, 36.33011266929048, 25.140248331755153, 24.149906580307558, 21.314482949653854, 19.111808123469025, 16.69621978230679, 15.263815432121502, 14.382732095515927, 12.478311152902261, 11.969423005577127, 10.945238068079837, 10.530409248160266, 8.916479668321204, 8.717416275247915, 8.069090200772905, 7.536248373765826, 6.901258639168151, 6.1149323228917725, 5.61280409255701, 5.310247935472648, 4.986339859704533, 4.6940340819355475, 4.399582393883384, 3.794008950812529, 3.6541583703573726, 3.4103637186761206, 3.200395277370994, 3.0226387579586333, 2.7779821494740196, 2.7377576950242157, 2.431189432342537, 2.310793175679334, 2.1167790583792985, 1.9582418987973098, 1.9185559929722107, 1.6366568097537164, 1.5455252136602782, 4.119347744496835e-15, 2.166604014922103e-15, 1.4303944633242624e-15, 9.816163864168232e-16, 6.718271792734801e-16, 1.308310051547805e-16, 7.333044587338412e-17, 2.0802726632109666e-31, 3.6892235806981776e-33, 4.098205183015822e-48, 0.0, 0.0, 0.0, 0.0, 0.0, 0.0, 0.0, 0.0, 0.0, 0.0, 0.0, 0.0]"
architecture,early_heavy,4,hybrid_hbb,HBB,z,bp,sample_x_spatial_location,channel,0.47221875,0.53125,0.46875,0.515625,0.7921713605748931,0.07385714285714286,12.311166052685532,4.765144154334906,0.19236196957321144,34,50,0.9999997951090456,0.8985,0.9390000000000001,5.667597186187006,3.2888802537621933,0.10855443608905173,0.008554170444613634,4,9,2.578915406680746,47.11529591532645,8.070376892692694,"[2000, 64, 1, 1]","[2000, 64]","[2000, 64]","{""0"": 9.525576741860203, ""1"": 5.883504430841678, ""2"": 13.875825927297823, ""3"": 11.234126772911257, ""4"": 13.762328080507467, ""5"": 11.357187804380702, ""6"": 12.075301151333102, ""7"": 14.552547324290904, ""8"": 18.099971613032732, ""9"": 8.987925742877735}","[404.06738848150235, 180.77114529600877, 165.3156831431673, 142.58751940140115, 112.87705720771643, 92.08221900746521, 85.01727344395022, 68.49366520425463, 64.14826620735924, 61.93196063797991, 52.10920540515901, 47.016184442568935, 45.09910583369822, 39.710125406341525, 35.48475116485726, 31.54820243869132, 28.663219546766793, 26.944364957198715, 25.116432291862655, 22.708699489606726, 22.469199539793525, 19.975688063686963, 19.184235725413526, 16.676254874540536, 15.698891512076244, 14.301824498081116, 13.897953111616529, 12.964806510225413, 11.983865768786007, 11.442529032585202, 10.134758751269674, 9.10409704399148, 8.595804191055748, 7.316976549323826, 9.923208669374285e-15, 8.446055048517375e-15, 5.48135767049653e-15, 3.835127765388031e-15, 3.3822860760805023e-15, 2.535098486829068e-15, 1.99983870843563e-15, 1.7449623338915065e-15, 1.5413227948134364e-15, 9.028539261608297e-16, 3.168413155891625e-16, 9.453024236478875e-17, 8.347357929550256e-24, 1.8069415899505575e-31, 5.162898561540064e-32, 4.2046661064353016e-47, 0.0, 0.0, 0.0, 0.0, 0.0, 0.0, 0.0, 0.0, 0.0, 0.0, 0.0, 0.0, 0.0, 0.0]"
architecture,late_heavy,0,full_bp,BBB,z,bp,sample_x_spatial_location,channel,0.768,0.234375,0.765625,0.234375,0.6413885847562949,0.09757142857142857,9.189013964840157,4.504806994687693,0.14357834320062746,15,50,1.000000154599575,0.9025000000000001,0.937,4.019423024360731,3.1591977438942442,0.0994489554487625,0.06245938231176868,4,9,2.477398125628333,47.362602194035986,7.541716636443469,"[2000, 64, 1, 1]","[2000, 64]","[2000, 64]","{""0"": 6.745688816392696, ""1"": 8.300671933820825, ""2"": 7.708103227815026, ""3"": 7.561457909023785, ""4"": 6.642829684261883, ""5"": 8.151763811645868, ""6"": 7.789834609340552, ""7"": 5.398952117024354, ""8"": 4.502973761596765, ""9"": 5.8592214863497665}","[209.8608101685578, 126.90277897675979, 107.7078983215182, 83.48852930217016, 72.64058331071438, 57.99346872757966, 50.274511840199, 42.018457897261115, 37.50398772298635, 31.98096477525045, 29.502072933901218, 27.948025120249454, 25.055194497718453, 21.793527363050817, 20.711634600228443, 1.5917106625816483e-14, 6.46046567232696e-15, 4.716293351448695e-15, 1.9673075332545084e-15, 1.23156904070903e-15, 5.114858308483096e-16, 1.747653307481675e-30, 8.800677387973737e-31, 6.771495486576907e-31, 3.594211375834216e-31, 2.4274834477667203e-31, 1.5700467632306116e-31, 3.92188968641535e-47, 2.1122957521537763e-47, 3.402682145880659e-63, 6.618296566823859e-64, 3.7839087360295005e-79, 0.0, 0.0, 0.0, 0.0, 0.0, 0.0, 0.0, 0.0, 0.0, 0.0, 0.0, 0.0, 0.0, 0.0, 0.0, 0.0, 0.0, 0.0, 0.0, 0.0, 0.0, 0.0, 0.0, 0.0, 0.0, 0.0, 0.0, 0.0, 0.0, 0.0, 0.0, 0.0]"
architecture,late_heavy,0,full_hebbian,HHH,z,hebbian,sample_x_spatial_location,channel,0.4629375,0.96875,0.03125,0.109375,0.4678924870096007,0.14285714285714285,1.0177273734027064,1.008829399651864,0.015901990209417287,56,50,0.9999960042514431,0.844,0.837,6.440945983572467,3.206191320161742,0.1030101742106507,-0.05529454206186031,4,9,2.083973691152713,47.3415550222474,7.946521505016532,"[2000, 64, 1, 1]","[2000, 64]","[2000, 64]","{""0"": 17.367474249886328, ""1"": 8.18459332159824, ""2"": 22.34570173570513, ""3"": 19.33818998400577, ""4"": 16.75008210022103, ""5"": 19.212371334142606, ""6"": 17.716131187559583, ""7"": 16.654457159196735, ""8"": 24.02967671292327, ""9"": 18.073184720974737}","[244.65253786446647, 0.5402467108310405, 0.3168341047386035, 0.2901899980116306, 0.17240694060770273, 0.12323931686220774, 0.09483981192763076, 0.08056096288289773, 0.05600847224652987, 0.050075093379023314, 0.04738781475341504, 0.04113364461599734, 0.031200898225856297, 0.027544907692329576, 0.023924238438223097, 0.022355251553168785, 0.020634076669093733, 0.019199451649653646, 0.017435147308136337, 0.01434884097935356, 0.013821558613216833, 0.012725416060218374, 0.011676490555789383, 0.011379107353127221, 0.009849238245997411, 0.009500637411097513, 0.008852346949092321, 0.008641810449032127, 0.007654089642791239, 0.0067111366739812245, 0.006325185135355062, 0.0058526970892864745, 0.0054955494152016905, 0.005430651984595803, 0.005102729426525395, 0.004800620914741724, 0.004650366382493312, 0.004282596119690043, 0.003855892966248711, 0.003350824921049752, 0.0032429325726088245, 0.003120432643707147, 0.0027752054823479456, 0.002539227412143458, 0.0019643447989428336, 0.0015380032180441962, 0.001407614513440085, 0.0012788681551218217, 0.0010012482605337456, 0.0007518577846464689, 0.0006599816589732208, 0.0002331895460176852, 6.663121040792472e-05, 1.5653053201842343e-05, 1.5085850231618433e-05, 1.2680250864426336e-07, 3.275219636120432e-12, 4.326791900857461e-15, 8.507187698085275e-16, 1.6826425061782926e-18, 1.0174133888823508e-20, 1.0596256351579153e-31, 0.0, 0.0]"
architecture,late_heavy,0,hybrid_hhb,HHB,z,bp,sample_x_spatial_location,channel,0.830421875,0.171875,0.828125,0.171875,0.5754132292592005,0.10278571428571429,7.0843923730357545,3.6224581221013636,0.11069363082868366,11,50,0.9999997876584867,0.8765000000000001,0.9105000000000001,3.5233614439801477,2.958118314828665,0.08687374924893174,0.06548672160095916,4,9,1.7453438276650952,47.72112345381754,6.824665606036462,"[2000, 64, 1, 1]","[2000, 64]","[2000, 64]","{""0"": 7.778661165214464, ""1"": 7.601045180492129, ""2"": 7.184424069259078, ""3"": 7.147568056170605, ""4"": 5.538739173790232, ""5"": 6.882082975347346, ""6"": 6.642256206758884, ""7"": 4.6675994852263045, ""8"": 4.563843829710469, ""9"": 6.131940075215705}","[81.12770898474784, 37.864251092463725, 36.731661396623956, 31.26664028939929, 24.97262881233497, 22.207955486330878, 15.18861442884013, 12.950393843585204, 11.23778138005482, 10.718744553452025, 9.615348071442721, 4.401797681028398e-15, 3.5434899493973205e-15, 1.9496252943616133e-15, 1.2700325719277804e-15, 3.1071999229034567e-16, 3.5829096266110096e-31, 1.6372441665072658e-31, 8.242209472526227e-32, 6.657141371128621e-32, 8.686709942215828e-48, 6.608333774057308e-48, 2.03697597040358e-48, 1.1551629633048398e-63, 1.238607905280126e-65, 2.4065402285331756e-112, 1.907047590477335e-128, 1.4633617900423018e-129, 0.0, 0.0, 0.0, 0.0, 0.0, 0.0, 0.0, 0.0, 0.0, 0.0, 0.0, 0.0, 0.0, 0.0, 0.0, 0.0, 0.0, 0.0, 0.0, 0.0, 0.0, 0.0, 0.0, 0.0, 0.0, 0.0, 0.0, 0.0, 0.0, 0.0, 0.0, 0.0, 0.0, 0.0, 0.0, 0.0]"
architecture,late_heavy,0,hybrid_hbb,HBB,z,bp,sample_x_spatial_location,channel,0.784015625,0.21875,0.78125,0.21875,0.6303163626241467,0.08935714285714286,8.101675487738477,4.026315886344511,0.1265886794959137,14,50,0.9999996721744855,0.899,0.9339999999999999,3.8858456669817296,3.120229801657125,0.09693130850542638,0.04910301993479538,4,9,2.2842633997912096,47.46476416691084,7.480304719721873,"[2000, 64, 1, 1]","[2000, 64]","[2000, 64]","{""0"": 7.330241332697712, ""1"": 7.992385880458479, ""2"": 7.841992981493052, ""3"": 8.077485300160994, ""4"": 5.900297585227219, ""5"": 7.786765284654682, ""6"": 6.78306652833796, ""7"": 5.086105285434434, ""8"": 4.569800228620992, ""9"": 4.861612212425151}","[105.9844934213737, 61.05894338690279, 51.978475982785156, 39.51530206649783, 31.031297076301268, 24.515802502917158, 20.759111560920463, 17.144607085156782, 16.169186299976136, 14.337075822590256, 12.94252702327768, 11.70585412437768, 9.96307499920302, 9.621298216372233, 3.854026032757133e-15, 1.85518614870844e-15, 6.635803556371407e-16, 4.506632318531458e-16, 3.5418132174090722e-31, 1.9240205531594726e-31, 1.0835173427864842e-31, 4.2235621059594435e-32, 1.985572895141345e-32, 5.488616354395054e-33, 2.350536982342742e-47, 1.8181638104385761e-47, 6.068633981519547e-48, 7.944594992055484e-49, 8.61753786285096e-64, 5.316976001438591e-65, 5.87513827516319e-81, 2.415953025536467e-96, 2.0299545056377167e-111, 0.0, 0.0, 0.0, 0.0, 0.0, 0.0, 0.0, 0.0, 0.0, 0.0, 0.0, 0.0, 0.0, 0.0, 0.0, 0.0, 0.0, 0.0, 0.0, 0.0, 0.0, 0.0, 0.0, 0.0, 0.0, 0.0, 0.0, 0.0, 0.0, 0.0, 0.0]"
architecture,late_heavy,1,full_bp,BBB,z,bp,sample_x_spatial_location,channel,0.0630078125,0.953125,0.046875,0.953125,0.9384858959176837,0.046357142857142854,25.839348155969493,9.17636108519456,0.4037398149370233,61,50,0.9673195565119386,0.85,0.9145,6.591941779246737,3.2753885668031155,0.107654878228511,-0.028466627772494923,4,9,2.4269777398103187,47.178760110277956,8.117253104143417,"[2000, 64, 1, 1]","[2000, 64]","[2000, 64]","{""0"": 18.813617062368603, ""1"": 8.729613733908787, ""2"": 23.342986440921283, ""3"": 23.19580637171103, ""4"": 21.806425002978756, ""5"": 20.40243411991734, ""6"": 18.629505473928685, ""7"": 18.96198473333589, ""8"": 23.660646839760116, ""9"": 18.66936031685428}","[75.9759421267068, 48.44895849567325, 43.32992600771165, 38.36932165863742, 32.199425000424824, 30.209006604994524, 26.65583928368581, 24.882735394034555, 21.151548725871745, 19.49446981786273, 18.331372159419153, 17.324390212359393, 16.0149852696224, 14.767172986769854, 14.099138513701513, 13.756361398223241, 13.045424218225612, 12.73310368049464, 11.410168553133836, 10.390965145529837, 10.000741999916247, 9.681885239978687, 9.202125111130703, 8.846086091139348, 8.518059554564442, 8.081433404607955, 7.52503003574143, 7.23347311360239, 7.084823295020109, 6.633357861263063, 6.45210852144772, 6.071008566448469, 5.893321960970956, 5.625523755428961, 5.480231478696834, 5.350573749166537, 5.06390616295028, 4.810168088165269, 4.5613567208284485, 4.455323741672837, 4.329846876971975, 4.0462338603842465, 3.8306368758752014, 3.6056628581951293, 3.522462499953127, 3.4648005603988015, 3.3240812219426092, 3.1806917869804208, 3.074939017716756, 2.87151132880676, 2.791285131136502, 2.5968542868925946, 2.438725835494109, 2.4137142536038616, 2.1638608686552483, 2.109381724650318, 1.9037031579265788, 1.7349952605118468, 1.6438119724853695, 1.510794482244836, 1.4638911758566155, 3.4791383225312333e-16, 0.0, 0.0]"
architecture,late_heavy,1,full_hebbian,HHH,z,hebbian,sample_x_spatial_location,channel,0.395546875,1,0,0.109375,0.4678924870096007,0.14285714285714285,1.0381020670513381,1.018884008511119,0.016220344797677158,58,50,0.9999664379283786,0.7285,0.717,6.595610863034844,2.8961909365910325,0.08250542069507281,-0.07518340835769559,4,9,1.9107823930307997,48.201800254029706,7.71560996064438,"[2000, 64, 1, 1]","[2000, 64]","[2000, 64]","{""0"": 26.51521831472892, ""1"": 15.330342608015567, ""2"": 29.207413749219214, ""3"": 26.59532587989882, ""4"": 24.480787083632272, ""5"": 29.708134021378804, ""6"": 25.30461943579662, ""7"": 20.594662294582506, ""8"": 29.97771213489893, ""9"": 27.676515653578914}","[14.48872215492457, 0.038682612456745744, 0.029974362125485605, 0.026516426748074515, 0.020023799096809965, 0.01396845268197281, 0.012892305022995777, 0.01059921971907146, 0.00919328961752691, 0.008393945944281977, 0.007852757091204227, 0.007132120103805724, 0.006753650343864542, 0.006184622006783005, 0.00566560066052424, 0.005269307373220886, 0.004984139203349003, 0.004364317140588787, 0.004076867478605848, 0.003777705566833863, 0.003597477733064907, 0.0033777783551180466, 0.0030878441439629953, 0.0029747459862794015, 0.002852055756809973, 0.0027756120526883977, 0.002489514617482151, 0.0023297564194448167, 0.002173392066212922, 0.002042072348444532, 0.0019324928418773977, 0.001697261508045647, 0.001665660659825824, 0.0015532286189728042, 0.0013894679233574778, 0.0013452058348184719, 0.0012732880272208877, 0.0011981040836055842, 0.0010616026733265194, 0.0009145786575114531, 0.0008725352138645284, 0.0007289281952360132, 0.000641889431336186, 0.0005704549351704014, 0.00048227090923955813, 0.00041597480744242303, 0.00040245619305155313, 0.00035463522156073716, 0.00031329374053267123, 0.00028779054726358857, 0.00018254502882030345, 9.134013755797988e-05, 8.1415904646496e-05, 5.9519125512488346e-05, 3.930081987787278e-05, 2.8962079170669957e-05, 1.4050005656883483e-05, 1.1495025414551559e-06, 1.550647225384875e-13, 1.0200314761951489e-13, 8.942182156246554e-14, 8.34133096070538e-14, 5.579535524173084e-14, 5.292603577192682e-14]"
architecture,late_heavy,1,hybrid_hhb,HHB,z,bp,sample_x_spatial_location,channel,0.1631171875,0.859375,0.140625,0.859375,0.8891793480675255,0.07735714285714286,16.44488118776269,5.529669736521782,0.256951268558792,55,50,0.9869810577947646,0.8560000000000001,0.907,6.5914452006467075,3.301685806890384,0.10955466610339748,-0.030670258100589695,4,9,2.498720691388526,47.10034237985401,8.157495581428233,"[2000, 64, 1, 1]","[2000, 64]","[2000, 64]","{""0"": 19.806301643904014, ""1"": 8.585945806915573, ""2"": 24.283876214878784, ""3"": 23.838429426383662, ""4"": 22.39241985216046, ""5"": 20.79382304257486, ""6"": 19.544570999943367, ""7"": 19.261356510217496, ""8"": 25.215591935620452, ""9"": 20.26156818422043}","[14.70776866057415, 6.970243865757796, 5.322980334150629, 5.21332212957974, 3.839745797908556, 3.1173776391928287, 2.988872305577661, 2.555666014377817, 2.279184520620163, 2.097034190271683, 1.9769453967184951, 1.7274551150494124, 1.6813540546831007, 1.5095487584594764, 1.4890153533552957, 1.3327652367993592, 1.2718241181471333, 1.2030440599147314, 1.100388707086757, 1.0726790592428497, 0.961238361322761, 0.9288320592636212, 0.8891519017141045, 0.8454028778139886, 0.817686641883668, 0.7913587929001634, 0.7362138478892307, 0.7126493257675486, 0.702539278900683, 0.6708904996480257, 0.636614656610662, 0.6255496641305598, 0.5632221556083777, 0.556912473743759, 0.5409019485311217, 0.502802666996297, 0.5003879308399745, 0.4733383524813107, 0.4490070125516552, 0.42269651434123795, 0.41683042622126015, 0.39659020970229864, 0.38039566715112433, 0.37375037668701994, 0.36020569269806757, 0.3405361726246317, 0.3244070909527175, 0.32072679694787065, 0.29604936950195093, 0.2762101020266625, 0.23995746872267795, 0.22788595941885134, 0.22242604838890004, 0.20680905886627285, 0.16171053382370312, 1.8777732909759132e-16, 7.750604072172767e-17, 2.966351547741257e-17, 1.152079143344857e-17, 0.0, 0.0, 0.0, 0.0, 0.0]"
architecture,late_heavy,1,hybrid_hbb,HBB,z,bp,sample_x_spatial_location,channel,0.0826875,0.9375,0.0625,0.9375,0.9293873013527989,0.05678571428571429,21.83785962297842,7.0364875685113955,0.3412165566090378,60,50,0.9696144866757095,0.8515,0.914,6.59470577557644,3.2972666156941317,0.10918023359982676,-0.02839729523254679,4,9,2.527700468994979,47.13319601149373,8.193362596747658,"[2000, 64, 1, 1]","[2000, 64]","[2000, 64]","{""0"": 19.57543031882085, ""1"": 8.617463224577099, ""2"": 23.64998155354924, ""3"": 23.623342144829635, ""4"": 22.08827285702572, ""5"": 20.482577555509323, ""6"": 19.113002547612943, ""7"": 19.595815882321734, ""8"": 24.401729610465367, ""9"": 19.564301745584807}","[33.33629824559229, 16.85343963244585, 14.583867909341972, 12.617269397930883, 10.495149433229386, 9.40988487270723, 8.48898320223144, 8.150429126080823, 6.927486499204306, 6.4110056042395485, 6.15506003721723, 5.474582048760641, 5.038668276687204, 4.629019751947738, 4.436137695142019, 4.110538325410055, 3.824940292302102, 3.6477660637753115, 3.591976109724139, 3.4203397848139754, 3.301742260915671, 3.100973409258982, 2.894866825354634, 2.8105317468972744, 2.720762684236653, 2.533051600794054, 2.5037346724366567, 2.3449564547962236, 2.2822754893251043, 2.1972415443260247, 2.0570546975175925, 1.9624962153628454, 1.9121615307261601, 1.8297697637955304, 1.7669668845826063, 1.6820821221633464, 1.5703462118187503, 1.5379323354729846, 1.4681860409044731, 1.451710869609337, 1.3733621623620909, 1.3429634052888675, 1.2911786640905158, 1.2771652276685366, 1.222828708803046, 1.1815917607644022, 1.1176476255103607, 1.072107519532399, 1.0379921194024468, 0.9943689921423946, 0.9474505206102813, 0.9163467693480819, 0.8739871135096859, 0.8169220909655599, 0.7882765008013036, 0.7451841479672721, 0.6490128278820297, 0.5374705744677607, 0.5209150739265092, 0.33199071117578177, 8.714967666107064e-17, 0.0, 0.0, 0.0]"
architecture,late_heavy,2,full_bp,BBB,z,bp,sample_x_spatial_location,channel,0.3799921875,0.625,0.375,0.625,0.8379717991982104,0.0655,17.211913830124864,6.654001911774716,0.268936153595701,40,50,0.999999983934699,0.8825,0.9245000000000001,6.0752887407190395,3.2677792376324413,0.10705181412844163,-0.007774467886434892,4,9,2.4989046193804563,47.2043880497747,8.106590869403766,"[2000, 64, 1, 1]","[2000, 64]","[2000, 64]","{""0"": 12.3303497812146, ""1"": 6.485994201823591, ""2"": 20.52514843128298, ""3"": 14.53265672181392, ""4"": 16.560009932756753, ""5"": 14.433961671113014, ""6"": 13.85470564292226, ""7"": 16.22991865591447, ""8"": 20.021424746834594, ""9"": 10.355538828619038}","[87.8317867848196, 55.56550713343856, 44.15625306789838, 39.296947465302914, 30.397611978814854, 26.272431659284635, 25.776121937238557, 23.592894140018217, 20.338395199596096, 17.985739055037303, 16.777603564631974, 15.643582774926172, 14.174555441555222, 11.8128423563435, 11.594653573413824, 10.863329952833688, 10.464747849205438, 9.81633810188295, 8.765497596289364, 8.28432162105819, 8.042271483989433, 7.558408964228677, 6.516846553144959, 6.339114943413535, 6.154622879040063, 6.041610126258443, 5.831495548997018, 5.363257831133535, 5.137929171012393, 4.641377275273529, 4.456086607988959, 4.262340529994081, 3.878280408728685, 3.521275069778261, 3.3893672342127212, 3.168027598822906, 3.113058364044907, 2.763262574845792, 2.5766169763611813, 2.266465785920294, 2.4495655933937598e-15, 1.4429136304692614e-15, 1.0243195459527108e-15, 4.933727131356807e-16, 2.047376501475409e-16, 1.424285575609116e-17, 2.0727594821000313e-31, 1.0140294987895768e-31, 5.643196753399253e-32, 2.2058523919110658e-32, 6.232840357532792e-48, 2.1328091329746433e-50, 0.0, 0.0, 0.0, 0.0, 0.0, 0.0, 0.0, 0.0, 0.0, 0.0, 0.0, 0.0]"
architecture,late_heavy,2,full_hebbian,HHH,z,hebbian,sample_x_spatial_location,channel,0.507765625,1,0,0.109375,0.4678924870096007,0.14285714285714285,1.0327818778506237,1.0162677163637976,0.016137216841415995,58,50,0.9999330218433897,0.7550000000000001,0.7655000000000001,6.6376690145322526,2.9830855337080946,0.08798931852764823,-0.02040175222567244,4,9,2.0081134161734746,47.966237528595,7.720196435047898,"[2000, 64, 1, 1]","[2000, 64]","[2000, 64]","{""0"": 22.349135065697286, ""1"": 11.984992845696212, ""2"": 26.26771236395243, ""3"": 24.397978927161123, ""4"": 25.59695163625097, ""5"": 27.150762341766438, ""6"": 22.325880951918567, ""7"": 23.21265163213645, ""8"": 28.514719542896707, ""9"": 23.4562399077234}","[24.30185298201839, 0.06308206106960007, 0.04607367184907596, 0.03445736081624728, 0.02920005434204524, 0.0235508489557689, 0.01982575678276558, 0.016380453688360115, 0.013333454842116413, 0.01179907434584727, 0.011012714950991407, 0.009170706992673458, 0.008145075617960285, 0.007739953515128657, 0.00718213756085104, 0.006698963664431999, 0.0062438257663565404, 0.005842695173695144, 0.0050123031198964696, 0.00487203104794196, 0.00465948971064908, 0.00440416428265824, 0.0041033273081029055, 0.003701551894994822, 0.0034675288528132, 0.0033010988974851146, 0.003120146661635335, 0.002977602459112866, 0.0027705329357282818, 0.0026746246958813135, 0.002467767330192267, 0.0023892775825595275, 0.002339534326196491, 0.002187479045358918, 0.0020704465657002146, 0.0019756331871174943, 0.001931622520661532, 0.0016679349691041678, 0.001638231973151784, 0.0014465936305581776, 0.0013789344367832039, 0.0011749184866898781, 0.0011459794817999548, 0.0010076937317060912, 0.0008274342797166221, 0.0007238091613635993, 0.0006654175882236995, 0.0006535669412719539, 0.00062820702495614, 0.0005589082509780959, 0.00044210374049787006, 0.0003831642279156151, 0.0003095702978386044, 0.00025069450616110086, 0.0001974859999037442, 5.98349309799878e-05, 7.4270858709008485e-06, 2.768321216355171e-06, 2.5855854467218847e-13, 1.7958843974386918e-13, 1.2801314464027424e-13, 1.215858381090889e-13, 1.0860511179621866e-13, 1.0116697766518629e-13]"
architecture,late_heavy,2,hybrid_hhb,HHB,z,bp,sample_x_spatial_location,channel,0.4581640625,0.546875,0.453125,0.546875,0.8135940260412808,0.07935714285714286,14.197359362562606,5.37447363920321,0.22183374004004072,35,50,0.9999998216517468,0.8789999999999999,0.9190000000000002,5.7637056847490005,3.266492302206793,0.10700208594206104,0.007579306800716115,4,9,2.4196262189214406,47.20089930548202,8.091443170698923,"[2000, 64, 1, 1]","[2000, 64]","[2000, 64]","{""0"": 15.843607840765042, ""1"": 6.361980382883312, ""2"": 14.596714779288215, ""3"": 11.30771629830443, ""4"": 14.365525403340124, ""5"": 12.012018446921568, ""6"": 12.211139306193688, ""7"": 14.09275552110637, ""8"": 15.394954490898677, ""9"": 9.351711100183774}","[28.74961132879423, 14.124810944727596, 12.969184789877307, 10.45255714964753, 8.683503753593588, 7.197933665655096, 6.55318016175868, 6.181826559202402, 5.332281899105566, 4.559494648449567, 4.264422714024214, 3.576498235358627, 3.4765308224167635, 3.216039868339452, 2.9757814213871994, 2.74123757432158, 2.6038388239225014, 2.3116069206056147, 2.2356452914849756, 2.195693392232283, 2.144591951577308, 1.8137137108912815, 1.685831711497605, 1.6254642504574661, 1.5173061500132212, 1.382283506397377, 1.3052494602601583, 1.2532285566792485, 1.2439246910004051, 1.2111981580330096, 1.146160518812327, 1.083593535820884, 0.9676509610694365, 0.9075697297878347, 0.8245813667402416, 8.155356626577603e-16, 7.398172929549804e-16, 2.5819564465648227e-16, 1.7270528534652893e-16, 8.296507561086295e-17, 5.079154386345023e-17, 2.766448771277247e-17, 1.3772600173051878e-17, 4.2871099007387084e-33, 1.9151976376006375e-33, 2.8416942707784336e-34, 6.026379960703625e-49, 1.4413350870100489e-49, 4.797251084278045e-50, 7.927377663785533e-51, 2.4129316655612915e-64, 0.0, 0.0, 0.0, 0.0, 0.0, 0.0, 0.0, 0.0, 0.0, 0.0, 0.0, 0.0, 0.0]"
architecture,late_heavy,2,hybrid_hbb,HBB,z,bp,sample_x_spatial_location,channel,0.4263515625,0.578125,0.421875,0.578125,0.8321544827658186,0.062,15.768166218085048,5.76710938448607,0.24637759715757887,37,50,1.0000004130415676,0.8775000000000001,0.9295,5.892464895636626,3.2720977783616303,0.10734215008268273,0.015583984578799427,4,9,2.490195204646108,47.18991893995613,8.106329327813567,"[2000, 64, 1, 1]","[2000, 64]","[2000, 64]","{""0"": 13.409047470109225, ""1"": 6.7337985727383725, ""2"": 15.527907795007938, ""3"": 12.344467142699926, ""4"": 17.409119590030144, ""5"": 12.452941019571206, ""6"": 12.818525005310528, ""7"": 10.414323212170675, ""8"": 17.723324055810618, ""9"": 9.94141262524312}","[45.71276782381723, 21.884591261470437, 20.873914361353133, 17.25272554798498, 13.168508967243787, 11.89071569226748, 11.258369187512944, 10.030530853237936, 9.328588200430293, 7.949663048535836, 7.527679273348983, 6.954934263347463, 6.545012875007719, 6.037708444811787, 5.162371793188534, 5.124335362769842, 4.673501968769245, 4.416696145413436, 4.21803092662244, 4.17650367028079, 3.570718792257426, 3.360244775076658, 3.255944923141879, 3.061232692631612, 2.8198758979369387, 2.6350312695663156, 2.4955685680922075, 2.324418159529858, 2.2069792062304407, 2.125746387639451, 1.9733686785023814, 1.9244911971653698, 1.8397091445774227, 1.6254425407663315, 1.4774298174150942, 1.39432352297581, 1.3528570666497335, 8.466757603303162e-16, 7.539729006113066e-16, 5.112186240809299e-16, 3.8478805050472134e-16, 9.178427885444665e-17, 1.2920724143592397e-32, 5.7370081671181175e-33, 4.063326943375788e-34, 7.272690455827828e-65, 3.60013625072148e-81, 0.0, 0.0, 0.0, 0.0, 0.0, 0.0, 0.0, 0.0, 0.0, 0.0, 0.0, 0.0, 0.0, 0.0, 0.0, 0.0, 0.0]"
architecture,late_heavy,3,full_bp,BBB,z,bp,sample_x_spatial_location,channel,0.051328125,0.96875,0.03125,0.96875,0.9179296485534437,0.05907142857142857,23.81324638097812,7.739100870497208,0.37208197470278315,62,50,0.9647360248491168,0.8615,0.9075,6.596054429472352,3.2805302654893707,0.1080580567676099,-0.024548544367206857,4,9,2.445020710522216,47.16829692340305,8.14143597384473,"[2000, 64, 1, 1]","[2000, 64]","[2000, 64]","{""0"": 19.193924287745272, ""1"": 8.749711682071993, ""2"": 23.486496140779035, ""3"": 22.847234617984853, ""4"": 21.861269578455996, ""5"": 20.897063059863022, ""6"": 18.503819706007842, ""7"": 18.985131089871345, ""8"": 23.34909264195921, ""9"": 19.172892911484468}","[126.31751276214183, 70.66357003768226, 54.16137165727883, 52.16689751268019, 44.64567450681235, 38.08889340274508, 35.370337279102785, 33.774825931103436, 29.88496076537534, 26.444557168880714, 25.85155511547569, 23.145247467339463, 22.573296669056635, 21.10419095295598, 19.512613065262503, 18.158380623367755, 16.888917609231925, 16.637418064535083, 14.129963996394764, 14.012268160953713, 13.627874265951627, 13.411084786806883, 12.982250010068759, 11.797576232131846, 11.70989430113405, 11.147103530914455, 10.564113121810392, 10.380726459749381, 10.042996676989167, 9.533435056057625, 9.206727415413306, 8.740849671575033, 7.995765891969774, 7.766452054030045, 7.532344041380285, 7.335142667948872, 7.282093059451647, 6.7722898410932535, 6.523144563480084, 6.209472874946316, 6.098671947503098, 5.818099469858514, 5.395554452060239, 5.1652045522336385, 4.734157479852255, 4.690204391192995, 4.495200951394789, 4.392989920191256, 4.238510196111306, 3.991702744183439, 3.849713080888011, 3.7549830754604634, 3.6046122799781344, 3.3145235954744625, 3.237216076286019, 2.9165306770146935, 2.830806598238419, 2.6709554474887294, 2.586514382439099, 2.421574986743239, 2.16245747944977, 1.1199999212122995, 5.683784036101171e-16, 0.0]"
architecture,late_heavy,3,full_hebbian,HHH,z,hebbian,sample_x_spatial_location,channel,0.48428125,1,0,0.109375,0.4678924870096007,0.14285714285714285,1.075187653667506,1.0369507643337426,0.01679980708855478,64,50,0.9997679240077559,0.6719999999999999,0.6715,6.616091985412168,2.738024333437546,0.07317251290599248,-0.07646900256802218,8,9,2.1470054875882165,48.50915532468395,7.4183845629208145,"[2000, 64, 1, 1]","[2000, 64]","[2000, 64]","{""0"": 27.398932285838388, ""1"": 15.24721803862574, ""2"": 29.548598832709395, ""3"": 29.699395226877826, ""4"": 25.07797772387494, ""5"": 27.63418613246353, ""6"": 25.670958514309714, ""7"": 24.91988793648242, ""8"": 31.942277749980768, ""9"": 26.312652799740817}","[1.998374741918897, 0.009440232713918511, 0.0075967144399700206, 0.006573520123380286, 0.004478413168401487, 0.004083807416176933, 0.003319155222148313, 0.0029158357766819808, 0.0026742412891844853, 0.002559941080037057, 0.002242912599840632, 0.001974577759992943, 0.0019039242033813187, 0.0015674070760532692, 0.0015404283627135208, 0.0014831762382304947, 0.0013656488160061055, 0.001281315674109657, 0.0011955257533759502, 0.0011390970629956928, 0.0010468257297107633, 0.0009526773449640083, 0.000869133354448644, 0.0008258713252753755, 0.0007788944938401136, 0.0007334892890689926, 0.0006955275709528632, 0.0006689683296254093, 0.0006219874938204595, 0.0005708611102901704, 0.0005238316583056222, 0.000496130138238432, 0.0004713745357887615, 0.0004453743330188569, 0.00042323878965283465, 0.0003877715590230051, 0.0003547756285867678, 0.0003473828406764711, 0.00031675686320104055, 0.00029770747890823753, 0.00027348575606839107, 0.000271530472786062, 0.0002480756374437185, 0.00024067766158911516, 0.00023073605401902785, 0.00022722892607358316, 0.0002139051429258377, 0.0001996441393254462, 0.00016662617938113667, 0.00012379266053242258, 0.00011509660610702802, 0.00010462371161639093, 9.82478483038246e-05, 6.565386147379885e-05, 5.569063297020755e-05, 3.0524133210488045e-05, 5.019849588643317e-06, 4.357158493801172e-06, 7.984917624313538e-07, 6.222800693455604e-07, 3.107973124327199e-07, 2.3197153218338904e-07, 1.0397912039927017e-07, 3.554344754992239e-08]"
architecture,late_heavy,3,hybrid_hhb,HHB,z,bp,sample_x_spatial_location,channel,0.1497578125,0.90625,0.09375,0.90625,0.9192468992099064,0.06964285714285715,17.058378666452423,5.604348929827552,0.2665371666633191,58,50,0.9777277742978185,0.8585,0.8965,6.5522865865151365,3.3241337854124247,0.11115754931370068,-0.041307293525548336,4,9,2.6077591579541366,47.034458698882,8.192940221694357,"[2000, 64, 1, 1]","[2000, 64]","[2000, 64]","{""0"": 20.761338208811097, ""1"": 7.558739694231865, ""2"": 25.043952184927903, ""3"": 24.10698102459265, ""4"": 22.176356683410926, ""5"": 21.216254948507004, ""6"": 19.215514874971884, ""7"": 19.197198609920665, ""8"": 25.327336412788135, ""9"": 20.659208959548497}","[6.696786753573319, 3.12133552224042, 2.451506758593886, 2.404240013207071, 1.692860440488284, 1.4147500601412046, 1.1670506064563844, 1.0986828924408136, 0.9859949114670579, 0.9210750337375118, 0.8361626290340252, 0.7442388351014801, 0.7183250119523594, 0.7099497572849037, 0.6781882949249283, 0.6423092940701863, 0.5669665821520553, 0.5579282937494462, 0.5149423645388632, 0.5053548469786833, 0.4719774667379718, 0.4589921435253198, 0.4235455472253449, 0.40810681418309575, 0.3733851351755933, 0.3700993905332368, 0.3610412633070762, 0.3457675943175049, 0.33588646715045023, 0.32900038587529634, 0.3153929698086943, 0.3030393373655978, 0.29488227926082183, 0.28195497067793085, 0.2688219162710421, 0.2598848356080068, 0.2437124957076895, 0.22748760297841505, 0.2167626615662454, 0.2146439567731131, 0.21204288900687518, 0.20289252091131713, 0.19904526876588852, 0.18537021712094776, 0.18292878896225026, 0.1727364798987668, 0.161276079059673, 0.1560366409033901, 0.1468325581798682, 0.14303337920613216, 0.1376890060333172, 0.12975584701059298, 0.12778282564839155, 0.11491780494675861, 0.10683339211170612, 0.0994080980333048, 0.0768357548056131, 0.04267798888582835, 5.163961641922666e-17, 1.1541117386122153e-17, 0.0, 0.0, 0.0, 0.0]"
architecture,late_heavy,3,hybrid_hbb,HBB,z,bp,sample_x_spatial_location,channel,0.0528359375,0.96875,0.03125,0.96875,0.9424178570309896,0.06757142857142857,24.076903613106627,8.15997530777982,0.37620161895479104,62,50,0.9604089623317122,0.8539999999999999,0.8989999999999998,6.585228297519838,3.2819568288437835,0.10810271611707131,-0.033638183843893,4,9,2.4790452249662134,47.16735249112409,8.144662559931868,"[2000, 64, 1, 1]","[2000, 64]","[2000, 64]","{""0"": 19.180565425529146, ""1"": 8.320401987364717, ""2"": 23.728004892883014, ""3"": 23.870883347447922, ""4"": 22.12728212811071, ""5"": 20.782367186569985, ""6"": 19.106084854972153, ""7"": 19.029287122655024, ""8"": 24.704714582088094, ""9"": 19.87095925307501}","[12.140701652391094, 8.301337892131016, 5.870085098041361, 5.335926943274295, 4.571706381283606, 3.6590881805500213, 3.2299724344010277, 2.91467362920955, 2.7617809021007327, 2.585276337770223, 2.393651140022651, 2.1802168012099314, 2.1555397664778977, 1.9398897334051688, 1.8873348844391304, 1.8151980653543802, 1.7857424851051944, 1.7306872212210367, 1.5760827910076587, 1.4886260308363009, 1.361334264637298, 1.3490820848412772, 1.3065897901657035, 1.2537091500967137, 1.1651381242251728, 1.1523976574803274, 1.0673029068774342, 1.0466227969184254, 1.0168496201044326, 0.9754712658588961, 0.9294784598859033, 0.8758639163783286, 0.8547852999847007, 0.8277279825806824, 0.7910299976131284, 0.7564308038946619, 0.7328644047584629, 0.7137018697896764, 0.6852764622012855, 0.6316259796909205, 0.5983072487216542, 0.5910707854670785, 0.5806392334768383, 0.5565158855539668, 0.5303326741093194, 0.5251462075518717, 0.5185211913594967, 0.4913927383304582, 0.4742865472278448, 0.46388583934137345, 0.4498902627145749, 0.4074026011947194, 0.4026188431069894, 0.3825943239868616, 0.36594891586343575, 0.33404688522578163, 0.3212412517929776, 0.3095765565179009, 0.2755442352515251, 0.23366269583871516, 0.2288909115962671, 0.20950866018763853, 2.3433177661973775e-16, 0.0]"
architecture,late_heavy,4,full_bp,BBB,z,bp,sample_x_spatial_location,channel,0.969578125,0.03125,0.96875,0.03125,0.16664684439875185,0.5064201335387776,1.6119810073743697,1.3417222729926175,0.025187203240224526,2,50,1.0000001788140616,0.5650000000000001,0.6200000000000001,1.8939494185690309,1.7627091653720952,0.03469710884914951,-0.05730293385725418,5,8,0.6230049221715446,48.849351139998525,2.432129694592492,"[2000, 64, 1, 1]","[2000, 64]","[2000, 64]","{""0"": 6.023611563464119, ""1"": 7.946201265941847, ""2"": 6.112648725735738, ""3"": 5.306473593544303, ""4"": 3.0828800429239065, ""5"": 4.08866410685453, ""6"": 6.536078117096984, ""7"": 5.46394171177807, ""8"": 3.0994887720131192, ""9"": 3.181491271613618}","[70.45364780983255, 24.075580670197322, 0.0, 0.0, 0.0, 0.0, 0.0, 0.0, 0.0, 0.0, 0.0, 0.0, 0.0, 0.0, 0.0, 0.0, 0.0, 0.0, 0.0, 0.0, 0.0, 0.0, 0.0, 0.0, 0.0, 0.0, 0.0, 0.0, 0.0, 0.0, 0.0, 0.0, 0.0, 0.0, 0.0, 0.0, 0.0, 0.0, 0.0, 0.0, 0.0, 0.0, 0.0, 0.0, 0.0, 0.0, 0.0, 0.0, 0.0, 0.0, 0.0, 0.0, 0.0, 0.0, 0.0, 0.0, 0.0, 0.0, 0.0, 0.0, 0.0, 0.0, 0.0, 0.0]"
architecture,late_heavy,4,full_hebbian,HHH,z,hebbian,sample_x_spatial_location,channel,0.4976015625,0.96875,0.03125,0.109375,0.4678924870096007,0.14285714285714285,1.0167088419254233,1.0083234141216761,0.01588607565508474,56,50,0.9999977931296371,0.834,0.8200000000000001,6.441072372732436,3.126829452352801,0.09725473139481423,-0.025681985568695644,4,9,2.153916793534084,47.640355288189,8.017177757146833,"[2000, 64, 1, 1]","[2000, 64]","[2000, 64]","{""0"": 17.220240551247493, ""1"": 9.130987070710272, ""2"": 20.370657288319837, ""3"": 19.091180719917517, ""4"": 16.24276011018057, ""5"": 20.471100238816817, ""6"": 17.21427006537149, ""7"": 16.811244110681788, ""8"": 22.862661439567823, ""9"": 18.019984012731644}","[462.3568418251651, 0.8664037377026117, 0.5250227352000039, 0.45579376003595024, 0.3135575753831331, 0.227516483695793, 0.19534432052163006, 0.1741667525932665, 0.1358962937569097, 0.1303522376540615, 0.10491280786058331, 0.08342173857035166, 0.07105262309996087, 0.06458761966605296, 0.04623159201760384, 0.04189689213116528, 0.03665545986873977, 0.03426685483621908, 0.03090079538058453, 0.029336965408092927, 0.025286627391862423, 0.022252833863286206, 0.02048659400569811, 0.019303699234608826, 0.019266417707072162, 0.017654193252858785, 0.016791781912455533, 0.015037229916982971, 0.01484569884193456, 0.012642856189888233, 0.01139666585028019, 0.009427145996179715, 0.009071221277934454, 0.008230776582143199, 0.007768940395563345, 0.006798179729018978, 0.005972190395489851, 0.005314144948943888, 0.005157150635617757, 0.004738948027306483, 0.004643427151922644, 0.0038207253964515843, 0.003464073616630673, 0.003036385638579454, 0.0028677195451230295, 0.0018017311958287727, 0.0009329751021657231, 0.0008104696686720889, 0.0006342541609469184, 0.0005596163573828518, 0.0004492986100948064, 0.0003130379775849965, 0.00018523220877328747, 5.2834022241890935e-05, 5.070731567777522e-05, 4.436993417379075e-06, 1.7312850092503854e-12, 6.467474640705396e-14, 7.605951389654956e-15, 1.3119216261115248e-17, 2.845412780413249e-18, 0.0, 0.0, 0.0]"
architecture,late_heavy,4,hybrid_hhb,HHB,z,bp,sample_x_spatial_location,channel,0.984375,0.015625,0.984375,0.015625,0,1,1,1,0.015625,1,50,1.0000002384187532,0.2995,0.28850000000000003,1.8018213090798054,1.2269696927236493,0.017763812161928103,-0.11464058810305669,4,9,0.5478432468096597,49.52698386801939,1.6006529125803652,"[2000, 64, 1, 1]","[2000, 64]","[2000, 64]","{""0"": 6.019494080570174, ""1"": 7.542349861663246, ""2"": 6.096718390385367, ""3"": 5.071459517512795, ""4"": 3.055755320596112, ""5"": 4.098367374161936, ""6"": 7.016453224156662, ""7"": 5.051916262921958, ""8"": 3.139721086711525, ""9"": 3.070889035020625}","[29.66614873751501, 0.0, 0.0, 0.0, 0.0, 0.0, 0.0, 0.0, 0.0, 0.0, 0.0, 0.0, 0.0, 0.0, 0.0, 0.0, 0.0, 0.0, 0.0, 0.0, 0.0, 0.0, 0.0, 0.0, 0.0, 0.0, 0.0, 0.0, 0.0, 0.0, 0.0, 0.0, 0.0, 0.0, 0.0, 0.0, 0.0, 0.0, 0.0, 0.0, 0.0, 0.0, 0.0, 0.0, 0.0, 0.0, 0.0, 0.0, 0.0, 0.0, 0.0, 0.0, 0.0, 0.0, 0.0, 0.0, 0.0, 0.0, 0.0, 0.0, 0.0, 0.0, 0.0, 0.0]"
architecture,late_heavy,4,hybrid_hbb,HBB,z,bp,sample_x_spatial_location,channel,0.9238359375,0.078125,0.921875,0.078125,0.386978997220384,0.2019694327623346,4.413891280934985,3.266159356462023,0.06896705126460914,5,50,0.9999999776482974,0.774,0.8480000000000001,2.6412946255243255,2.336282959005042,0.05510917759432641,0.032100731913126,4,9,1.0394635886810681,48.348693447883946,4.083953003431745,"[2000, 64, 1, 1]","[2000, 64]","[2000, 64]","{""0"": 6.256931335498081, ""1"": 7.852901522059469, ""2"": 7.4906605098764425, ""3"": 5.465931953538736, ""4"": 4.436611358195502, ""5"": 4.5813666038765355, ""6"": 6.5323848297449505, ""7"": 4.8906317537096635, ""8"": 3.5878033661997506, ""9"": 4.872296132719297}","[103.53063673297282, 83.98699738543701, 65.71296052817488, 52.69047536963735, 32.22648782964792, 1.4951135408775285e-14, 1.1450122844627043e-14, 1.1388772787922347e-30, 1.7697704428160551e-47, 1.2289016480514017e-62, 9.335236939536964e-81, 7.583764353085602e-113, 6.06518914279717e-128, 4.4941570413647606e-130, 4.311266955991069e-176, 4.306288158568759e-196, 0.0, 0.0, 0.0, 0.0, 0.0, 0.0, 0.0, 0.0, 0.0, 0.0, 0.0, 0.0, 0.0, 0.0, 0.0, 0.0, 0.0, 0.0, 0.0, 0.0, 0.0, 0.0, 0.0, 0.0, 0.0, 0.0, 0.0, 0.0, 0.0, 0.0, 0.0, 0.0, 0.0, 0.0, 0.0, 0.0, 0.0, 0.0, 0.0, 0.0, 0.0, 0.0, 0.0, 0.0, 0.0, 0.0, 0.0, 0.0]"
